/I1/IN (VY=-0.1) X,/I1/IN (VY=-0.1) Y,/I1/IN (VY=-0.08947368) X,/I1/IN (VY=-0.08947368) Y,/I1/IN (VY=-0.07894737) X,/I1/IN (VY=-0.07894737) Y,/I1/IN (VY=-0.06842105) X,/I1/IN (VY=-0.06842105) Y,/I1/IN (VY=-0.05789474) X,/I1/IN (VY=-0.05789474) Y,/I1/IN (VY=-0.04736842) X,/I1/IN (VY=-0.04736842) Y,/I1/IN (VY=-0.03684211) X,/I1/IN (VY=-0.03684211) Y,/I1/IN (VY=-0.02631579) X,/I1/IN (VY=-0.02631579) Y,/I1/IN (VY=-0.01578947) X,/I1/IN (VY=-0.01578947) Y,/I1/IN (VY=-0.005263158) X,/I1/IN (VY=-0.005263158) Y,/I1/IN (VY=0.005263158) X,/I1/IN (VY=0.005263158) Y,/I1/IN (VY=0.01578947) X,/I1/IN (VY=0.01578947) Y,/I1/IN (VY=0.02631579) X,/I1/IN (VY=0.02631579) Y,/I1/IN (VY=0.03684211) X,/I1/IN (VY=0.03684211) Y,/I1/IN (VY=0.04736842) X,/I1/IN (VY=0.04736842) Y,/I1/IN (VY=0.05789474) X,/I1/IN (VY=0.05789474) Y,/I1/IN (VY=0.06842105) X,/I1/IN (VY=0.06842105) Y,/I1/IN (VY=0.07894737) X,/I1/IN (VY=0.07894737) Y,/I1/IN (VY=0.08947368) X,/I1/IN (VY=0.08947368) Y,/I1/IN (VY=0.1) X,/I1/IN (VY=0.1) Y
0,-3.577476088093424e-10,0,-3.573079451022727e-10,0,-3.571490118257635e-10,0,-3.573452861829872e-10,0,-3.579519631091412e-10,0,-3.590178267904668e-10,0,-3.605433655215528e-10,0,-3.627948857130858e-10,0,-3.658749504807744e-10,0,-3.700819543920691e-10,0,-3.757966272430421e-10,0,-3.834846866208349e-10,0,-3.934367738623657e-10,0,-4.057675023628389e-10,0,-4.206253381188142e-10,0,-4.37954042885555e-10,0,-4.574392941022467e-10,0,-4.785011618909491e-10,0,-5.003590264083331e-10,0,-5.219160870005765e-10
1e-06,-3.577509088974434e-10,1e-06,-3.573041267153972e-10,1e-06,-3.571379156667178e-10,1e-06,-3.573265650400369e-10,1e-06,-3.579252440450553e-10,1e-06,-3.589828137121154e-10,1e-06,-3.605631183247217e-10,1e-06,-3.627796443168746e-10,1e-06,-3.658304330883033e-10,1e-06,-3.70013040964979e-10,1e-06,-3.757082494697949e-10,1e-06,-3.833816234733765e-10,1e-06,-3.933231519862053e-10,1e-06,-4.056447007071624e-10,1e-06,-4.204923574833416e-10,1e-06,-4.378087193147314e-10,1e-06,-4.572766764202886e-10,1e-06,-4.783158830797936e-10,1e-06,-5.001479981129795e-10,1e-06,-5.218788912302788e-10
2.861263013676965e-06,-3.577543490652852e-10,2.861263013676965e-06,-3.57287846842411e-10,2.86126301367703e-06,-3.570997693169255e-10,2.861263013677094e-06,-3.572645734855217e-10,2.861263013677159e-06,-3.578377234290407e-10,2.861263013677159e-06,-3.588685209981889e-10,2.861263013677223e-06,-3.604208212111796e-10,2.861263013677288e-06,-3.626088630112235e-10,2.861263013677352e-06,-3.656325183262837e-10,2.861263013677352e-06,-3.69790306164295e-10,2.861263013677417e-06,-3.754640661832694e-10,2.861263013677417e-06,-3.831204893694146e-10,2.861263013677482e-06,-3.93055133135081e-10,2.861263013677482e-06,-4.053771095573273e-10,2.861263013677482e-06,-4.20232844715309e-10,2.861263013677482e-06,-4.375649900650588e-10,2.861263013677482e-06,-4.570551261292062e-10,2.861263013677546e-06,-4.781207435225392e-10,2.861263013677482e-06,-4.999807872362116e-10,2.861263013677482e-06,-5.217732419087822e-10
4.968989759853665e-06,-3.57758595964229e-10,4.968989759853647e-06,-3.572680946541684e-10,4.968989759853691e-06,-3.57053332711288e-10,4.968989759854081e-06,-3.571889661510524e-10,4.968989759853924e-06,-3.577308192951805e-10,4.968989759853905e-06,-3.587287311873132e-10,4.968989759853948e-06,-3.602472023227635e-10,4.968989759854284e-06,-3.624012921835474e-10,4.96898975985442e-06,-3.653921678951881e-10,4.96898975985442e-06,-3.695196041526366e-10,4.968989759854683e-06,-3.751668608044311e-10,4.968989759854683e-06,-3.828022719129407e-10,4.968989759854818e-06,-3.927288820074844e-10,4.968989759854818e-06,-4.050526277629365e-10,4.968989759854837e-06,-4.199205679103885e-10,4.968989759854837e-06,-4.372755330870377e-10,4.968989759854782e-06,-4.567980207402441e-10,4.968989759854916e-06,-4.779031458420597e-10,4.968989759854874e-06,-4.998065290552026e-10,4.968989759854891e-06,-5.21648076927674e-10
9.184443252207066e-06,-3.577690972258193e-10,9.184443252207012e-06,-3.572288007870098e-10,9.184443252207012e-06,-3.569586006679448e-10,9.184443252208055e-06,-3.570335467648207e-10,9.184443252207452e-06,-3.575101956843278e-10,9.184443252207398e-06,-3.584394907705706e-10,9.184443252207398e-06,-3.598875036031879e-10,9.184443252208277e-06,-3.619711106157099e-10,9.184443252208555e-06,-3.648936564030271e-10,9.184443252208555e-06,-3.689575996958812e-10,9.184443252209214e-06,-3.745492536997821e-10,9.184443252209214e-06,-3.821405356498442e-10,9.18444325220949e-06,-3.920503860701222e-10,9.18444325220949e-06,-4.043786555486444e-10,9.184443252209546e-06,-4.192734905084408e-10,9.184443252209546e-06,-4.366781136386565e-10,9.18444325220938e-06,-4.562709089938217e-10,9.184443252209656e-06,-4.774620475849574e-10,9.184443252209658e-06,-4.99460142014202e-10,9.184443252209709e-06,-5.213937015227669e-10
1.761535023691387e-05,-3.577962319948685e-10,1.761535023691374e-05,-3.571557824381411e-10,1.761535023691366e-05,-3.567741512579957e-10,1.7615350236916e-05,-3.567271806103013e-10,1.761535023691451e-05,-3.570728991595758e-10,1.761535023691438e-05,-3.578644430034437e-10,1.76153502369143e-05,-3.591707249364264e-10,1.761535023691626e-05,-3.611124237018806e-10,1.761535023691683e-05,-3.638974670600677e-10,1.761535023691683e-05,-3.67833659224527e-10,1.761535023691828e-05,-3.733133862087813e-10,1.761535023691828e-05,-3.808156468230385e-10,1.761535023691883e-05,-3.906895547197639e-10,1.761535023691883e-05,-4.030257540619708e-10,1.761535023691896e-05,-4.179731879963961e-10,1.761535023691896e-05,-4.354759020660305e-10,1.761535023691858e-05,-4.552079296258721e-10,1.761535023691914e-05,-4.765694404473574e-10,1.761535023691923e-05,-4.987549237729186e-10,1.761535023691934e-05,-5.208812181242825e-10
3.447716420632747e-05,-3.578773844615032e-10,3.447716420632719e-05,-3.570297766846391e-10,3.447716420632694e-05,-3.564177580940586e-10,3.44771642063319e-05,-3.561187776349579e-10,3.447716420632862e-05,-3.561938809877357e-10,3.447716420632836e-05,-3.567006480423346e-10,3.44771642063281e-05,-3.577140737733775e-10,3.447716420633224e-05,-3.593623436546857e-10,3.447716420633337e-05,-3.618626307584238e-10,3.447716420633337e-05,-3.65533758275497e-10,3.44771642063364e-05,-3.707806342718505e-10,3.44771642063364e-05,-3.780969447817705e-10,3.447716420633752e-05,-3.878884216461403e-10,3.447716420633752e-05,-4.002390818428766e-10,3.447716420633781e-05,-4.152941525328201e-10,3.447716420633781e-05,-4.329996018062079e-10,3.447716420633697e-05,-4.530206540335503e-10,3.44771642063381e-05,-4.747366073352853e-10,3.447716420633836e-05,-4.973123342387187e-10,3.447716420633862e-05,-5.198298053414455e-10
5.447716420632746e-05,-3.580235234000573e-10,5.447716420632719e-05,-3.569202277863482e-10,5.447716420632695e-05,-3.560240854041581e-10,5.44771642063319e-05,-3.554144984704787e-10,5.447716420632863e-05,-3.551562020553659e-10,5.447716420632836e-05,-3.553121075352661e-10,5.44771642063281e-05,-3.559643247064742e-10,5.447716420633223e-05,-3.57250314790791e-10,5.447716420633337e-05,-3.593986312819141e-10,5.447716420633337e-05,-3.627415455469137e-10,5.447716420633641e-05,-3.67699215686278e-10,5.447716420633641e-05,-3.747832729317924e-10,5.447716420633752e-05,-3.844579244690731e-10,5.447716420633752e-05,-3.968217720222325e-10,5.44771642063378e-05,-4.120054062013777e-10,5.44771642063378e-05,-4.299575904982432e-10,5.447716420633696e-05,-4.503326898984335e-10,5.44771642063381e-05,-4.724839144675907e-10,5.447716420633836e-05,-4.955389925924883e-10,5.447716420633862e-05,-5.185433232011506e-10
7.447716420632746e-05,-3.582287762093644e-10,7.447716420632719e-05,-3.568580313001347e-10,7.447716420632695e-05,-3.556649066638188e-10,7.447716420633189e-05,-3.547308309990584e-10,7.447716420632863e-05,-3.541243671951935e-10,7.447716420632836e-05,-3.53913867693859e-10,7.44771642063281e-05,-3.541889178969581e-10,7.447716420633223e-05,-3.550962938393548e-10,7.447716420633337e-05,-3.568762546720844e-10,7.447716420633337e-05,-3.598749975819799e-10,7.447716420633641e-05,-3.645284156177843e-10,7.447716420633641e-05,-3.713667658636264e-10,7.447716420633752e-05,-3.809024303095428e-10,7.447716420633752e-05,-3.93275425332087e-10,7.44771642063378e-05,-4.085895956013855e-10,7.44771642063378e-05,-4.2679717168617e-10,7.447716420633696e-05,-4.475413643273642e-10,7.44771642063381e-05,-4.701478255606771e-10,7.447716420633836e-05,-4.937047587479773e-10,7.447716420633862e-05,-5.17212381246107e-10
9.447716420632746e-05,-3.584979170000216e-10,9.447716420632719e-05,-3.568489742516538e-10,9.447716420632695e-05,-3.55347145545604e-10,9.447716420633189e-05,-3.540759881676343e-10,9.447716420632863e-05,-3.531080201868164e-10,9.447716420632835e-05,-3.525171489490562e-10,9.44771642063281e-05,-3.524003771400147e-10,9.447716420633223e-05,-3.529142111241881e-10,9.447716420633337e-05,-3.543110247187801e-10,9.447716420633337e-05,-3.569513195509418e-10,9.44771642063364e-05,-3.612870519355373e-10,9.44771642063364e-05,-3.678675354616517e-10,9.447716420633752e-05,-3.772409439997979e-10,9.447716420633752e-05,-3.89618136370222e-10,9.44771642063378e-05,-4.050628698347026e-10,9.44771642063378e-05,-4.235315263284918e-10,9.447716420633696e-05,-4.446558368803803e-10,9.44771642063381e-05,-4.677325383933109e-10,9.447716420633836e-05,-4.918081412783311e-10,9.447716420633861e-05,-5.15841410894785e-10
0.0001144771642063275,-3.58835811081528e-10,0.0001144771642063272,-3.568974474263039e-10,0.0001144771642063269,-3.550745616917828e-10,0.0001144771642063319,-3.534530170065311e-10,0.0001144771642063286,-3.521094454205223e-10,0.0001144771642063284,-3.511234598872231e-10,0.0001144771642063281,-3.505998553801156e-10,0.0001144771642063322,-3.507049579934234e-10,0.0001144771642063334,-3.517035750371503e-10,0.0001144771642063334,-3.539708880533082e-10,0.0001144771642063364,-3.579753068014322e-10,0.0001144771642063364,-3.642856632684082e-10,0.0001144771642063375,-3.73473992687719e-10,0.0001144771642063375,-3.858489312035356e-10,0.0001144771642063378,-4.014247925774581e-10,0.0001144771642063378,-4.201611851289814e-10,0.000114477164206337,-4.416782404444905e-10,0.0001144771642063381,-4.652424927440945e-10,0.0001144771642063384,-4.898565132447674e-10,0.0001144771642063386,-5.14440094882457e-10
0.0001344771642063275,-3.592464381290164e-10,0.0001344771642063272,-3.570085483760375e-10,0.000134477164206327,-3.548535498326311e-10,0.0001344771642063319,-3.528696845071402e-10,0.0001344771642063286,-3.511378980803176e-10,0.0001344771642063284,-3.497436997314399e-10,0.0001344771642063281,-3.487996424659754e-10,0.0001344771642063322,-3.484823888304421e-10,0.0001344771642063334,-3.49069558188666e-10,0.0001344771642063334,-3.509512705295901e-10,0.0001344771642063364,-3.54612652770236e-10,0.0001344771642063364,-3.606422388464335e-10,0.0001344771642063375,-3.696333116263045e-10,0.0001344771642063375,-3.819874883727848e-10,0.0001344771642063378,-3.976931769741808e-10,0.0001344771642063378,-4.167008932708979e-10,0.000134477164206337,-4.386190889984068e-10,0.0001344771642063381,-4.626829878947257e-10,0.0001344771642063384,-4.878492711223557e-10,0.0001344771642063386,-5.130203211461229e-10
0.0001544771642063275,-3.597334035274051e-10,0.0001544771642063272,-3.571856417246709e-10,0.000154477164206327,-3.546872139617134e-10,0.0001544771642063319,-3.523287832548122e-10,0.0001544771642063286,-3.501957820454713e-10,0.0001544771642063284,-3.483799018615869e-10,0.0001544771642063281,-3.470018643106426e-10,0.0001544771642063322,-3.462488127705494e-10,0.0001544771642063334,-3.464115249245216e-10,0.0001544771642063334,-3.478953424670469e-10,0.0001544771642063364,-3.512023544771817e-10,0.0001544771642063364,-3.569409583710185e-10,0.0001544771642063375,-3.657261898107728e-10,0.0001544771642063375,-3.780370103516569e-10,0.0001544771642063378,-3.938714846709312e-10,0.0001544771642063378,-4.131544853540401e-10,0.000154477164206337,-4.354829384079708e-10,0.0001544771642063381,-4.600598252320376e-10,0.0001544771642063384,-4.858012874349576e-10,0.0001544771642063386,-5.115823016954249e-10
0.0001744771642063275,-3.602991065908931e-10,0.0001744771642063272,-3.5743245652913e-10,0.000174477164206327,-3.545806401528226e-10,0.0001744771642063319,-3.518369741344973e-10,0.0001744771642063286,-3.492914152526343e-10,0.0001744771642063284,-3.470421506426983e-10,0.0001744771642063281,-3.45218177863957e-10,0.0001744771642063322,-3.440176797139518e-10,0.0001744771642063334,-3.437449500214595e-10,0.0001744771642063334,-3.448207956022267e-10,0.0001744771642063364,-3.477643566904617e-10,0.0001744771642063364,-3.532037143200799e-10,0.0001744771642063375,-3.617748417377882e-10,0.0001744771642063375,-3.740187685246333e-10,0.0001744771642063378,-3.899791292722822e-10,0.0001744771642063378,-4.095381482879934e-10,0.000174477164206337,-4.322814438903265e-10,0.0001744771642063381,-4.573790919691658e-10,0.0001744771642063384,-4.837266548466238e-10,0.0001744771642063386,-5.101308282424445e-10
0.0001944771642063275,-3.609466105171055e-10,0.0001944771642063272,-3.577521755803711e-10,0.0001944771642063269,-3.54537058876803e-10,0.0001944771642063319,-3.5139743268549e-10,0.0001944771642063286,-3.484280208482395e-10,0.0001944771642063284,-3.457336827084853e-10,0.0001944771642063281,-3.43452329194567e-10,0.0001944771642063322,-3.417933742960074e-10,0.0001944771642063334,-3.410749353394573e-10,0.0001944771642063334,-3.417335931874903e-10,0.0001944771642063364,-3.443055840324141e-10,0.0001944771642063364,-3.494383652607947e-10,0.0001944771642063375,-3.577887838895121e-10,0.0001944771642063375,-3.699407425550079e-10,0.0001944771642063378,-3.860240573215948e-10,0.0001944771642063378,-4.058595568768784e-10,0.000194477164206337,-4.29022053593687e-10,0.0001944771642063381,-4.546515020558553e-10,0.0001944771642063384,-4.816358869684137e-10,0.0001944771642063386,-5.086660398840733e-10
0.0002144771642063275,-3.616782241892712e-10,0.0002144771642063272,-3.581485719965105e-10,0.0002144771642063269,-3.545617900016726e-10,0.0002144771642063319,-3.5101709795279e-10,0.0002144771642063286,-3.476142590717777e-10,0.0002144771642063284,-3.444650991048312e-10,0.0002144771642063281,-3.417166096478127e-10,0.0002144771642063322,-3.395901428335509e-10,0.0002144771642063334,-3.384179752067816e-10,0.0002144771642063334,-3.38652693827871e-10,0.0002144771642063364,-3.408475077532738e-10,0.0002144771642063364,-3.45668628830578e-10,0.0002144771642063375,-3.537924605689735e-10,0.0002144771642063375,-3.658289079160215e-10,0.0002144771642063378,-3.820281775210208e-10,0.0002144771642063378,-4.021371462162341e-10,0.000214477164206337,-4.257182701289937e-10,0.0002144771642063381,-4.519039494520467e-10,0.0002144771642063384,-4.795299504663566e-10,0.0002144771642063386,-5.07192038137832e-10
0.0002344771642063275,-3.624966825488489e-10,0.0002344771642063272,-3.586248212084794e-10,0.0002344771642063269,-3.546584098889456e-10,0.0002344771642063319,-3.506999174843859e-10,0.0002344771642063286,-3.46854398110115e-10,0.0002344771642063284,-3.432411209859258e-10,0.0002344771642063281,-3.400166992587461e-10,0.0002344771642063322,-3.374147084153425e-10,0.0002344771642063334,-3.357820019310101e-10,0.0002344771642063334,-3.355874001298894e-10,0.0002344771642063364,-3.374008725398069e-10,0.0002344771642063364,-3.419066220900505e-10,0.0002344771642063375,-3.497998800492428e-10,0.0002344771642063375,-3.617111152627923e-10,0.0002344771642063378,-3.780039912374088e-10,0.0002344771642063378,-3.983824762793224e-10,0.0002344771642063369,-4.223807841204305e-10,0.0002344771642063381,-4.491518770587966e-10,0.0002344771642063384,-4.77419022439558e-10,0.0002344771642063386,-5.057052535157669e-10
0.0002544771642063275,-3.634043628734497e-10,0.0002544771642063272,-3.591849505457644e-10,0.0002544771642063269,-3.548326725023167e-10,0.0002544771642063319,-3.504534475441492e-10,0.0002544771642063286,-3.461579207187829e-10,0.0002544771642063284,-3.420732340724386e-10,0.0002544771642063281,-3.383660569767979e-10,0.0002544771642063323,-3.35282681549287e-10,0.0002544771642063334,-3.331851043276315e-10,0.0002544771642063334,-3.325585181471288e-10,0.0002544771642063364,-3.339892036776914e-10,0.0002544771642063364,-3.381782791810321e-10,0.0002544771642063375,-3.458380295766304e-10,0.0002544771642063375,-3.57619350739793e-10,0.0002544771642063378,-3.73976168994121e-10,0.0002544771642063378,-3.946164405905816e-10,0.000254477164206337,-4.190440971722746e-10,0.0002544771642063381,-4.464036947055505e-10,0.0002544771642063384,-4.753046374385904e-10,0.0002544771642063386,-5.042080465732413e-10
0.0002744771642063275,-3.644046574604947e-10,0.0002744771642063272,-3.598331225912003e-10,0.0002744771642063269,-3.550894875740398e-10,0.0002744771642063319,-3.502833268199006e-10,0.0002744771642063286,-3.455312298988197e-10,0.0002744771642063284,-3.409686712734386e-10,0.0002744771642063281,-3.367732370784457e-10,0.0002744771642063323,-3.33204151118139e-10,0.0002744771642063334,-3.306390198556532e-10,0.0002744771642063334,-3.295795759252253e-10,0.0002744771642063364,-3.306278547778611e-10,0.0002744771642063364,-3.345006207421785e-10,0.0002744771642063375,-3.41925870284834e-10,0.0002744771642063375,-3.535718190790125e-10,0.0002744771642063378,-3.699621975474744e-10,0.0002744771642063378,-3.908548959810441e-10,0.000274477164206337,-4.157358261976411e-10,0.0002744771642063381,-4.436726261864159e-10,0.0002744771642063384,-4.731973076230207e-10,0.0002744771642063386,-5.027006537446954e-10
0.0002944771642063275,-3.655011979187429e-10,0.0002944771642063272,-3.605748040298416e-10,0.0002944771642063269,-3.554362484230328e-10,0.0002944771642063319,-3.501989488495657e-10,0.0002944771642063286,-3.449858691266018e-10,0.0002944771642063284,-3.399412882774578e-10,0.0002944771642063281,-3.352541413996343e-10,0.0002944771642063323,-3.311974649503927e-10,0.0002944771642063334,-3.28164801414858e-10,0.0002944771642063334,-3.266744693240515e-10,0.0002944771642063364,-3.273435403528516e-10,0.0002944771642063364,-3.309028527054898e-10,0.0002944771642063375,-3.380937075995264e-10,0.0002944771642063375,-3.496005350895288e-10,0.0002944771642063378,-3.659901712018093e-10,0.0002944771642063378,-3.871328723877456e-10,0.000294477164206337,-4.124741732074764e-10,0.0002944771642063381,-4.409685858683251e-10,0.0002944771642063384,-4.710996980863589e-10,0.0002944771642063386,-5.011870623087647e-10
0.0003144771642063275,-3.666993763815751e-10,0.0003144771642063272,-3.614164695628613e-10,0.0003144771642063269,-3.558805295372357e-10,0.0003144771642063319,-3.502090284202607e-10,0.0003144771642063286,-3.445317264739951e-10,0.0003144771642063283,-3.390022703595474e-10,0.0003144771642063281,-3.338216910496213e-10,0.0003144771642063323,-3.292773917256616e-10,0.0003144771642063334,-3.257793124093582e-10,0.0003144771642063334,-3.238621335718421e-10,0.0003144771642063364,-3.241571677450951e-10,0.0003144771642063364,-3.274076541350264e-10,0.0003144771642063375,-3.343659877191087e-10,0.0003144771642063375,-3.457292341231413e-10,0.0003144771642063378,-3.620865742002097e-10,0.0003144771642063378,-3.834961946826577e-10,0.000314477164206337,-4.092773063250358e-10,0.0003144771642063381,-4.383066234605279e-10,0.0003144771642063384,-4.690234013662922e-10,0.0003144771642063386,-4.996687123135502e-10
0.0003344771642063275,-3.68005509750723e-10,0.0003344771642063272,-3.62366468428525e-10,0.0003344771642063269,-3.564328091090052e-10,0.0003344771642063319,-3.503263263781237e-10,0.0003344771642063286,-3.441839658093594e-10,0.0003344771642063283,-3.381693151317672e-10,0.0003344771642063281,-3.324959369183018e-10,0.0003344771642063323,-3.274665589848861e-10,0.0003344771642063334,-3.235079949880799e-10,0.0003344771642063334,-3.211709055005307e-10,0.0003344771642063364,-3.210997800772413e-10,0.0003344771642063364,-3.240483151546251e-10,0.0003344771642063375,-3.307769059642186e-10,0.0003344771642063375,-3.419933327078228e-10,0.0003344771642063378,-3.583053921683381e-10,0.0003344771642063378,-3.799753234502801e-10,0.000334477164206337,-4.061656205430091e-10,0.0003344771642063381,-4.356988187824359e-10,0.0003344771642063384,-4.669730843137845e-10,0.0003344771642063386,-4.981510823041825e-10
0.0003544771642063275,-3.694283484389225e-10,0.0003544771642063272,-3.634349405127956e-10,0.0003544771642063269,-3.57104709453874e-10,0.0003544771642063319,-3.505640064669829e-10,0.0003544771642063286,-3.439573848224871e-10,0.0003544771642063283,-3.374588908867038e-10,0.0003544771642063281,-3.312954927054308e-10,0.0003544771642063322,-3.257858317784481e-10,0.0003544771642063334,-3.213738637085199e-10,0.0003544771642063334,-3.186259869147035e-10,0.0003544771642063364,-3.181985097083425e-10,0.0003544771642063364,-3.208534292918717e-10,0.0003544771642063375,-3.273563516918351e-10,0.0003544771642063375,-3.384218112733031e-10,0.0003544771642063378,-3.547102083202453e-10,0.0003544771642063378,-3.765936364152663e-10,0.000354477164206337,-4.031602525586041e-10,0.0003544771642063381,-4.331626212384453e-10,0.0003544771642063384,-4.649623285193594e-10,0.0003544771642063386,-4.966379193950936e-10
0.0003744771642063275,-3.709780777569052e-10,0.0003744771642063272,-3.646342825305996e-10,0.0003744771642063269,-3.579110351350394e-10,0.0003744771642063319,-3.509394048497943e-10,0.0003744771642063286,-3.43871974533787e-10,0.0003744771642063283,-3.368937583013422e-10,0.0003744771642063281,-3.302456889239822e-10,0.0003744771642063322,-3.242632322360499e-10,0.0003744771642063334,-3.194076631762422e-10,0.0003744771642063334,-3.162606938533271e-10,0.0003744771642063364,-3.154889857854674e-10,0.0003744771642063364,-3.178602773386674e-10,0.0003744771642063375,-3.241419815870038e-10,0.0003744771642063375,-3.350529325230359e-10,0.0003744771642063378,-3.5134493276138e-10,0.0003744771642063378,-3.73382183758938e-10,0.000374477164206337,-4.00283746976014e-10,0.0003744771642063381,-4.307126824421634e-10,0.0003744771642063384,-4.629965128617254e-10,0.0003744771642063386,-4.951373021314526e-10
0.0003944771642063275,-3.726676317936027e-10,0.0003944771642063272,-3.659791348347761e-10,0.0003944771642063269,-3.588682632631872e-10,0.0003944771642063319,-3.514709647329288e-10,0.0003944771642063286,-3.439481494535486e-10,0.0003944771642063283,-3.364964024214227e-10,0.0003944771642063281,-3.293714488154704e-10,0.0003944771642063322,-3.229260069568788e-10,0.0003944771642063334,-3.176388356928718e-10,0.0003944771642063334,-3.141062794900074e-10,0.0003944771642063364,-3.130039206718561e-10,0.0003944771642063364,-3.151023531081208e-10,0.0003944771642063375,-3.21167789329734e-10,0.0003944771642063375,-3.319436544407308e-10,0.0003944771642063378,-3.48239618511933e-10,0.0003944771642063378,-3.703669226310753e-10,0.000394477164206337,-3.975596597896737e-10,0.0003944771642063381,-4.283689446740951e-10,0.0003944771642063384,-4.6108941881407e-10,0.0003944771642063386,-4.936562332729261e-10
0.0004144771642063275,-3.745114737981274e-10,0.0004144771642063272,-3.674863998745093e-10,0.0004144771642063269,-3.599959110681551e-10,0.0004144771642063319,-3.521809781384571e-10,0.0004144771642063286,-3.442110769556595e-10,0.0004144771642063283,-3.362949261781244e-10,0.0004144771642063281,-3.287035607300208e-10,0.0004144771642063322,-3.218074660282909e-10,0.0004144771642063334,-3.161030263874733e-10,0.0004144771642063334,-3.122004171677963e-10,0.0004144771642063364,-3.107823530571246e-10,0.0004144771642063364,-3.126194239007576e-10,0.0004144771642063375,-3.184730752199002e-10,0.0004144771642063375,-3.291546847154825e-10,0.0004144771642063378,-3.454293780996306e-10,0.0004144771642063378,-3.675823339338308e-10,0.000414477164206337,-3.950118598587131e-10,0.0004144771642063381,-4.261484292452111e-10,0.0004144771642063384,-4.592518533670218e-10,0.0004144771642063386,-4.922057848510659e-10
0.0004344771642063275,-3.765267034940927e-10,0.0004344771642063272,-3.69175148977407e-10,0.0004344771642063269,-3.613152339537366e-10,0.0004344771642063319,-3.530929473209508e-10,0.0004344771642063286,-3.446865942564497e-10,0.0004344771642063283,-3.363174914983078e-10,0.0004344771642063281,-3.282726638749123e-10,0.0004344771642063322,-3.209405271478012e-10,0.0004344771642063334,-3.148349346329078e-10,0.0004344771642063334,-3.105790250443591e-10,0.0004344771642063364,-3.088606469544762e-10,0.0004344771642063364,-3.104476501029315e-10,0.0004344771642063375,-3.161031278075855e-10,0.0004344771642063375,-3.267178059988677e-10,0.0004344771642063378,-3.429435084742933e-10,0.0004344771642063378,-3.650751212475137e-10,0.000434477164206337,-3.926651368535968e-10,0.0004344771642063381,-4.240730882866728e-10,0.0004344771642063384,-4.575027820651666e-10,0.0004344771642063386,-4.907780467249088e-10
0.0004544771642063275,-3.787316664726513e-10,0.0004544771642063272,-3.710663122313317e-10,0.0004544771642063269,-3.628499829016927e-10,0.0004544771642063319,-3.542335823097015e-10,0.0004544771642063286,-3.454044520795037e-10,0.0004544771642063283,-3.365968604222995e-10,0.0004544771642063281,-3.281140657435842e-10,0.0004544771642063322,-3.203627055409367e-10,0.0004544771642063334,-3.138738262954126e-10,0.0004544771642063334,-3.092824169401664e-10,0.0004544771642063364,-3.072793578142504e-10,0.0004544771642063364,-3.086269910380247e-10,0.0004544771642063375,-3.141304471080283e-10,0.0004544771642063375,-3.246675136087106e-10,0.0004544771642063378,-3.408139024313386e-10,0.0004544771642063378,-3.62880126198286e-10,0.000454477164206337,-3.905435626946739e-10,0.0004544771642063381,-4.221617333376648e-10,0.0004544771642063384,-4.558555229143919e-10,0.0004544771642063386,-4.89376107047608e-10
0.0004744771642063275,-3.811468538132062e-10,0.0004744771642063272,-3.731826248046948e-10,0.0004744771642063269,-3.646253012110339e-10,0.0004744771642063319,-3.556306036086478e-10,0.0004744771642063286,-3.463949620868221e-10,0.0004744771642063283,-3.371658241194338e-10,0.0004744771642063281,-3.282630015773086e-10,0.0004744771642063322,-3.201111666987415e-10,0.0004744771642063334,-3.132580746612843e-10,0.0004744771642063334,-3.08349251387324e-10,0.0004744771642063364,-3.060765069644782e-10,0.0004744771642063364,-3.071947203313621e-10,0.0004744771642063375,-3.125936484353014e-10,0.0004744771642063375,-3.23032843519136e-10,0.0004744771642063378,-3.390674258871626e-10,0.0004744771642063378,-3.610210879677885e-10,0.000474477164206337,-3.886721772564433e-10,0.0004744771642063381,-4.204378033156158e-10,0.0004744771642063384,-4.543121109929613e-10,0.0004744771642063386,-4.880169235404335e-10
0.0004944771642063275,-3.837935131202651e-10,0.0004944771642063272,-3.755480772110366e-10,0.0004944771642063269,-3.666681648818758e-10,0.0004944771642063319,-3.573141354155783e-10,0.0004944771642063287,-3.476914170903811e-10,0.0004944771642063283,-3.380607157753831e-10,0.0004944771642063281,-3.287582118200172e-10,0.0004944771642063322,-3.202264196787941e-10,0.0004944771642063334,-3.130291588035991e-10,0.0004944771642063334,-3.078210158113337e-10,0.0004944771642063365,-3.052926140628224e-10,0.0004944771642063365,-3.062193614051834e-10,0.0004944771642063375,-3.115228601964872e-10,0.0004944771642063375,-3.218441593930791e-10,0.0004944771642063378,-3.377322067401227e-10,0.0004944771642063378,-3.595259863911261e-10,0.000494477164206337,-3.870748122060912e-10,0.0004944771642063381,-4.189214983396335e-10,0.0004944771642063384,-4.528786278497284e-10,0.0004944771642063386,-4.867206969385422e-10
0.0005144771642063275,-3.866944475367056e-10,0.0005144771642063273,-3.781878916520628e-10,0.000514477164206327,-3.69006502558894e-10,0.000514477164206332,-3.593149697261782e-10,0.0005144771642063287,-3.493275349378176e-10,0.0005144771642063284,-3.393178606260201e-10,0.0005144771642063282,-3.296383410134765e-10,0.0005144771642063323,-3.20748771796495e-10,0.0005144771642063335,-3.13227938148239e-10,0.0005144771642063335,-3.077379596603997e-10,0.0005144771642063365,-3.049662537243713e-10,0.0005144771642063365,-3.057541316781338e-10,0.0005144771642063376,-3.109500041951728e-10,0.0005144771642063376,-3.211277632371972e-10,0.0005144771642063378,-3.368328780073451e-10,0.0005144771642063378,-3.584173942323034e-10,0.0005144771642063371,-3.857770406812833e-10,0.0005144771642063381,-4.176205843083424e-10,0.0005144771642063385,-4.515823114231497e-10,0.0005144771642063387,-4.855087287802872e-10
0.0005344771642063276,-3.898732813306115e-10,0.0005344771642063274,-3.81128613089402e-10,0.000534477164206327,-3.716701216587012e-10,0.000534477164206332,-3.616663844289164e-10,0.0005344771642063288,-3.513400202344378e-10,0.0005344771642063284,-3.409771205418646e-10,0.0005344771642063282,-3.309455966110961e-10,0.0005344771642063323,-3.217218933488829e-10,0.0005344771642063335,-3.138984496134277e-10,0.0005344771642063335,-3.081432807342827e-10,0.0005344771642063366,-3.051469416227757e-10,0.0005344771642063366,-3.058325380036684e-10,0.0005344771642063377,-3.109038947272094e-10,0.0005344771642063377,-3.20912155587353e-10,0.0005344771642063379,-3.363961714338375e-10,0.0005344771642063379,-3.577225171033977e-10,0.0005344771642063371,-3.848203347406927e-10,0.0005344771642063382,-4.165452367176729e-10,0.0005344771642063385,-4.504458404814084e-10,0.0005344771642063387,-4.844065656259228e-10
0.0005544771642063276,-3.933570002550207e-10,0.0005544771642063274,-3.84403462944938e-10,0.0005544771642063271,-3.746957417985178e-10,0.0005544771642063321,-3.644088321327685e-10,0.0005544771642063288,-3.537729556319036e-10,0.0005544771642063285,-3.430858673715887e-10,0.0005544771642063283,-3.327301307135663e-10,0.0005544771642063324,-3.231976656686519e-10,0.0005544771642063336,-3.150929076022664e-10,0.0005544771642063336,-3.090880451581676e-10,0.0005544771642063366,-3.059164505326095e-10,0.0005544771642063366,-3.064964192541823e-10,0.0005544771642063377,-3.114238393964876e-10,0.0005544771642063377,-3.212319752690127e-10,0.0005544771642063379,-3.364557153189343e-10,0.0005544771642063379,-3.574744017473354e-10,0.0005544771642063372,-3.842423584802729e-10,0.0005544771642063382,-4.157333577639304e-10,0.0005544771642063386,-4.495111189172148e-10,0.0005544771642063388,-4.834507014649628e-10
0.0005744771642063277,-3.971327985891674e-10,0.0005744771642063275,-3.880393582365878e-10,0.0005744771642063271,-3.781139579762139e-10,0.0005744771642063321,-3.675765789522934e-10,0.0005744771642063289,-3.566642483999444e-10,0.0005744771642063285,-3.456852469162326e-10,0.0005744771642063283,-3.350355075877641e-10,0.0005744771642063324,-3.25220855704085e-10,0.0005744771642063336,-3.168560074877347e-10,0.0005744771642063336,-3.106155260202932e-10,0.0005744771642063367,-3.073182948411201e-10,0.0005744771642063367,-3.077772624688771e-10,0.0005744771642063378,-3.125372073424093e-10,0.0005744771642063378,-3.221143379130637e-10,0.000574477164206338,-3.370375203739022e-10,0.000574477164206338,-3.577001411746544e-10,0.0005744771642063372,-3.840515457518226e-10,0.0005744771642063383,-4.152137489637673e-10,0.0005744771642063386,-4.488065576636775e-10,0.0005744771642063388,-4.826727490166995e-10
0.0005944771642063277,-4.012027217530193e-10,0.0005944771642063275,-3.920289903479284e-10,0.0005944771642063272,-3.819513751385952e-10,0.0005944771642063322,-3.711995304941483e-10,0.0005944771642063289,-3.600471137662108e-10,0.0005944771642063286,-3.488114348872176e-10,0.0005944771642063284,-3.379002901079355e-10,0.0005944771642063325,-3.27831372092157e-10,0.0005944771642063337,-3.192275812476951e-10,0.0005944771642063337,-3.127817230299523e-10,0.0005944771642063367,-3.093807122492248e-10,0.0005944771642063367,-3.097034814176156e-10,0.0005944771642063378,-3.142703099604297e-10,0.0005944771642063378,-3.235817867970474e-10,0.000594477164206338,-3.381634071884358e-10,0.000594477164206338,-3.584174817298503e-10,0.0005944771642063373,-3.842735022062647e-10,0.0005944771642063384,-4.150168672411158e-10,0.0005944771642063387,-4.483641618604955e-10,0.0005944771642063389,-4.821006469263187e-10
0.0006144771642063278,-4.055839951871192e-10,0.0006144771642063276,-3.963656283372665e-10,0.0006144771642063272,-3.862195064806566e-10,0.0006144771642063322,-3.753084200177211e-10,0.000614477164206329,-3.639560755513864e-10,0.0006144771642063286,-3.525025257228498e-10,0.0006144771642063284,-3.413652389594879e-10,0.0006144771642063326,-3.310714338608236e-10,0.0006144771642063337,-3.222500051057399e-10,0.0006144771642063337,-3.156516339450018e-10,0.0006144771642063368,-3.121400251861263e-10,0.0006144771642063368,-3.123053030251082e-10,0.0006144771642063379,-3.166502019138993e-10,0.0006144771642063379,-3.256612316336846e-10,0.0006144771642063381,-3.398594522866517e-10,0.0006144771642063381,-3.596335382792868e-10,0.0006144771642063373,-3.849378675819721e-10,0.0006144771642063384,-4.151728229537751e-10,0.0006144771642063387,-4.482134898469899e-10,0.0006144771642063389,-4.817670758488027e-10
0.0006344771642063278,-4.10286829922403e-10,0.0006344771642063276,-4.010646860893642e-10,0.0006344771642063273,-3.908973902479319e-10,0.0006344771642063323,-3.799280055779051e-10,0.000634477164206329,-3.684228411024643e-10,0.0006344771642063287,-3.567937529838917e-10,0.0006344771642063285,-3.454685526311461e-10,0.0006344771642063326,-3.349812360200107e-10,0.0006344771642063338,-3.259643444483683e-10,0.0006344771642063338,-3.192620525307476e-10,0.0006344771642063368,-3.156270680288215e-10,0.0006344771642063368,-3.156140895133551e-10,0.0006344771642063379,-3.19706794078434e-10,0.0006344771642063379,-3.283798121281411e-10,0.0006344771642063381,-3.421524138648091e-10,0.0006344771642063381,-3.613712459643617e-10,0.0006344771642063374,-3.86075734782225e-10,0.0006344771642063385,-4.157174488227162e-10,0.0006344771642063388,-4.483910117609592e-10,0.000634477164206339,-4.817047131390882e-10
0.0006544771642063279,-4.153242151159636e-10,0.0006544771642063277,-4.061379641185811e-10,0.0006544771642063273,-3.959952650320452e-10,0.0006544771642063323,-3.850372548281525e-10,0.0006544771642063291,-3.734780753580615e-10,0.0006544771642063288,-3.617196979337055e-10,0.0006544771642063285,-3.502480600362918e-10,0.0006544771642063327,-3.396007620551468e-10,0.0006544771642063338,-3.304345881650037e-10,0.0006544771642063338,-3.236475273393255e-10,0.0006544771642063369,-3.19878088985886e-10,0.0006544771642063369,-3.196619081218315e-10,0.000654477164206338,-3.234702650303292e-10,0.000654477164206338,-3.317680332335274e-10,0.0006544771642063382,-3.450585982546152e-10,0.0006544771642063382,-3.636656826923986e-10,0.0006544771642063374,-3.87721075407964e-10,0.0006544771642063385,-4.167012199344473e-10,0.0006544771642063388,-4.489307209511003e-10,0.0006544771642063391,-4.819504933408686e-10
0.0006744771642063279,-4.207016447761285e-10,0.0006744771642063277,-4.115951121139975e-10,0.0006744771642063274,-4.015263396952082e-10,0.0006744771642063324,-3.906304816212714e-10,0.0006744771642063291,-3.791203651153753e-10,0.0006744771642063288,-3.673100825825599e-10,0.0006744771642063286,-3.557370115108781e-10,0.0006744771642063327,-3.449661030510185e-10,0.0006744771642063339,-3.357127835651648e-10,0.0006744771642063339,-3.288422945455046e-10,0.0006744771642063369,-3.249239727773253e-10,0.0006744771642063369,-3.244811943225373e-10,0.000674477164206338,-3.279727680525757e-10,0.000674477164206338,-3.358565944958622e-10,0.0006744771642063382,-3.485966859826685e-10,0.0006744771642063382,-3.665486056911228e-10,0.0006744771642063375,-3.899087715442234e-10,0.0006744771642063386,-4.181700309788362e-10,0.0006744771642063389,-4.498730058217225e-10,0.0006744771642063391,-4.825411686499047e-10
0.000694477164206328,-4.264254240817421e-10,0.0006944771642063278,-4.174409787867244e-10,0.0006944771642063274,-4.074952801089758e-10,0.0006944771642063324,-3.967197664765486e-10,0.0006944771642063292,-3.853183556009246e-10,0.0006944771642063289,-3.735838491176248e-10,0.0006944771642063286,-3.619647404179772e-10,0.0006944771642063328,-3.51110555183022e-10,0.000694477164206334,-3.418279050163627e-10,0.000694477164206334,-3.348758492927353e-10,0.000694477164206337,-3.307972613198979e-10,0.000694477164206337,-3.301027166581442e-10,0.0006944771642063381,-3.332449742473965e-10,0.0006944771642063381,-3.406747851047283e-10,0.0006944771642063383,-3.528009505817544e-10,0.0006944771642063383,-3.700574818631607e-10,0.0006944771642063375,-3.926692992217023e-10,0.0006944771642063386,-4.201590118655388e-10,0.0006944771642063389,-4.512552496612145e-10,0.0006944771642063392,-4.835169247257116e-10
0.000714477164206328,-4.324937670785194e-10,0.0007144771642063278,-4.236766218599465e-10,0.0007144771642063275,-4.139055075746013e-10,0.0007144771642063325,-4.033046386591836e-10,0.0007144771642063292,-3.92073491614362e-10,0.0007144771642063289,-3.804955488331427e-10,0.0007144771642063287,-3.689528406887692e-10,0.0007144771642063328,-3.580822613394893e-10,0.000714477164206334,-3.488035566403232e-10,0.000714477164206334,-3.41774149738046e-10,0.000714477164206337,-3.37523377068815e-10,0.000714477164206337,-3.365551542259435e-10,0.0007144771642063381,-3.393170747002142e-10,0.0007144771642063381,-3.462348136589775e-10,0.0007144771642063383,-3.577052338196946e-10,0.0007144771642063383,-3.742261892991478e-10,0.0007144771642063376,-3.960371961112217e-10,0.0007144771642063387,-4.227081513258099e-10,0.000714477164206339,-4.531198203081065e-10,0.0007144771642063392,-4.84917121906379e-10
0.0007344771642063281,-4.389039984910115e-10,0.0007344771642063279,-4.302971833195805e-10,0.0007344771642063276,-4.207508045475688e-10,0.0007344771642063325,-4.103840807322957e-10,0.0007344771642063293,-3.993847245319501e-10,0.000734477164206329,-3.880241419170863e-10,0.0007344771642063287,-3.766726593747059e-10,0.0007344771642063329,-3.6590672676741e-10,0.0007344771642063341,-3.566541805885686e-10,0.0007344771642063341,-3.495543293362072e-10,0.0007344771642063371,-3.451243744273173e-10,0.0007344771642063371,-3.438616338449451e-10,0.0007344771642063382,-3.462144701832922e-10,0.0007344771642063382,-3.525607022342044e-10,0.0007344771642063384,-3.633417505132284e-10,0.0007344771642063384,-3.790906605714313e-10,0.0007344771642063376,-4.00047234732582e-10,0.0007344771642063387,-4.258523484244807e-10,0.000734477164206339,-4.555045708239777e-10,0.0007344771642063393,-4.867827340875202e-10
0.0007544771642063281,-4.456449756047013e-10,0.0007544771642063279,-4.37292628275249e-10,0.0007544771642063276,-4.280219244110366e-10,0.0007544771642063326,-4.179438354805746e-10,0.0007544771642063293,-4.072382050753092e-10,0.000754477164206329,-3.961621125785897e-10,0.0007544771642063288,-3.850649959575599e-10,0.0007544771642063329,-3.745692504386075e-10,0.0007544771642063341,-3.65384513341715e-10,0.0007544771642063341,-3.582253550573644e-10,0.0007544771642063371,-3.536116236411571e-10,0.0007544771642063371,-3.520390099760171e-10,0.0007544771642063382,-3.539507094363438e-10,0.0007544771642063382,-3.596792455602926e-10,0.0007544771642063384,-3.697391823947378e-10,0.0007544771642063384,-3.846796695973997e-10,0.0007544771642063377,-4.047318296138736e-10,0.0007544771642063388,-4.296287154362601e-10,0.0007544771642063391,-4.584500568303298e-10,0.0007544771642063393,-4.891523011761658e-10
0.0007744771642063282,-4.527033876695054e-10,0.000774477164206328,-4.446464212258421e-10,0.0007744771642063277,-4.35699298485897e-10,0.0007744771642063326,-4.259668169577853e-10,0.0007744771642063294,-4.156147580294566e-10,0.0007744771642063291,-4.04883355732292e-10,0.0007744771642063289,-3.941270718246552e-10,0.000774477164206333,-3.83976007063458e-10,0.0007744771642063342,-3.7498416893983e-10,0.0007744771642063342,-3.677824235605193e-10,0.0007744771642063372,-3.629871137831819e-10,0.0007744771642063372,-3.61093395474983e-10,0.0007744771642063383,-3.625208517878814e-10,0.0007744771642063383,-3.676072178651468e-10,0.0007744771642063385,-3.769200934226502e-10,0.0007744771642063385,-3.910080815117896e-10,0.0007744771642063377,-4.101184802750973e-10,0.0007744771642063388,-4.340664265946856e-10,0.0007744771642063392,-4.619974015104234e-10,0.0007744771642063394,-4.920632563229553e-10
0.0007944771642063283,-4.600575336336288e-10,0.000794477164206328,-4.523361340535644e-10,0.0007944771642063277,-4.437592418828793e-10,0.0007944771642063327,-4.344227246640912e-10,0.0007944771642063294,-4.244817885301164e-10,0.0007944771642063291,-4.14158235266535e-10,0.0007944771642063289,-4.038298387457714e-10,0.000794477164206333,-3.940673093567768e-10,0.0007944771642063342,-3.853586400911255e-10,0.0007944771642063342,-3.782075334998846e-10,0.0007944771642063373,-3.73237704305219e-10,0.0007944771642063373,-3.710193737631578e-10,0.0007944771642063383,-3.719255197090661e-10,0.0007944771642063383,-3.763545598081692e-10,0.0007944771642063386,-3.848988544807026e-10,0.0007944771642063386,-3.980886742001748e-10,0.0007944771642063378,-4.162287447487172e-10,0.0007944771642063389,-4.391930453306416e-10,0.0007944771642063392,-4.661909180379989e-10,0.0007944771642063394,-4.955479500282158e-10
0.0008144771642063283,-4.676830802822548e-10,0.0008144771642063281,-4.603329318552466e-10,0.0008144771642063278,-4.521680246337884e-10,0.0008144771642063328,-4.432773619825774e-10,0.0008144771642063295,-4.338005215602055e-10,0.0008144771642063292,-4.239407894476652e-10,0.000814477164206329,-4.141187104785809e-10,0.0008144771642063331,-4.047953495329567e-10,0.0008144771642063343,-3.964061197722222e-10,0.0008144771642063343,-3.89425207009482e-10,0.0008144771642063373,-3.843352163757818e-10,0.0008144771642063373,-3.817847530630135e-10,0.0008144771642063384,-3.821538588212679e-10,0.0008144771642063384,-3.859160686084322e-10,0.0008144771642063386,-3.936640993777471e-10,0.0008144771642063386,-4.059287007264426e-10,0.0008144771642063378,-4.23074427244632e-10,0.0008144771642063389,-4.450242835505481e-10,0.0008144771642063393,-4.710518439813617e-10,0.0008144771642063395,-4.996339233634301e-10
0.0008344771642063284,-4.755480811829821e-10,0.0008344771642063281,-4.686022367935974e-10,0.0008344771642063278,-4.608877929225815e-10,0.0008344771642063328,-4.524845453065473e-10,0.0008344771642063296,-4.435196453185596e-10,0.0008344771642063292,-4.34196612599705e-10,0.000834477164206329,-4.249310947036963e-10,0.0008344771642063331,-4.160860003447317e-10,0.0008344771642063343,-4.080610907253998e-10,0.0008344771642063343,-4.012900821483219e-10,0.0008344771642063374,-3.962153918290655e-10,0.0008344771642063374,-3.933393939110984e-10,0.0008344771642063384,-3.931775570786174e-10,0.0008344771642063384,-3.962700727515077e-10,0.0008344771642063387,-4.031915530033556e-10,0.0008344771642063387,-4.145209709906536e-10,0.0008344771642063379,-4.306570774074293e-10,0.000834477164206339,-4.515696859887819e-10,0.0008344771642063393,-4.765949057787578e-10,0.0008344771642063395,-5.043401185440927e-10
0.0008544771642063284,-4.836182708863503e-10,0.0008544771642063282,-4.771041647538382e-10,0.0008544771642063279,-4.698721196460803e-10,0.0008544771642063329,-4.619946930094531e-10,0.0008544771642063296,-4.535826648688008e-10,0.0008544771642063293,-4.44860783058264e-10,0.0008544771642063291,-4.361896188194168e-10,0.0008544771642063332,-4.278647332040254e-10,0.0008544771642063344,-4.202376261967568e-10,0.0008544771642063344,-4.137116468892141e-10,0.0008544771642063374,-4.087093247911241e-10,0.0008544771642063374,-4.056212305994063e-10,0.0008544771642063385,-4.049490654563539e-10,0.0008544771642063385,-4.073541148876683e-10,0.0008544771642063387,-4.134511361849906e-10,0.0008544771642063387,-4.238452630886393e-10,0.000854477164206338,-4.38963721766758e-10,0.000854477164206339,-4.58822794034776e-10,0.0008544771642063394,-4.828211430574449e-10,0.0008544771642063396,-5.096764630788805e-10
0.0008744771642063285,-4.918532819026751e-10,0.0008744771642063282,-4.857942277913533e-10,0.0008744771642063279,-4.790716393841709e-10,0.0008744771642063329,-4.717488405984052e-10,0.0008744771642063297,-4.639252728690362e-10,0.0008744771642063293,-4.558575623647236e-10,0.0008744771642063291,-4.47811480701562e-10,0.0008744771642063332,-4.400357783616012e-10,0.0008744771642063344,-4.328444006829592e-10,0.0008744771642063344,-4.265997279252881e-10,0.0008744771642063375,-4.216881452857922e-10,0.0008744771642063375,-4.184534112098241e-10,0.0008744771642063385,-4.173735063002459e-10,0.0008744771642063385,-4.191065771065556e-10,0.0008744771642063388,-4.243955491649498e-10,0.0008744771642063388,-4.33863969628533e-10,0.000874477164206338,-4.479675443288209e-10,0.0008744771642063391,-4.667669029365655e-10,0.0008744771642063394,-4.897215252446504e-10,0.0008744771642063396,-5.156407943248216e-10
0.0008944771642063285,-5.002116057977684e-10,0.0008944771642063283,-4.946246479137319e-10,0.000894477164206328,-4.884310203257183e-10,0.000894477164206333,-4.816866269458007e-10,0.0008944771642063297,-4.744928964091237e-10,0.0008944771642063294,-4.67102731602751e-10,0.0008944771642063292,-4.597039617700307e-10,0.0008944771642063333,-4.525058415871536e-10,0.0008944771642063345,-4.457754855164402e-10,0.0008944771642063345,-4.39843706712579e-10,0.0008944771642063375,-4.350328568627101e-10,0.0008944771642063375,-4.316581632612633e-10,0.0008944771642063386,-4.302703164216966e-10,0.0008944771642063386,-4.314520553520915e-10,0.0008944771642063388,-4.359601578800364e-10,0.0008944771642063388,-4.445235515309773e-10,0.0008944771642063381,-4.576242772639514e-10,0.0008944771642063391,-4.753665031061597e-10,0.0008944771642063395,-4.972700241270948e-10,0.0008944771642063397,-5.222184746034593e-10
0.0009144771642063286,-5.086477355305899e-10,0.0009144771642063284,-5.035449827289322e-10,0.000914477164206328,-4.978941373663532e-10,0.000914477164206333,-4.917419823250412e-10,0.0009144771642063298,-4.852119647344734e-10,0.0009144771642063294,-4.785112770960461e-10,0.0009144771642063292,-4.717736621359641e-10,0.0009144771642063333,-4.651678555441593e-10,0.0009144771642063345,-4.589240227620417e-10,0.0009144771642063345,-4.533160397954606e-10,0.0009144771642063376,-4.48590993982417e-10,0.0009144771642063376,-4.451237281407657e-10,0.0009144771642063387,-4.434712096594166e-10,0.0009144771642063387,-4.442275832515847e-10,0.0009144771642063389,-4.480637604328599e-10,0.0009144771642063389,-4.557532507961323e-10,0.0009144771642063381,-4.678748766033667e-10,0.0009144771642063392,-4.845740022116591e-10,0.0009144771642063395,-5.054286382598664e-10,0.0009144771642063397,-5.293885181105771e-10
0.0009344771642063286,-5.171166923761135e-10,0.0009344771642063284,-5.125040837771775e-10,0.0009344771642063281,-5.074021965825962e-10,0.0009344771642063331,-5.018523903417089e-10,0.0009344771642063298,-4.96004556669127e-10,0.0009344771642063295,-4.899952154883537e-10,0.0009344771642063293,-4.839235823417974e-10,0.0009344771642063334,-4.779193956920303e-10,0.0009344771642063346,-4.721490395231484e-10,0.0009344771642063346,-4.668632068591223e-10,0.0009344771642063376,-4.622496273648347e-10,0.0009344771642063376,-4.587287557867246e-10,0.0009344771642063387,-4.568650445439253e-10,0.0009344771642063387,-4.572474439583653e-10,0.0009344771642063389,-4.60551515213989e-10,0.0009344771642063389,-4.674676377624624e-10,0.0009344771642063382,-4.78643536499804e-10,0.0009344771642063392,-4.943232453254598e-10,0.0009344771642063396,-5.141417511095883e-10,0.0009344771642063398,-5.371144292631134e-10
0.0009544771642063287,-5.255719208772901e-10,0.0009544771642063285,-5.214503641804559e-10,0.0009544771642063281,-5.168981350629083e-10,0.0009544771642063331,-5.119625180944164e-10,0.0009544771642063299,-5.067937756946821e-10,0.0009544771642063295,-5.014704293740901e-10,0.0009544771642063293,-4.960564114667564e-10,0.0009544771642063334,-4.90624333787395e-10,0.0009544771642063346,-4.853269703130252e-10,0.0009544771642063346,-4.803637123669817e-10,0.0009544771642063377,-4.758891429035758e-10,0.0009544771642063377,-4.723617801072589e-10,0.0009544771642063388,-4.70333557476309e-10,0.0009544771642063388,-4.703979938582869e-10,0.000954477164206339,-4.732287307001762e-10,0.000954477164206339,-4.795173960816992e-10,0.0009544771642063382,-4.898427381181707e-10,0.0009544771642063393,-5.045378098937605e-10,0.0009544771642063396,-5.233430548935107e-10,0.0009544771642063398,-5.453383248381351e-10
0.0009744771642063287,-5.339693966712492e-10,0.0009744771642063285,-5.303342587333321e-10,0.0009744771642063282,-5.263254960195929e-10,0.0009744771642063332,-5.220107370995718e-10,0.0009744771642063299,-5.175066059779692e-10,0.0009744771642063296,-5.128489374699364e-10,0.0009744771642063294,-5.080529536969176e-10,0.0009744771642063335,-5.031806683930901e-10,0.0009744771642063347,-4.983557371595804e-10,0.0009744771642063347,-4.937081876034084e-10,0.0009744771642063377,-4.894048890684031e-10,0.0009744771642063377,-4.859063175448806e-10,0.0009744771642063388,-4.837651047905737e-10,0.0009744771642063388,-4.835658112780021e-10,0.000974477164206339,-4.859809547665408e-10,0.000974477164206339,-4.917065293961381e-10,0.0009744771642063383,-5.01326307658674e-10,0.0009744771642063393,-5.151268914979934e-10,0.0009744771642063397,-5.329516508352653e-10,0.0009744771642063399,-5.539904518672653e-10
0.0009872385821031644,-5.392773297694778e-10,0.0009872385821031644,-5.35948184468768e-10,0.0009872385821031642,-5.322811427876884e-10,0.0009872385821031665,-5.283601803515974e-10,0.000987238582103165,-5.242696461201113e-10,0.0009872385821031648,-5.200112740513483e-10,0.0009872385821031648,-5.155966962646846e-10,0.0009872385821031668,-5.110741066561142e-10,0.0009872385821031674,-5.065489341579426e-10,0.0009872385821031674,-5.020999654983767e-10,0.0009872385821031689,-4.979153706172949e-10,0.0009872385821031689,-4.944568074937975e-10,0.0009872385821031694,-4.92265444452145e-10,0.0009872385821031694,-4.919266006210659e-10,0.0009872385821031696,-4.941085828382384e-10,0.0009872385821031696,-4.995047534228599e-10,0.0009872385821031691,-5.087105705806555e-10,0.0009872385821031696,-5.220211530967379e-10,0.0009872385821031698,-5.392565049746796e-10,0.00098723858210317,-5.596992079144589e-10
0.001,-5.445338184900756e-10,0.001,-5.415057622682122e-10,0.001,-5.381775998060358e-10,0.001,-5.346443623780358e-10,0.001,-5.309467097398363e-10,0.001,-5.270732249406654e-10,0.001,-5.230316182317099e-10,0.001,-5.188519193099308e-10,0.001,-5.14618578841285e-10,0.001,-5.103659404162838e-10,0.001,-5.063112137744674e-10,0.001,-5.029026139335483e-10,0.001,-5.006807216971215e-10,0.001,-5.00222849469474e-10,0.001,-5.021941212955121e-10,0.001,-5.072887313125118e-10,0.001,-5.161022257728846e-10,0.001,-5.289512846792804e-10,0.001,-5.456640450719128e-10,0.001,-5.655277180826165e-10
