/I1/IN (VY=-0.1) X,/I1/IN (VY=-0.1) Y,/I1/IN (VY=-0.08947368) X,/I1/IN (VY=-0.08947368) Y,/I1/IN (VY=-0.06842105) X,/I1/IN (VY=-0.06842105) Y,/I1/IN (VY=-0.05789474) X,/I1/IN (VY=-0.05789474) Y,/I1/IN (VY=-0.04736842) X,/I1/IN (VY=-0.04736842) Y,/I1/IN (VY=-0.03684211) X,/I1/IN (VY=-0.03684211) Y,/I1/IN (VY=-0.02631579) X,/I1/IN (VY=-0.02631579) Y,/I1/IN (VY=-0.01578947) X,/I1/IN (VY=-0.01578947) Y,/I1/IN (VY=-0.005263158) X,/I1/IN (VY=-0.005263158) Y,/I1/IN (VY=0.005263158) X,/I1/IN (VY=0.005263158) Y,/I1/IN (VY=0.01578947) X,/I1/IN (VY=0.01578947) Y,/I1/IN (VY=0.02631579) X,/I1/IN (VY=0.02631579) Y,/I1/IN (VY=0.03684211) X,/I1/IN (VY=0.03684211) Y,/I1/IN (VY=0.04736842) X,/I1/IN (VY=0.04736842) Y,/I1/IN (VY=0.05789474) X,/I1/IN (VY=0.05789474) Y,/I1/IN (VY=0.06842105) X,/I1/IN (VY=0.06842105) Y,/I1/IN (VY=0.07894737) X,/I1/IN (VY=0.07894737) Y,/I1/IN (VY=0.08947368) X,/I1/IN (VY=0.08947368) Y,/I1/IN (VY=0.1) X,/I1/IN (VY=0.1) Y,/I1/IN (VY=-0.07894737) X,/I1/IN (VY=-0.07894737) Y
0,-3.183491017923351e-12,0,-2.744036208423876e-12,0,-2.008143377742475e-12,0,-1.817562062641828e-12,0,-1.824788617595153e-12,0,-2.086677541090895e-12,0,-2.652882820067831e-12,0,-3.51613369116017e-12,0,-4.696032377217154e-12,0,-6.260721553274513e-12,0,-8.328099667718634e-12,0,-1.10402636873176e-11,0,-1.453185133669542e-11,0,-1.891868405474199e-11,0,-2.418044598960753e-11,0,-3.00883578603441e-11,0,-3.623652753318738e-11,0,-4.217642886100351e-11,0,-4.756778693318023e-11,0,-2.336075271139789e-12
1e-06,-3.182650766032857e-12,1e-06,-2.743071837686314e-12,1e-06,-2.006885471159137e-12,1e-06,-1.816130458022817e-12,1e-06,-1.823163965061195e-12,1e-06,-2.084844240620747e-12,1e-06,-2.650839798182572e-12,1e-06,-3.513907658890022e-12,1e-06,-4.693667316889077e-12,1e-06,-6.258282693164832e-12,1e-06,-8.325672536002773e-12,1e-06,-1.103795566278421e-11,1e-06,-1.452978527532929e-11,1e-06,-1.891698415400019e-11,1e-06,-2.417920901928538e-11,1e-06,-3.008762036271123e-11,1e-06,-3.623625326614462e-11,1e-06,-4.217652796820227e-11,1e-06,-4.756815886667751e-11,1e-06,-2.334972371191821e-12
1.985520609582194e-06,-3.18003380472366e-12,1.98546395192058e-06,-2.740031051288172e-12,1.985346738017793e-06,-2.002811358681109e-12,1.985289322490151e-06,-1.811427771861341e-12,1.985234211966062e-06,-1.817752195980419e-12,1.985182067463645e-06,-2.078657248150579e-12,1.985133374945813e-06,-2.643867733754214e-12,1.985088579086902e-06,-3.506250439476453e-12,1.985047912352159e-06,-4.685486436564887e-12,1.985011173606227e-06,-6.249819583270978e-12,1.984977882021708e-06,-8.317244404201605e-12,1.984947294260824e-06,-1.102995833126749e-11,1.984918796535977e-06,-1.452266525504134e-11,1.984891999411216e-06,-1.891118388585729e-11,1.984866729751202e-06,-2.417506201739049e-11,1.984843025844346e-06,-3.008523812670056e-11,1.984821075018508e-06,-3.623548950875578e-11,1.984801133654835e-06,-4.217705396955818e-11,1.984783445296091e-06,-4.756962336116376e-11,1.985405427679972e-06,-2.331449072367953e-12
3.023469722240474e-06,-3.175647047452783e-12,3.023396480508696e-06,-2.73489634226719e-12,3.023244955035305e-06,-1.99582379487295e-12,3.023170731356241e-06,-1.803297195290603e-12,3.023099486763598e-06,-1.808322492623942e-12,3.023032075891623e-06,-2.067798879717565e-12,3.02296912709112e-06,-2.631556801812353e-12,3.022911215349496e-06,-3.492671482832925e-12,3.022858641316965e-06,-4.670934350455704e-12,3.022811145076096e-06,-6.234737108042005e-12,3.022768105099618e-06,-8.302213769146483e-12,3.022728560456931e-06,-1.101570407059923e-11,3.022691717676875e-06,-1.450999942572917e-11,3.022657073320824e-06,-1.890090434824474e-11,3.022624403582314e-06,-2.41677620243049e-11,3.022593757988294e-06,-3.008110559052295e-11,3.022565378752208e-06,-3.623424922975913e-11,3.022539597365357e-06,-4.217810845723815e-11,3.022516728723064e-06,-4.757234788328494e-11,3.023320825080432e-06,-2.325453923133262e-12
5.043218714047584e-06,-3.161154784025121e-12,5.099261537684929e-06,-2.717050744355967e-12,5.055208193940996e-06,-1.971246105647172e-12,4.868612776105787e-06,-1.777421927744863e-12,4.676263822242555e-06,-1.781710565852823e-12,4.463737678886341e-06,-2.041627191880551e-12,4.371307149660064e-06,-2.603952102176899e-12,4.59262586271282e-06,-3.455526617193298e-12,4.758156234643898e-06,-4.625418639155228e-12,4.750963535499418e-06,-6.187599355634053e-12,4.76043501131138e-06,-8.254772698057624e-12,4.78788409490014e-06,-1.096973412059096e-11,4.835222786621642e-06,-1.446772009959825e-11,4.847306426165639e-06,-1.886632056007366e-11,4.726587693140998e-06,-2.414534798032654e-11,4.598169629313421e-06,-3.006971035177568e-11,4.459832262945299e-06,-3.623130234544382e-11,4.308014603499972e-06,-4.218048888706721e-11,4.380041290356133e-06,-4.75787486773303e-11,5.099151619881352e-06,-2.304221837059862e-12
7.468743440754212e-06,-3.137767035217567e-12,7.49642980836788e-06,-2.688800387993956e-12,7.294653615131724e-06,-1.932550551247416e-12,6.959923385968775e-06,-1.734656245990289e-12,6.604543077745776e-06,-1.735709273905921e-12,6.053391680329669e-06,-1.998856822452926e-12,5.817431897954765e-06,-2.560058773537102e-12,6.337620210050779e-06,-3.392495203415896e-12,6.530078738638994e-06,-4.553951571947778e-12,6.513209129398755e-06,-6.113312591018091e-12,6.53634722271645e-06,-8.179443784465141e-12,6.602664124867338e-06,-1.089584364630344e-11,6.717217312694409e-06,-1.439850665085267e-11,6.810196783497056e-06,-1.880698978438942e-11,6.714462146861037e-06,-2.410310241849145e-11,6.384106333168518e-06,-3.004877245049654e-11,6.037551139164367e-06,-3.622579387065933e-11,5.667219016528297e-06,-4.218396015600513e-11,5.848930119500511e-06,-4.758896130451677e-11,7.431337781176983e-06,-2.270838401800775e-12
1.027354274330486e-05,-3.10931409501942e-12,1.02323358643596e-05,-2.65430271363844e-12,9.691642132052493e-06,-1.886327141664246e-12,9.137534671971598e-06,-1.683356881224589e-12,8.604449737432345e-06,-1.678977853413739e-12,7.870039169629582e-06,-1.93881571173301e-12,7.492530845310961e-06,-2.496479451595694e-12,8.140283767588339e-06,-3.31193007624086e-12,8.360609576977277e-06,-4.463329921185915e-12,8.338076190273458e-06,-6.018309482371639e-12,8.379556768674173e-06,-8.082409726057323e-12,8.496533337381325e-06,-1.079970184623981e-11,8.69870524780048e-06,-1.430715137246405e-11,8.911840533199183e-06,-1.87263442239924e-11,8.936273349006277e-06,-2.404126470336473e-11,8.541042052500085e-06,-3.001415469951421e-11,7.898640173162801e-06,-3.621569739691092e-11,7.231624336740403e-06,-4.218799881223674e-11,7.573726260913352e-06,-4.76032960191693e-11,1.005747802897868e-05,-2.229826594161046e-12
1.4112239591971e-05,-3.072745331477878e-12,1.373809262960982e-05,-2.612198385946802e-12,1.243047683719686e-05,-1.834349326659469e-12,1.152480077815689e-05,-1.626647557932517e-12,1.072539799443718e-05,-1.616665414200631e-12,9.783281609988959e-06,-1.87085208639283e-12,9.290290600260863e-06,-2.421413014909102e-12,9.998964152585459e-06,-3.222388243651731e-12,1.028052067810137e-05,-4.3612886669022e-12,1.032219478174445e-05,-5.90676067558299e-12,1.048881706812001e-05,-7.961952702463133e-12,1.081375415995723e-05,-1.067159447402993e-11,1.116192477231077e-05,-1.418290088806013e-11,1.156145480615286e-05,-1.861403153913556e-11,1.175757097074298e-05,-2.395234150302374e-11,1.141578957062731e-05,-2.995902316053062e-11,1.041026611930797e-05,-3.619694494563163e-11,9.270342802404468e-06,-4.219176971582217e-11,9.898640654888168e-06,-4.762319501522861e-11,1.318343492805463e-05,-2.182617106092029e-12
1.898960339955136e-05,-3.028672356301253e-12,1.837304389370906e-05,-2.559314215324242e-12,1.585358322596596e-05,-1.772454781158819e-12,1.43609625779277e-05,-1.561964554135654e-12,1.314248788857347e-05,-1.547575150979179e-12,1.186300095860532e-05,-1.797342634272793e-12,1.121184799330969e-05,-2.340141145466041e-12,1.201347879504913e-05,-3.125237714784128e-12,1.236650770145076e-05,-4.250430283791319e-12,1.250223884916039e-05,-5.783684721285551e-12,1.28551483333951e-05,-7.825781141454458e-12,1.349723900299561e-05,-1.052162664504364e-11,1.427836470610027e-05,-1.402338000206168e-11,1.496393483571265e-05,-1.846664450753259e-11,1.539196604682499e-05,-2.383361260662258e-11,1.521945685028764e-05,-2.988086218511037e-11,1.365789239806173e-05,-3.616825204240827e-11,1.193128481868208e-05,-4.219409387741175e-11,1.290330178412403e-05,-4.764798227985258e-11,1.730353712201215e-05,-2.123465304323961e-12
2.559038343100522e-05,-2.969164680702593e-12,2.415288177534123e-05,-2.49384337369568e-12,2.008906995695113e-05,-1.697686771952665e-12,1.802070248257265e-05,-1.481170899316907e-12,1.619716473860544e-05,-1.463321852781708e-12,1.434614892974236e-05,-1.712271150416951e-12,1.343498110392731e-05,-2.248251625904362e-12,1.4380033196217e-05,-3.014010797687338e-12,1.483902221751882e-05,-4.122232974156651e-12,1.510125273103351e-05,-5.640140816871622e-12,1.572268829897902e-05,-7.663866285551177e-12,1.684834019828242e-05,-1.033718077225898e-11,1.839999159178878e-05,-1.381464210755071e-11,1.951313271189388e-05,-1.82707720427754e-11,2.031268188718452e-05,-2.36731370082207e-11,2.036892062306717e-05,-2.977435588504346e-11,1.838793749313155e-05,-3.612468272018916e-11,1.561218582104431e-05,-4.219525752326104e-11,1.723039636772022e-05,-4.76831256609806e-11,2.227637180689798e-05,-2.053111285035411e-12
3.559038343100522e-05,-2.877291917525387e-12,3.364618956727879e-05,-2.384359149584167e-12,2.585099645512919e-05,-1.595432939346236e-12,2.260356374364245e-05,-1.380521471059429e-12,2.000342958356688e-05,-1.359936030818876e-12,1.761388998233521e-05,-1.602967606863475e-12,1.626200794385059e-05,-2.134277932174549e-12,1.74750656985272e-05,-2.871658727160484e-12,1.808492780435363e-05,-3.957108612929724e-12,1.85030603010994e-05,-5.455383374808413e-12,1.943579010353312e-05,-7.456938553077129e-12,2.111532630211422e-05,-1.010420603974686e-11,2.35467233236658e-05,-1.355470796782253e-11,2.580246495400156e-05,-1.799998609983078e-11,2.809348970787642e-05,-2.341949585750145e-11,2.876007997864658e-05,-2.960186166888259e-11,2.610224694703888e-05,-3.605492808384806e-11,2.124179534825299e-05,-4.219732749969191e-11,2.428194716075229e-05,-4.774254632007747e-11,2.968861267127671e-05,-1.946865077824839e-12
4.559038343100522e-05,-2.783836144065695e-12,4.364618956727879e-05,-2.26683292809585e-12,3.585099645512919e-05,-1.414873298869223e-12,2.972186735813907e-05,-1.222361559270384e-12,2.523950384380927e-05,-1.217095612026831e-12,2.170458232994862e-05,-1.466849685279157e-12,1.986383004232502e-05,-1.990514527577711e-12,2.134798887121188e-05,-2.694441986226256e-12,2.217011255433791e-05,-3.74981355060711e-12,2.283239555726454e-05,-5.220412258161704e-12,2.429455352336806e-05,-7.185478262709056e-12,2.697966392267144e-05,-9.781829412566121e-12,3.116502761712964e-05,-1.316565797519943e-11,3.580246495400156e-05,-1.756352390237338e-11,3.809348970787642e-05,-2.308978708812484e-11,3.876007997864658e-05,-2.939554351893986e-11,3.610224694703888e-05,-3.59663486479791e-11,3.031895296423945e-05,-4.220447011036821e-11,3.428194716075229e-05,-4.783211439504456e-11,3.968861267127671e-05,-1.800843690883519e-12
5.559038343100522e-05,-2.689113616926883e-12,5.364618956727879e-05,-2.1474641981192e-12,4.585099645512919e-05,-1.231127483972779e-12,3.972186735813908e-05,-9.966873732014268e-13,3.480400077970081e-05,-9.526556380117576e-13,2.775579593848009e-05,-1.26399685993866e-12,2.478885983156992e-05,-1.793105729027862e-12,2.695278143595238e-05,-2.436000582212405e-12,2.829277060109451e-05,-3.436108173608199e-12,2.948196059184624e-05,-4.855416670198789e-12,3.223181543882575e-05,-6.735782919102672e-12,3.697966392267144e-05,-9.222494036302526e-12,4.116502761712964e-05,-1.26456043046177e-11,4.580246495400156e-05,-1.711895279936171e-11,4.809348970787642e-05,-2.275507178953306e-11,4.876007997864658e-05,-2.91874702293711e-11,4.610224694703887e-05,-3.587872696299025e-11,4.031895296423945e-05,-4.221738343091161e-11,4.428194716075229e-05,-4.792703168386127e-11,4.968861267127671e-05,-1.652334562909596e-12
6.559038343100522e-05,-2.59318841493448e-12,6.364618956727879e-05,-2.026347358750777e-12,5.585099645512919e-05,-1.044537869980751e-12,4.972186735813907e-05,-7.675609216031839e-13,4.480400077970081e-05,-6.721010169282539e-13,3.77557959384801e-05,-9.245724073867998e-13,3.317115688626035e-05,-1.453112753632247e-12,3.695278143595238e-05,-1.968111524577154e-12,3.829277060109451e-05,-2.91553706447731e-12,3.948196059184624e-05,-4.297054387162404e-12,4.223181543882575e-05,-6.15868077399906e-12,4.697966392267144e-05,-8.65201820768015e-12,5.116502761712964e-05,-1.211585082924811e-11,5.580246495400156e-05,-1.666699638025448e-11,5.809348970787642e-05,-2.241581580512557e-11,5.876007997864658e-05,-2.897781554916056e-11,5.610224694703887e-05,-3.579186658768109e-11,5.031895296423945e-05,-4.223514445220884e-11,5.428194716075229e-05,-4.802682230918318e-11,5.968861267127671e-05,-1.50152176237539e-12
7.559038343100522e-05,-2.496082045608139e-12,7.364618956727879e-05,-1.903499897959133e-12,6.585099645512919e-05,-8.551616196271538e-13,5.972186735813907e-05,-5.351708791351612e-13,5.480400077970081e-05,-3.877958289856458e-13,4.77557959384801e-05,-5.80652250537454e-13,4.317115688626035e-05,-1.042080463076834e-12,4.695278143595238e-05,-1.492595940156855e-12,4.829277060109451e-05,-2.385987982332582e-12,4.948196059184624e-05,-3.728589422514413e-12,5.223181543882575e-05,-5.571068983315533e-12,5.697966392267144e-05,-8.071576378292755e-12,6.116502761712964e-05,-1.157742184973955e-11,6.580246495400156e-05,-1.620848096646157e-11,6.809348970787642e-05,-2.207262503335503e-11,6.876007997864658e-05,-2.87669550377823e-11,6.610224694703888e-05,-3.570592064687557e-11,6.031895296423945e-05,-4.225765033455176e-11,6.428194716075228e-05,-4.813130605798974e-11,6.968861267127671e-05,-1.348429061858167e-12
8.559038343100522e-05,-2.397837834673963e-12,8.364618956727879e-05,-1.778962274116309e-12,7.585099645512918e-05,-6.630226098864811e-13,6.972186735813908e-05,-2.995594159252537e-13,6.480400077970081e-05,-9.986211009452968e-14,5.775579593848009e-05,-2.325842125588101e-13,5.317115688626035e-05,-6.260952120896834e-13,5.695278143595238e-05,-1.01011621871231e-12,5.829277060109451e-05,-1.848219182192873e-12,5.948196059184623e-05,-3.150873733825268e-12,6.223181543882575e-05,-4.973852457386547e-12,6.697966392267145e-05,-7.482086479672833e-12,7.116502761712964e-05,-1.103120966918095e-11,7.580246495400156e-05,-1.5744184055833e-11,7.809348970787642e-05,-2.172606560928071e-11,7.876007997864657e-05,-2.855522375920595e-11,7.610224694703888e-05,-3.562208491194123e-11,7.031895296423945e-05,-4.228487678839082e-11,7.428194716075228e-05,-4.824032038198181e-11,7.968861267127671e-05,-1.193087775160534e-12
9.559038343100522e-05,-2.298502351931084e-12,9.364618956727879e-05,-1.652785135738635e-12,8.585099645512918e-05,-4.681773128285753e-13,7.972186735813908e-05,-6.078172084196769e-14,7.48040007797008e-05,1.917351787800651e-13,6.77557959384801e-05,1.194991885768717e-13,6.317115688626035e-05,-2.055674357864945e-13,6.695278143595238e-05,-5.210698548117625e-13,6.829277060109451e-05,-1.302747559932273e-12,6.948196059184624e-05,-2.564555606444365e-12,7.223181543882575e-05,-4.367816436650451e-12,7.697966392267145e-05,-6.884457570886372e-12,8.116502761712964e-05,-1.047815851818369e-11,8.580246495400156e-05,-1.527493379167098e-11,8.809348970787642e-05,-2.137671206925612e-11,8.876007997864657e-05,-2.83429269016059e-11,8.610224694703888e-05,-3.554176663306244e-11,8.031895296423945e-05,-4.231675756783157e-11,8.428194716075228e-05,-4.835363653351882e-11,8.968861267127671e-05,-1.035552257440053e-12
0.0001055903834310052,-2.198113887154741e-12,0.0001036461895672788,-1.525012734569601e-12,9.585099645512918e-05,-2.706886003760612e-13,8.972186735813908e-05,1.812037518433808e-13,8.48040007797008e-05,4.888417814275098e-13,7.77557959384801e-05,4.772186209953053e-13,7.317115688626035e-05,2.193548342274129e-13,7.695278143595238e-05,-2.583715189462126e-14,7.829277060109451e-05,-7.501030804432682e-13,7.948196059184624e-05,-1.970326158069534e-12,8.223181543882575e-05,-3.753829852606342e-12,8.697966392267145e-05,-6.279711433385777e-12,9.116502761712964e-05,-9.919307029272597e-12,9.580246495400156e-05,-1.48016074083698e-11,9.809348970787642e-05,-2.102514792105476e-11,9.876007997864657e-05,-2.813034805796689e-11,9.610224694703888e-05,-3.546566784105859e-11,9.031895296423945e-05,-4.23531695032279e-11,9.428194716075228e-05,-4.847096945787121e-11,9.968861267127671e-05,-8.758748477110299e-13
0.0001155903834310052,-2.096703667716673e-12,0.0001136461895672788,-1.39568342347702e-12,0.0001058509964551292,-7.061187915487525e-14,9.972186735813908e-05,4.277478140591259e-13,9.48040007797008e-05,7.924833392181019e-13,8.77557959384801e-05,8.432007273095369e-13,8.317115688626035e-05,6.520493958669562e-13,8.695278143595238e-05,4.765023994578529e-13,8.829277060109451e-05,-1.908896207590399e-13,8.948196059184624e-05,-1.368962477812041e-12,9.223181543882575e-05,-3.13284663413736e-12,9.697966392267145e-05,-5.668939402021111e-12,0.0001011650276171296,-9.355746442251621e-12,0.0001058024649540016,-1.432510883375591e-11,0.0001080934897078764,-2.067195553186702e-11,0.0001087600799786466,-2.791774825529776e-11,0.0001061022469470389,-3.539389199968375e-11,0.0001003189529642394,-4.239393919578526e-11,0.0001042819471607523,-4.859199316705737e-11,0.0001096886126712767,-7.141008568582343e-13
0.0001255903834310052,-1.994296557093094e-12,0.0001236461895672788,-1.264831940429692e-12,0.0001158509964551292,1.320465281619842e-13,0.0001097218673581391,6.794541196490885e-13,0.0001048040007797008,1.102590362167047e-12,9.77557959384801e-05,1.21735193091662e-12,9.317115688626035e-05,1.095186836819776e-12,9.695278143595238e-05,9.918957079841013e-13,9.82927706010945e-05,3.747312127538782e-13,9.948196059184624e-05,-7.612731341567656e-13,0.0001022318154388257,-2.505855577344734e-12,0.0001069796639226714,-5.053268395625401e-12,0.0001111650276171296,-8.788604317010011e-12,0.0001158024649540016,-1.384636533090298e-11,0.0001180934897078764,-2.031771621394787e-11,0.0001187600799786466,-2.770550333679591e-11,0.0001161022469470389,-3.532634830765052e-11,0.0001103189529642394,-4.243884663596778e-11,0.0001142819471607523,-4.871634493580431e-11,0.0001196886126712767,-5.50272553289317e-13
0.0001355903834310052,-1.890912075278647e-12,0.0001336461895672788,-1.132489258305415e-12,0.0001258509964551292,3.381657732221858e-13,0.0001197218673581391,9.362640163857538e-13,0.0001148040007797008,1.419214826260857e-12,0.0001077557959384801,1.599728964624831e-12,0.0001031711568862603,1.548660815658407e-12,0.0001069527814359524,1.521560634395892e-12,0.0001082927706010945,9.536118662597759e-13,0.0001094819605918462,-1.480817031096689e-13,0.0001122318154388257,-1.873871376571538e-12,0.0001169796639226714,-4.433860717585277e-12,0.0001211650276171296,-8.219044520816643e-12,0.0001258024649540016,-1.336632604696741e-11,0.0001280934897078764,-1.996300818474186e-11,0.0001287600799786466,-2.749535782573051e-11,0.0001261022469470389,-3.526291296358854e-11,0.0001203189529642394,-4.248762623528983e-11,0.0001242819471607523,-4.884362644425238e-11,0.0001296886126712767,-3.844303384248416e-13
0.0001455903834310052,-1.786559225036643e-12,0.0001436461895672788,-9.986789168079055e-13,0.0001358509964551292,5.482979898107824e-13,0.0001297218673581391,1.198218114272771e-12,0.0001248040007797008,1.742397268669474e-12,0.0001177557959384801,1.990362719886912e-12,0.0001131711568862603,2.012488945856128e-12,0.0001169527814359524,2.064979816954819e-12,0.0001182927706010945,1.549030351414313e-12,0.0001194819605918462,4.707386280037102e-13,0.0001222318154388257,-1.237939376020462e-12,0.0001269796639226714,-3.811913664878695e-12,0.0001311650276171296,-7.648262229702664e-12,0.0001358024649540016,-1.288595574044206e-11,0.0001380934897078764,-1.960840180539491e-11,0.0001387600799786466,-2.728886723997817e-11,0.0001361022469470389,-3.520343217027035e-11,0.0001303189529642395,-4.253996787184286e-11,0.0001342819471607523,-4.897340545672716e-11,0.0001396886126712767,-2.166117954680074e-13
0.0001555903834310052,-1.681234887305502e-12,0.0001536461895672788,-8.634129518217295e-13,0.0001458509964551292,7.623811265267929e-13,0.0001397218673581391,1.465349384374728e-12,0.0001348040007797008,2.072177322077065e-12,0.0001277557959384801,2.38928262981605e-12,0.0001231711568862603,2.486660953270131e-12,0.0001269527814359524,2.62135534853529e-12,0.0001282927706010945,2.160670110435838e-12,0.0001294819605918462,1.103621291009704e-12,0.0001322318154388257,-5.991695911379685e-13,0.0001369796639226714,-3.188652494882607e-12,0.0001411650276171296,-7.077477455863364e-12,0.0001458024649540016,-1.240622491192857e-11,0.0001480934897078764,-1.925445190980183e-11,0.0001487600799786466,-2.708665342205693e-11,0.0001461022469470389,-3.514771111976425e-11,0.0001403189529642395,-4.259551799400159e-11,0.0001442819471607523,-4.910521717973944e-11,0.0001496886126712767,-4.68458320418464e-14
0.0001655903834310052,-1.574932569198456e-12,0.0001636461895672788,-7.267017210412067e-13,0.0001558509964551292,9.804519032890622e-13,0.0001497218673581391,1.73769562499843e-12,0.0001448040007797008,2.408594768706377e-12,0.0001377557959384801,2.796513408805452e-12,0.0001331711568862603,2.97115360095989e-12,0.0001369527814359524,3.189713308325541e-12,0.0001382927706010945,2.787255662227698e-12,0.0001394819605918462,1.75214208766026e-12,0.0001422318154388257,4.021125362085161e-14,0.0001469796639226714,-2.56578463752907e-12,0.0001511650276171296,-6.507918842143104e-12,0.0001558024649540016,-1.192810105431388e-11,0.0001580934897078764,-1.890169460959933e-11,0.0001587600799786466,-2.688879177134351e-11,0.0001561022469470389,-3.509550568187e-11,0.0001503189529642395,-4.265387905349426e-11,0.0001542819471607523,-4.923856571407152e-11,0.0001596886126712767,1.248912563041211e-13
0.0001755903834310052,-1.467642214030414e-12,0.0001736461895672788,-5.885548966172777e-13,0.0001658509964551292,1.202535116798923e-12,0.0001597218673581391,2.015294690190133e-12,0.0001548040007797008,2.751689481802622e-12,0.0001477557959384801,3.212059059497843e-12,0.0001431711568862603,3.465585543803835e-12,0.0001469527814359524,3.768921915573171e-12,0.0001482927706010945,3.427859083884763e-12,0.0001494819605918462,2.415096954275788e-12,0.0001522318154388257,6.815072996369045e-13,0.0001569796639226714,-1.945912404290317e-12,0.0001611650276171296,-5.941118998205592e-12,0.0001658024649540016,-1.145254278087095e-11,0.0001680934897078764,-1.855074776270708e-11,0.0001687600799786466,-2.669522759368132e-11,0.0001661022469470389,-3.504652426702088e-11,0.0001603189529642395,-4.271461335623737e-11,0.0001642819471607523,-4.937292929867945e-11,0.0001696886126712767,2.992817487849299e-13
0.0001855903834310052,-1.359347110271138e-12,0.0001836461895672788,-4.489782170586729e-13,0.0001758509964551292,1.42865259280414e-12,0.0001697218673581391,2.298179968163514e-12,0.0001648040007797008,3.101413837873404e-12,0.0001577557959384801,3.635359847096844e-12,0.0001531711568862603,3.969077707127456e-12,0.0001569527814359524,4.358593361048074e-12,0.0001582927706010945,4.081996309160274e-12,0.0001594819605918462,3.091820944967986e-12,0.0001622318154388257,1.333553467065141e-12,0.0001669796639226714,-1.330547419872929e-12,0.0001711650276171296,-5.379652128510559e-12,0.0001758024649540016,-1.098049889856004e-11,0.0001780934897078764,-1.820374071752167e-11,0.0001787600799786466,-2.650589065532411e-11,0.0001761022469470389,-3.500043100892911e-11,0.0001703189529642395,-4.277724745529746e-11,0.0001742819471607523,-4.950776433498524e-11,0.0001796886126712767,4.766819386565216e-13
0.0001955903834310052,-1.25002331909368e-12,0.0001936461895672788,-3.079725587048709e-13,0.0001858509964551292,1.65882801386395e-12,0.0001797218673581391,2.586340620692683e-12,0.0001748040007797008,3.457185040296172e-12,0.0001677557959384801,4.065920356146914e-12,0.0001631711568862603,4.481343367493742e-12,0.0001669527814359524,4.958362607285382e-12,0.0001682927706010945,4.749037556250678e-12,0.0001694819605918462,3.781454845141196e-12,0.0001722318154388257,1.996634315655818e-12,0.0001769796639226714,-7.209203105597488e-13,0.0001811650276171296,-4.825092269671824e-12,0.0001858024649540016,-1.051326764954636e-11,0.0001880934897078764,-1.786263193503714e-11,0.0001887600799786466,-2.632067849538654e-11,0.0001861022469470389,-3.495684808891974e-11,0.0001803189529642395,-4.284127437701884e-11,0.0001842819471607523,-4.96425075400847e-11,0.0001896886126712767,6.570436549811577e-13
0.0002055903834310052,-1.139640369157733e-12,0.0002036461895672788,-1.65534498117298e-13,0.0001958509964551292,1.893055110003399e-12,0.0001897218673581391,2.879287110707642e-12,0.0001848040007797008,3.81874986396296e-12,0.0001777557959384801,4.503638442477732e-12,0.0001731711568862603,5.002178687432383e-12,0.0001769527814359524,5.56771664950556e-12,0.0001782927706010945,5.428195351871573e-12,0.0001794819605918462,4.482960268581851e-12,0.0001822318154388257,2.669386917348255e-12,0.0001869796639226714,-1.183419450398908e-13,0.0001911650276171296,-4.278593385099768e-12,0.0001958024649540016,-1.005298851863171e-11,0.0001980934897078764,-1.75283212013561e-11,0.0001987600799786466,-2.613944306069776e-11,0.0001961022469470389,-3.491535411908454e-11,0.0001903189529642395,-4.290615535981653e-11,0.0001942819471607523,-4.977657804906241e-11,0.0001996886126712767,8.403976271030429e-13
0.0002155903834310052,-1.028162913706259e-12,0.0002136461895672788,-2.165741609157024e-14,0.0002058509964551292,2.130887309926979e-12,0.0001997218673581391,3.176746405651399e-12,0.0001948040007797008,4.186062477561841e-12,0.0001877557959384801,4.948376549750705e-12,0.0001831711568862603,5.531281069915963e-12,0.0001869527814359524,6.186050948615246e-12,0.0001882927706010945,6.117959696278505e-12,0.0001894819605918462,5.195144923534608e-12,0.0001922318154388257,3.350436373848033e-12,0.0001969796639226714,4.769786659751792e-13,0.0002011650276171296,-3.741347127887843e-12,0.0002058024649540016,-9.600824735739808e-12,0.0002080934897078764,-1.720109256686035e-11,0.0002087600799786466,-2.596199514880219e-11,0.0002061022469470389,-3.487548743755739e-11,0.0002003189529642395,-4.297132212550728e-11,0.0002042819471607523,-4.990937984376161e-11,0.0002096886126712767,1.026759976335859e-12
0.0002255903834310052,-9.155516160865063e-13,0.0002236461895672788,1.237073925552652e-13,0.0002158509964551292,2.372053640335861e-12,0.0002097218673581391,3.478686015057851e-12,0.0002048040007797008,4.559021930126881e-12,0.0001977557959384801,5.399937879005835e-12,0.0001931711568862603,6.068286398371133e-12,0.0001969527814359524,6.812677429805329e-12,0.0001982927706010945,6.816283999786489e-12,0.0001994819605918462,5.916649835576794e-12,0.0002022318154388257,4.038255676460533e-12,0.0002069796639226714,1.072443623260321e-12,0.0002111650276171296,-3.214534725887019e-12,0.0002158024649540016,-9.157602150811373e-12,0.0002180934897078764,-1.688120837771224e-11,0.0002187600799786466,-2.578810495372485e-11,0.0002161022469470389,-3.48367495492739e-11,0.0002103189529642394,-4.303617954990475e-11,0.0002142819471607523,-5.004030433765768e-11,0.0002196886126712767,1.21576081447231e-12
0.0002355903834310052,-8.018378664903246e-13,0.0002336461895672788,2.706780710366015e-13,0.0002258509964551292,2.616528019274709e-12,0.0002197218673581391,3.785031787428551e-12,0.0002148040007797008,4.937487583000492e-12,0.0002077557959384801,5.858088210982593e-12,0.0002031711568862603,6.612774815760491e-12,0.0002069527814359524,7.446812289669735e-12,0.0002082927706010945,7.521466092319009e-12,0.0002094819605918462,6.645939444495693e-12,0.0002122318154388257,4.731154792225642e-12,0.0002169796639226714,1.669176948855644e-12,0.0002211650276171296,-2.699292310488194e-12,0.0002258024649540016,-8.725625509776184e-12,0.0002280934897078764,-1.65698516723166e-11,0.0002287600799786466,-2.561750472483329e-11,0.0002261022469470389,-3.479860828968566e-11,0.0002203189529642394,-4.310010850349324e-11,0.0002242819471607523,-5.016873287381415e-11,0.0002296886126712767,1.407073315600558e-12
0.0002455903834310052,-6.874839720269369e-13,0.0002436461895672788,4.191854556220857e-13,0.0002358509964551292,2.864247082824101e-12,0.0002297218673581391,4.095673813714042e-12,0.0002248040007797008,5.321291357122312e-12,0.0002177557959384801,6.322551198515182e-12,0.0002131711568862603,7.164262136655205e-12,0.0002169527814359524,8.087564623446602e-12,0.0002182927706010945,8.232085370370583e-12,0.0002194819605918462,7.38129628753079e-12,0.0002222318154388257,5.427270571316064e-12,0.0002269796639226714,2.265312809271519e-12,0.0002311650276171296,-2.196712097377338e-12,0.0002358024649540016,-8.307309114659803e-12,0.0002380934897078764,-1.62676529799255e-11,0.0002387600799786466,-2.544989193780924e-11,0.0002361022469470389,-3.476050102319028e-11,0.0002303189529642394,-4.316246865604749e-11,0.0002342819471607523,-5.029403896828872e-11,0.0002396886126712767,1.600677943978735e-12
0.0002555903834310052,-5.726369642393767e-13,0.0002536461895672788,5.69183354237612e-13,0.0002458509964551292,3.115114821489067e-12,0.0002397218673581391,4.410482328400855e-12,0.0002348040007797008,5.71023071918822e-12,0.0002277557959384801,6.792999188292385e-12,0.0002231711568862603,7.72219209526672e-12,0.0002269527814359524,8.733923368197418e-12,0.0002282927706010945,8.946655738229321e-12,0.0002294819605918462,8.120818662217082e-12,0.0002322318154388257,6.124566070954873e-12,0.0002369796639226714,2.859019518929962e-12,0.0002411650276171296,-1.707845324623998e-12,0.0002458024649540016,-7.903926949614967e-12,0.0002480934897078764,-1.597471626256639e-11,0.0002487600799786466,-2.528493317092462e-11,0.0002461022469470389,-3.472183797351355e-11,0.0002403189529642394,-4.322260116486032e-11,0.0002442819471607523,-5.041559030979054e-11,0.0002496886126712767,1.796529637664026e-12
0.0002655903834310053,-4.572740941603673e-13,0.0002636461895672788,7.206463068303736e-13,0.0002558509964551292,3.369016797703967e-12,0.0002497218673581391,4.729299665796244e-12,0.0002448040007797008,6.104060615687127e-12,0.0002377557959384801,7.269045000635712e-12,0.0002331711568862603,8.285920290973051e-12,0.0002369527814359524,9.384759546453512e-12,0.0002382927706010945,9.663511037048179e-12,0.0002394819605918462,8.862421074619442e-12,0.0002422318154388257,6.820834163092769e-12,0.0002469796639226714,3.448351246799809e-12,0.0002511650276171296,-1.23370321820378e-12,0.0002558024649540016,-7.515999829154633e-12,0.0002580934897078764,-1.569111073653128e-11,0.0002587600799786466,-2.512226842553438e-11,0.0002561022469470389,-3.468200574585087e-11,0.0002503189529642394,-4.327983130752669e-11,0.0002542819471607523,-5.053275059299241e-11,0.0002596886126712767,1.994549022361678e-12
0.0002755903834310053,-3.414192161588666e-13,0.0002736461895672789,8.73510663383624e-13,0.0002658509964551292,3.625814309822306e-12,0.0002597218673581391,5.051931464959443e-12,0.0002548040007797008,6.50248589256261e-12,0.0002477557959384801,7.750233422396748e-12,0.0002431711568862603,8.85470711055349e-12,0.0002469527814359524,1.003881724093709e-11,0.0002482927706010945,1.038081420909864e-11,0.0002494819605918463,9.603799168164387e-12,0.0002522318154388257,7.513704064927325e-12,0.0002569796639226715,4.031261266990213e-12,0.0002611650276171297,-7.752579634216373e-13,0.0002658024649540016,-7.143900387526644e-12,0.0002680934897078765,-1.541690323572725e-11,0.0002687600799786466,-2.496159073122894e-11,0.0002661022469470389,-3.464037107983518e-11,0.0002603189529642395,-4.333347114545526e-11,0.0002642819471607523,-5.064488125105695e-11,0.0002696886126712767,2.194640311125794e-12
0.0002855903834310053,-2.25120106770366e-13,0.0002836461895672789,1.027700518847613e-12,0.0002758509964551292,3.885337027434265e-12,0.0002697218673581391,5.378140577744272e-12,0.0002648040007797008,6.905153070416752e-12,0.0002577557959384801,8.236031743566555e-12,0.0002531711568862603,9.42770962130655e-12,0.0002569527814359524,1.069470387226376e-11,0.0002582927706010945,1.109656997898415e-11,0.0002594819605918463,1.034139156491396e-11,0.0002622318154388258,8.20065040336675e-12,0.0002669796639226715,4.605603477460374e-12,0.0002711650276171297,-3.342197483634945e-13,0.0002758024649540016,-6.788013050619455e-12,0.0002780934897078765,-1.515213968180412e-11,0.0002787600799786467,-2.480334102946439e-11,0.000276102246947039,-3.459628487325405e-11,0.0002703189529642395,-4.338282224910316e-11,0.0002742819471607524,-5.075134315329799e-11,0.0002796886126712768,2.396686891718315e-12
0.0002955903834310054,-1.084385565565088e-13,0.0002936461895672789,1.183120059985861e-12,0.0002858509964551293,4.147376318501022e-12,0.0002797218673581392,5.707639449803808e-12,0.0002748040007797009,7.311641902826545e-12,0.0002677557959384802,8.725822314110075e-12,0.0002631711568862604,1.000397135479175e-11,0.0002669527814359524,1.135088319299872e-11,0.0002682927706010945,1.180862940589086e-11,0.0002694819605918463,1.107145034843589e-11,0.0002722318154388258,8.879006709999867e-12,0.0002769796639226715,5.169141268321877e-12,0.0002811650276171297,8.653529283728474e-14,0.0002858024649540017,-6.448707387792992e-12,0.0002880934897078765,-1.489684423897349e-11,0.0002887600799786467,-2.46475837239601e-11,0.000286102246947039,-3.454908653312913e-11,0.0002803189529642395,-4.342717857048218e-11,0.0002842819471607524,-5.085149835399107e-11,0.0002896886126712768,2.600543492480518e-12
0.0003055903834310054,8.543091165973393e-15,0.0003036461895672789,1.339645573705549e-12,0.0002958509964551293,4.41167883739517e-12,0.0002897218673581392,6.04008100647726e-12,0.0002848040007797009,7.721453797241316e-12,0.0002777557959384802,9.218891142087382e-12,0.0002731711568862604,1.058240809347269e-11,0.0002769527814359525,1.200562686566123e-11,0.0002782927706010946,1.251469080553742e-11,0.0002794819605918463,1.179076772768046e-11,0.0002822318154388258,9.545981544640912e-12,0.0002869796639226715,5.719560759300624e-12,0.0002911650276171297,4.871828175132642e-13,0.0002958024649540017,-6.126318017043717e-12,0.0002980934897078766,-1.465102393444372e-11,0.0002987600799786467,-2.449394142152128e-11,0.000296102246947039,-3.449810872186852e-11,0.0002903189529642396,-4.346582955266353e-11,0.0002942819471607524,-5.094471199745345e-11,0.0002996886126712768,2.806029876474508e-12
0.0003155903834310054,1.258017907219606e-13,0.000313646189567279,1.497119928406443e-12,0.0003058509964551293,4.677936683315098e-12,0.0002997218673581392,6.375049809256943e-12,0.0002948040007797009,8.134000214329843e-12,0.0002877557959384802,9.714409404063092e-12,0.0002831711568862604,1.116176122493136e-11,0.0002869527814359525,1.265691520497499e-11,0.0002882927706010946,1.321221065133812e-11,0.0002894819605918464,1.249643147067202e-11,0.0002922318154388258,1.019867712540147e-11,0.0002969796639226716,6.254486699537464e-12,0.0003011650276171298,8.703963142544127e-13,0.0003058024649540017,-5.821143324141213e-12,0.0003080934897078766,-1.441467310588802e-11,0.0003087600799786467,-2.434202546575617e-11,0.000306102246947039,-3.444268256398287e-11,0.0003003189529642396,-4.349806436157394e-11,0.0003042819471607524,-5.103035449375993e-11,0.0003096886126712769,3.012924332450542e-12
0.0003255903834310054,2.435765350426582e-13,0.000323646189567279,1.655346944151347e-12,0.0003158509964551294,4.945779289255067e-12,0.0003097218673581392,6.712051839162636e-12,0.0003048040007797009,8.548591329209064e-12,0.0002977557959384802,1.021142234814558e-11,0.0002931711568862604,1.174052573497494e-11,0.0002969527814359525,1.330270915991277e-11,0.0002982927706010946,1.389842124093548e-11,0.0002994819605918464,1.318549312216649e-11,0.0003022318154388259,1.083411106560763e-11,0.0003069796639226716,6.771501026224696e-12,0.0003111650276171298,1.235083256211185e-12,0.0003158024649540017,-5.533445523294355e-12,0.0003180934897078766,-1.418777702155863e-11,0.0003187600799786468,-2.419147191048742e-11,0.0003161022469470391,-3.438214335299289e-11,0.0003103189529642396,-4.35231760094411e-11,0.0003142819471607525,-5.110780407181958e-11,0.0003196886126712769,3.2209567366088e-12
0.0003355903834310055,3.617396892724196e-13,0.000333646189567279,1.81408564242861e-12,0.0003258509964551294,5.214765155622562e-12,0.0003197218673581393,7.050503786493564e-12,0.000314804000779701,8.96442472085852e-12,0.0003077557959384803,1.070876835036714e-11,0.0003031711568862605,1.231715377557859e-11,0.0003069527814359526,1.394087458785005e-11,0.0003082927706010946,1.457061634596048e-11,0.0003094819605918464,1.385488814957675e-11,0.0003122318154388259,1.144924099294923e-11,0.0003169796639226716,7.267728981633437e-12,0.0003211650276171298,1.579802447995974e-12,0.0003258024649540018,-5.263461961198807e-12,0.0003280934897078766,-1.397031803013037e-11,0.0003287600799786468,-2.404192953092498e-11,0.0003261022469470391,-3.43158361748066e-11,0.0003203189529642396,-4.354046330601763e-11,0.0003242819471607525,-5.117644979375978e-11,0.0003296886126712769,3.42980100737537e-12
0.0003455903834310055,4.800530780542722e-13,0.0003436461895672791,1.973044760416784e-12,0.0003358509964551294,5.484373328008588e-12,0.0003297218673581393,7.389722657428602e-12,0.000324804000779701,9.380578863646571e-12,0.0003177557959384803,1.120513782411987e-11,0.0003131711568862605,1.288998208684667e-11,0.0003169527814359526,1.456911333211622e-11,0.0003182927706010947,1.522599567293416e-11,0.0003194819605918464,1.450134934461972e-11,0.0003222318154388259,1.204079796257497e-11,0.0003269796639226716,7.738211495729039e-12,0.0003311650276171298,1.903204842717462e-12,0.0003358024649540018,-5.011402247693322e-12,0.0003380934897078767,-1.376227571518606e-11,0.0003387600799786468,-2.389306309512329e-11,0.0003361022469470391,-3.424315059219087e-11,0.0003303189529642397,-4.354923689627526e-11,0.0003342819471607525,-5.123569508113216e-11,0.0003396886126712769,3.639069299576062e-12
0.0003555903834310055,5.982633050875829e-13,0.0003536461895672791,2.131877822142052e-12,0.0003458509964551294,5.753995411124182e-12,0.0003397218673581393,7.728916064219021e-12,0.000334804000779701,9.795993322975423e-12,0.0003277557959384803,1.169914342638468e-11,0.0003231711568862605,1.345717323683838e-11,0.0003269527814359526,1.518497508305968e-11,0.0003282927706010947,1.586165539060331e-11,0.0003294819605918465,1.512163268212502e-11,0.0003322318154388259,1.260415800694192e-11,0.0003369796639226717,8.178886622492999e-12,0.0003411650276171299,2.204004995758084e-12,0.0003458024649540018,-4.777444459759229e-12,0.0003480934897078767,-1.356362415069572e-11,0.0003487600799786468,-2.374455954592798e-11,0.0003461022469470391,-3.416410743773214e-11,0.0003403189529642397,-4.354882512515276e-11,0.0003442819471607525,-5.128496170936781e-11,0.000349688612671277,3.848306161218565e-12
0.0003655903834310055,7.160651785199981e-13,0.0003636461895672791,2.290179024071284e-12,0.0003558509964551295,6.022928603163087e-12,0.0003497218673581394,8.06717366180847e-12,0.0003448040007797011,1.020940932996922e-11,0.0003377557959384803,1.218923096672113e-11,0.0003331711568862605,1.40167194974013e-11,0.0003369527814359526,1.578586997793323e-11,0.0003382927706010947,1.647461460579991e-11,0.0003394819605918465,1.571261143141763e-11,0.000342231815438826,1.313509118383365e-11,0.0003469796639226717,8.587138062348282e-12,0.0003511650276171299,2.481001889038296e-12,0.0003558024649540018,-4.561732719275707e-12,0.0003580934897078767,-1.337433533334991e-11,0.0003587600799786469,-2.359613340353401e-11,0.0003561022469470392,-3.407863199400658e-11,0.0003503189529642397,-4.353858000896633e-11,0.0003542819471607526,-5.132369422050847e-11,0.000359688612671277,4.056981054650382e-12
0.0003755903834310056,8.331025032051696e-13,0.0003736461895672791,2.447480155881541e-12,0.0003658509964551295,6.290370137437801e-12,0.0003597218673581394,8.403460282262313e-12,0.0003548040007797011,1.061942581191731e-11,0.0003477557959384804,1.267368003895933e-11,0.0003431711568862606,1.456644772213159e-11,0.0003469527814359527,1.636908136457538e-11,0.0003482927706010948,1.706183963088419e-11,0.0003494819605918465,1.627118857320321e-11,0.000352231815438826,1.363030796058576e-11,0.0003569796639226717,8.960951225411832e-12,0.0003611650276171299,2.733093261746071e-12,0.0003658024649540019,-4.364374368889186e-12,0.0003680934897078767,-1.319438053608785e-11,0.0003687600799786469,-2.344752817869127e-11,0.0003661022469470392,-3.398625120534326e-11,0.0003603189529642397,-4.35178834977358e-11,0.0003642819471607526,-5.135136458997506e-11,0.000369688612671277,4.264484819432112e-12
0.0003855903834310056,9.489671044515584e-13,0.0003836461895672792,2.603248742222452e-12,0.0003758509964551295,6.55541347532582e-12,0.0003697218673581394,8.736612487029179e-12,0.0003648040007797011,1.102454080722189e-11,0.0003577557959384804,1.31506035763999e-11,0.0003531711568862606,1.510402675337934e-11,0.0003569527814359527,1.693178322764565e-11,0.0003582927706010948,1.762027002478105e-11,0.0003594819605918466,1.679432272345678e-11,0.000362231815438826,1.408694273927475e-11,0.0003669796639226717,9.298476181108882e-12,0.00037116502761713,2.959298063786658e-12,0.0003758024649540019,-4.185436717808273e-12,0.0003780934897078768,-1.302373005955662e-11,0.0003787600799786469,-2.329852386142743e-11,0.0003761022469470392,-3.388650380808491e-11,0.0003703189529642398,-4.348615381558803e-11,0.0003742819471607526,-5.136747691073495e-11,0.000379688612671277,4.470127030711657e-12
0.0003955903834310056,1.063198660014006e-12,0.0003936461895672792,2.756888267215336e-12,0.0003858509964551295,6.817046483244116e-12,0.0003797218673581394,9.065340364153761e-12,0.0003748040007797011,1.142309243255875e-11,0.0003677557959384804,1.361794967492974e-11,0.0003631711568862606,1.562697267203622e-11,0.0003669527814359527,1.747106234855244e-11,0.0003682927706010948,1.814684738987394e-11,0.0003694819605918466,1.727906535618957e-11,0.0003722207941947428,1.449947164396231e-11,0.0003769796639226718,9.598014580691731e-12,0.00038116502761713,3.158763991722809e-12,0.0003858024649540019,-4.024943768664266e-12,0.0003880934897078768,-1.286235266486007e-11,0.000388760079978647,-2.314894292621055e-11,0.0003861022469470392,-3.37789974992867e-11,0.0003803189529642398,-4.344285158105909e-11,0.0003842819471607526,-5.137157181873922e-11,0.0003896886126712771,4.673134577346553e-12
0.0004055903834310056,1.175285440469486e-12,0.0004036461895672792,2.90773726316432e-12,0.0003958509964551296,7.074151666453188e-12,0.0003897218673581395,9.388219497561283e-12,0.0003848040007797012,1.181325971554356e-11,0.0003777557959384805,1.407350923179799e-11,0.0003731711568862607,1.613266454471873e-11,0.0003769527814359527,1.798394458315213e-11,0.0003782927706010948,1.86385464414976e-11,0.0003794819605918466,1.772259315237997e-11,0.0003821291864455034,1.486079929777795e-11,0.0003869796639226718,9.858081129303402e-12,0.00039116502761713,3.330782976406301e-12,0.000395802464954002,-3.882873329098165e-12,0.0003980934897078768,-1.271021499067639e-11,0.000398760079978647,-2.299865123531657e-11,0.0003961022469470393,-3.366340110840911e-11,0.0003903189529642398,-4.338748538862431e-11,0.0003942819471607527,-5.136323036582259e-11,0.0003996886126712771,4.872651796866381e-12
0.0004155903834310057,1.284665787573584e-12,0.0004136461895672792,3.055070723577754e-12,0.0004058509964551296,7.325507788955682e-12,0.0003997218673581395,9.703693419831055e-12,0.0003948040007797012,1.219308361784578e-11,0.0003877557959384805,1.451492833479075e-11,0.0003831711568862607,1.661836562252464e-11,0.0003869527814359528,1.84674255071454e-11,0.0003882927706010949,1.909240831767025e-11,0.0003894819605918466,1.812223860244531e-11,0.0003919405583706371,1.516877567901329e-11,0.0003969796639226718,1.007734661329827e-11,0.00040116502761713,3.474806083105134e-12,0.000405802464954002,-3.75915700652763e-12,0.0004080934897078768,-1.256728112398476e-11,0.000408760079978647,-2.284755907122896e-11,0.0004061022469470393,-3.353944557264296e-11,0.0004003189529642398,-4.331961654489017e-11,0.0004042819471607527,-5.134207706399388e-11,0.0004096886126712771,5.067742023106814e-12
0.0004255903834310057,1.390730108000097e-12,0.0004236461895672793,3.198102820051251e-12,0.0004158509964551296,7.569794563107572e-12,0.0004097218673581395,1.001005706052257e-11,0.0004048040007797012,1.256047588643502e-11,0.0003977557959384805,1.493972552598225e-11,0.0003931711568862607,1.708124762219492e-11,0.0003969527814359528,1.89185004708962e-11,0.0003982927706010949,1.95055717692204e-11,0.0003994819605918467,1.847551823443575e-11,0.0004016797153009999,1.542399216232874e-11,0.0004069784829321427,1.025334551938585e-11,0.0004111650276171301,3.590452205171974e-12,0.000415802464954002,-3.65367956868179e-12,0.0004180934897078769,-1.243351253069649e-11,0.000418760079978647,-2.26956222054352e-11,0.0004161022469470393,-3.340692712156058e-11,0.0004103189529642399,-4.323886270402208e-11,0.0004142819471607527,-5.130766688450612e-11,0.0004196886126712771,5.257390280587007e-12
0.0004355903834310057,1.492823541818359e-12,0.0004336461895672793,3.335989598678514e-12,0.0004258509964551296,7.805601788185687e-12,0.0004197218673581395,1.030551136507816e-11,0.0004148040007797012,1.291322949258292e-11,0.0004077557959384805,1.534531256770524e-11,0.0004031711568862607,1.751841766755508e-11,0.0004069527814359528,1.933419516102456e-11,0.0004082927706010949,1.98753023535048e-11,0.0004094819605918467,1.878017000938896e-11,0.0004113812993109661,1.562716459577619e-11,0.0004168921135175685,1.038327147234299e-11,0.0004211650276171301,3.677511729649596e-12,0.000425802464954002,-3.566280667345878e-12,0.0004280934897078769,-1.23088685193299e-11,0.0004287600799786471,-2.254284240498652e-11,0.0004261022469470393,-3.326570927504907e-11,0.0004203189529642399,-4.314492809172009e-11,0.0004242819471607528,-5.125872717243484e-11,0.0004296886126712772,5.440506810754766e-12
0.0004455903834310057,1.590279987843434e-12,0.0004436461895672793,3.467831787424708e-12,0.0004358509964551297,8.031433030995327e-12,0.0004297218673581396,1.058817419807532e-11,0.0004248040007797013,1.324903401198963e-11,0.0004177557959384806,1.57290134221806e-11,0.0004131711568862608,1.79269468258262e-11,0.0004169527814359528,1.97115961144442e-11,0.0004182927706010949,2.019901863059765e-11,0.0004194819605918467,1.903205435415011e-11,0.0004210301771614792,1.57779146516731e-11,0.0004266974403299338,1.046745253642443e-11,0.0004311650276171301,3.735945619040104e-12,0.0004358024649540021,-3.496758377088324e-12,0.0004380934897078769,-1.219330734040465e-11,0.0004387600799786471,-2.238927140554732e-11,0.0004361022469470394,-3.311572348349004e-11,0.0004303189529642399,-4.303810992657839e-11,0.0004342819471607528,-5.119426110745211e-11,0.0004396886126712772,5.615931096326261e-12
0.0004555903834310058,1.682857490757653e-12,0.0004536461895672793,3.592677580064448e-12,0.0004458509964551297,8.245707198424131e-12,0.0004397218673581396,1.085606294777209e-11,0.0004348040007797013,1.356549282754654e-11,0.0004277557959384806,1.608808891073426e-11,0.0004231711568862608,1.830389877804655e-11,0.0004269527814359529,2.004787782693978e-11,0.000428292770601095,2.047431463990168e-11,0.0004294819605918467,1.922645445009665e-11,0.0004306304106401264,1.587661044419834e-11,0.0004364530336466938,1.050751814062126e-11,0.0004411650276171301,3.765879904458012e-12,0.0004458024649540021,-3.444874300765588e-12,0.0004480934897078769,-1.208678794545607e-11,0.0004487600799786471,-2.22350051179459e-11,0.0004461022469470394,-3.295696865133011e-11,0.0004403189529642399,-4.291864562003125e-11,0.0004442819471607528,-5.111391974344613e-11,0.0004496886126712772,5.782436082438903e-12
0.0004655903834310058,1.770289334502223e-12,0.0004636461895672794,3.709525213035303e-12,0.0004558509964551297,8.446768617617772e-12,0.0004497218673581396,1.11071202185581e-11,0.0004448040007797013,1.386014087729942e-11,0.0004377557959384806,1.641976092073299e-11,0.0004331711568862608,1.864635719056447e-11,0.0004369527814359529,2.034032756477646e-11,0.000438292770601095,2.069897369909397e-11,0.0004394819605918468,1.936063153925549e-11,0.0004401965841674013,1.592384231923309e-11,0.0004462162820771894,1.050435414634993e-11,0.0004511650276171302,3.76759595535351e-12,0.0004558024649540021,-3.410360025601337e-12,0.000458093489707877,-1.198927235579056e-11,0.0004587600799786471,-2.208018032929761e-11,0.0004561022469470394,-3.278950979037543e-11,0.00045031895296424,-4.278645593591287e-11,0.0004542819471607528,-5.101770579228079e-11,0.0004596886126712772,5.938732372923898e-12
0.0004755903834310058,1.851950552386124e-12,0.0004736461895672794,3.817325274529591e-12,0.0004658509964551297,8.632895312820121e-12,0.0004597218673581396,1.133922334918517e-11,0.0004548040007797013,1.413046397154181e-11,0.0004477557959384806,1.672123479455076e-11,0.0004431711568862608,1.895145059862635e-11,0.0004469527814359529,2.058636433980212e-11,0.000448292770601095,2.087097781190771e-11,0.0004494819605918468,1.943357264078762e-11,0.0004497719904892075,1.592007125216647e-11,0.0004560161559039651,1.045823644181794e-11,0.0004611650276171302,3.741517232984192e-12,0.0004658024649540021,-3.392924581230878e-12,0.000468093489707877,-1.190072853185934e-11,0.0004687600799786472,-2.192497586106729e-11,0.0004661022469470395,-3.261347604376878e-11,0.00046031895296424,-4.264146489061621e-11,0.0004642819471607529,-5.090570834824615e-11,0.0004696886126712773,6.083472479265698e-12
0.0004855903834310058,1.927060603181819e-12,0.0004836461895672794,3.915034346973192e-12,0.0004758509964551298,8.802305960045202e-12,0.0004697218673581397,1.155019359529478e-11,0.0004648040007797014,1.437391246054548e-11,0.0004577557959384807,1.698972021570174e-11,0.0004531711568862609,1.921637399313152e-11,0.0004569527814359529,2.078355251363369e-11,0.000458292770601095,2.098851300684487e-11,0.0004594819605918468,1.944489662190384e-11,0.0004594585796240449,1.586459903865064e-11,0.0004658679178825702,1.036931111783896e-11,0.0004711650276171302,3.68819341954967e-12,0.0004758024649540022,-3.392262497909959e-12,0.000478093489707877,-1.182113359611429e-11,0.0004787600799786472,-2.176961210169734e-11,0.0004761022469470395,-3.242905825012943e-11,0.00047031895296424,-4.248280280143157e-11,0.0004742819471607529,-5.077802526600875e-11,0.0004796886126712773,6.215259214329141e-12
0.0004955903834310059,1.994823444542858e-12,0.0004936461895672794,4.002133193975931e-12,0.0004858509964551298,8.953162060312656e-12,0.0004797218673581397,1.173780726534097e-11,0.0004748040007797014,1.458791717149794e-11,0.0004677557959384807,1.7222451115894e-11,0.0004631711568862609,1.943840675905181e-11,0.000466952781435953,2.092961113328731e-11,0.0004682927706010951,2.104873608846602e-11,0.0004694819605918468,1.939443325451236e-11,0.000469295237775215,1.575567202132352e-11,0.0004757825167201267,1.023775691542502e-11,0.0004811650276171302,3.60827483437359e-12,0.0004858024649540022,-3.408062067810571e-12,0.0004880934897078771,-1.175047724697761e-11,0.0004887600799786472,-2.161434971191745e-11,0.0004861022469470395,-3.223650289461079e-11,0.00048031895296424,-4.230966147435181e-11,0.0004842819471607529,-5.063476542418104e-11,0.0004896886126712773,6.332643303532681e-12
0.0005055903834310059,2.054449222602773e-12,0.0005036461895672795,4.078065043217443e-12,0.0004958509964551298,9.083580253190477e-12,0.0004897218673581397,1.189980628313717e-11,0.0004848040007797014,1.476990540552523e-11,0.0004777557959384807,1.741670233522528e-11,0.0004731711568862609,1.961492676557694e-11,0.000476952781435953,2.102241953659564e-11,0.0004782927706010951,2.104705430428569e-11,0.0004794819605918469,1.928221519663726e-11,0.000479295237775215,1.559146347601839e-11,0.0004857682946334728,1.006384035629029e-11,0.0004911650276171303,3.501454926521357e-12,0.0004958024649540022,-3.440013455361508e-12,0.000498093489707877,-1.168876520670768e-11,0.0004987600799786472,-2.145948838948983e-11,0.0004961022469470395,-3.2036113508654e-11,0.0004903189529642401,-4.212188529323476e-11,0.0004942819471607529,-5.047605594328838e-11,0.0004996886126712773,6.434126385350352e-12
0.0005155903834310059,2.105163655802166e-12,0.0005136461895672795,4.141974177508884e-12,0.0005058509964551299,9.191671926536977e-12,0.0004997218673581397,1.203391289636213e-11,0.0004948040007797014,1.491731562376626e-11,0.0004877557959384807,1.756980494959485e-11,0.0004831711568862609,1.974342144101797e-11,0.000486952781435953,2.106002034406639e-11,0.0004882927706010951,2.098073697540884e-11,0.0004894819605918469,1.910850291233887e-11,0.000489295237775215,1.537444295924342e-11,0.0004957682946334728,9.849431035576844e-12,0.0005011650276171303,3.367531745027368e-12,0.0005058024649540022,-3.48781147323044e-12,0.000508093489707877,-1.163598715674926e-11,0.0005087600799786472,-2.130530169619271e-11,0.0005061022469470396,-3.182821922591331e-11,0.0005003189529642401,-4.191977534347748e-11,0.0005042819471607529,-5.030204186763449e-11,0.0005096886126712773,6.518257619048536e-12
0.000525590383431006,2.145898926310949e-12,0.0005236461895672795,4.192520304192087e-12,0.0005158509964551299,9.275551175657703e-12,0.0005097218673581397,1.213793277749326e-11,0.0005048040007797015,1.502761421528538e-11,0.0004977557959384807,1.767915976002531e-11,0.000493171156886261,1.982149831464571e-11,0.000496952781435953,2.10406211594187e-11,0.0004982927706010951,2.084899118802768e-11,0.0004994819605918469,1.887377896749024e-11,0.0004992952377752151,1.510595899009663e-11,0.0005057682946334729,9.596293573779907e-12,0.0005111650276171303,3.20715959884568e-12,0.0005158024649540023,-3.551164782970756e-12,0.0005180934897078771,-1.159222088889013e-11,0.0005187600799786472,-2.115222953002521e-11,0.0005161022469470396,-3.161299646648299e-11,0.0005103189529642401,-4.170366935617314e-11,0.0005142819471607529,-5.011284062735596e-11,0.0005196886126712773,6.583354709180063e-12
0.000535590383431006,2.175633285124389e-12,0.0005336461895672796,4.228379952455562e-12,0.0005258509964551299,9.333024433005457e-12,0.0005197218673581397,1.220947756376845e-11,0.0005148040007797015,1.509840470964118e-11,0.0005077557959384807,1.77422991080548e-11,0.000503171156886261,1.984689286579442e-11,0.000506952781435953,2.096261085415031e-11,0.0005082927706010951,2.065174020427261e-11,0.0005094819605918469,1.857870741513542e-11,0.0005092952377752151,1.478750972559811e-11,0.0005157682946334729,9.306067925494328e-12,0.0005211650276171303,3.02150937525346e-12,0.0005258024649540023,-3.629854438756988e-12,0.0005280934897078771,-1.155765505031249e-11,0.0005287600799786473,-2.10008724331329e-11,0.0005261022469470396,-3.139007139141228e-11,0.0005203189529642402,-4.147414545857558e-11,0.000524281947160753,-4.990941907330055e-11,0.0005296886126712774,6.628061043810357e-12
0.000545590383431006,2.19349768443413e-12,0.0005436461895672796,4.24842574127087e-12,0.0005358509964551299,9.361952582610271e-12,0.0005297218673581398,1.22460534431678e-11,0.0005248040007797015,1.512705425006487e-11,0.0005177557959384808,1.775678098506863e-11,0.000513171156886261,1.981753499321174e-11,0.000516952781435953,2.082435495736709e-11,0.0005182927706010951,2.038908917060991e-11,0.000519481960591847,1.822429282293982e-11,0.0005192952377752151,1.442083850352408e-11,0.0005257682946334729,8.980599308039875e-12,0.0005311650276171304,2.81184516037179e-12,0.0005358024649540023,-3.72365372527467e-12,0.0005380934897078771,-1.153242975816469e-11,0.0005387600799786473,-2.085175472579081e-11,0.0005361022469470396,-3.115944157966981e-11,0.0005303189529642402,-4.123190576538035e-11,0.000534281947160753,-4.96925198284608e-11,0.0005396886126712774,6.651632743140813e-12
0.000555590383431006,2.198644568050093e-12,0.0005536461895672796,4.251590205812295e-12,0.00054585099645513,9.360421176347693e-12,0.0005397218673581398,1.224535951758966e-11,0.0005348040007797016,1.511100815747726e-11,0.0005277557959384808,1.772013000061346e-11,0.000523171156886261,1.973135835201459e-11,0.0005269527814359531,2.062185017781648e-11,0.0005282927706010952,2.006133081335455e-11,0.000529481960591847,1.781256436020171e-11,0.0005292952377752151,1.400793329551664e-11,0.0005357682946334729,8.621819662600667e-12,0.0005411650276171304,2.579398039258362e-12,0.0005458024649540023,-3.832331680874738e-12,0.0005480934897078772,-1.151664077489512e-11,0.0005487600799786473,-2.070532544662316e-11,0.0005461022469470397,-3.092161278568525e-11,0.0005403189529642402,-4.097754632709785e-11,0.000544281947160753,-4.946244037914958e-11,0.0005496886126712774,6.653046693616981e-12
0.0005655903834310061,2.19019190472183e-12,0.0005636461895672796,4.236785399083336e-12,0.00055585099645513,9.326618231737646e-12,0.0005497218673581398,1.220530920031306e-11,0.0005448040007797016,1.504802708660486e-11,0.0005377557959384808,1.763008121418357e-11,0.0005331711568862611,1.958643367880138e-11,0.0005369527814359531,2.035188744515161e-11,0.0005382927706010952,1.96689866525339e-11,0.000539481960591847,1.734558191046027e-11,0.0005392952377752152,1.355090982834227e-11,0.000545768294633473,8.231653474113853e-12,0.0005511650276171304,2.325365004258615e-12,0.0005558024649540024,-3.955696320498875e-12,0.0005580934897078772,-1.151040974856763e-11,0.0005587600799786473,-2.056205242865798e-11,0.0005561022469470397,-3.067735266207945e-11,0.0005503189529642402,-4.071158721914249e-11,0.000554281947160753,-4.921942618124694e-11,0.0005596886126712775,6.630976683216217e-12
0.0005755903834310061,2.167240146601285e-12,0.0005736461895672797,4.202910405626103e-12,0.00056585099645513,9.258966682385116e-12,0.0005597218673581398,1.21239271313647e-11,0.0005548040007797016,1.49360937838825e-11,0.0005477557959384808,1.748467930100297e-11,0.0005431711568862611,1.938114151094612e-11,0.0005469527814359531,2.001338383939844e-11,0.0005482927706010952,1.921281473592981e-11,0.0005494819605918471,1.682521159749843e-11,0.0005492952377752152,1.305196310585508e-11,0.000555768294633473,7.812020765787377e-12,0.0005611650276171305,2.050914419339744e-12,0.0005658024649540024,-4.093607605912807e-12,0.0005680934897078772,-1.151390898441022e-11,0.0005687600799786474,-2.042240303616804e-11,0.0005661022469470397,-3.042750425296296e-11,0.0005603189529642403,-4.043456787335133e-11,0.0005642819471607531,-4.896376137431896e-11,0.0005696886126712775,6.584062627494776e-12
0.0005855903834310061,2.12888352503613e-12,0.0005836461895672797,4.148871393644285e-12,0.00057585099645513,9.156930508593921e-12,0.0005697218673581399,1.199931841986539e-11,0.0005648040007797016,1.477332690829498e-11,0.0005577557959384809,1.72822020012113e-11,0.0005531711568862611,1.911415373217508e-11,0.0005569527814359532,1.960646524417675e-11,0.0005582927706010953,1.869380153694382e-11,0.0005594819605918471,1.62534449170376e-11,0.0005592952377752152,1.251337664693196e-11,0.000565768294633473,7.364842874714714e-12,0.0005711650276171305,1.757182063852671e-12,0.0005758024649540024,-4.245971800627808e-12,0.0005780934897078772,-1.15273529160742e-11,0.0005787600799786474,-2.028598229909705e-11,0.0005761022469470397,-3.017293032568296e-11,0.0005703189529642403,-4.014707448552377e-11,0.0005742819471607531,-4.8695759363605e-11,0.0005796886126712775,6.511001730565002e-12
0.0005955903834310061,2.074217401405066e-12,0.0005936461895672797,4.073593476508581e-12,0.0005858509964551301,9.019900796111459e-12,0.0005797218673581399,1.18296980686326e-11,0.0005748040007797017,1.455798846984519e-11,0.0005677557959384809,1.702111051016847e-11,0.0005631711568862611,1.878436458028953e-11,0.0005669527814359532,1.913162654149721e-11,0.0005682927706010953,1.811315949834542e-11,0.0005694819605918471,1.563247987652586e-11,0.0005692952377752153,1.193752534830542e-11,0.000575768294633473,6.892033746958725e-12,0.0005811650276171305,1.44526473452684e-12,0.0005858024649540025,-4.413051059652834e-12,0.0005880934897078773,-1.155099352266045e-11,0.0005887600799786474,-2.015258975102476e-11,0.0005861022469470398,-2.991451964633619e-11,0.0005803189529642403,-3.984973537708707e-11,0.0005842819471607531,-4.841575629089223e-11,0.0005896886126712775,6.410553421359105e-12
0.0006055903834310062,2.002349848775679e-12,0.0006036461895672797,3.976043357992229e-12,0.0005958509964551301,8.846776036387123e-12,0.0005897218673581399,1.1613431273955e-11,0.0005848040007797017,1.428852752805949e-11,0.0005777557959384809,1.670006954385976e-11,0.0005731711568862612,1.83906744492579e-11,0.0005769527814359532,1.858955262340026e-11,0.0005782927706010953,1.747277320955084e-11,0.0005794819605918471,1.496471966209523e-11,0.0005792952377752153,1.13268697636064e-11,0.0005857682946334731,6.395490912759683e-12,0.0005911650276171305,1.11622093530804e-12,0.0005958024649540025,-4.595935790838228e-12,0.0005980934897078773,-1.158511988158051e-11,0.0005987600799786475,-2.002268212279318e-11,0.0005961022469470398,-2.965319596507464e-11,0.0005903189529642403,-3.954321902161722e-11,0.0005942819471607531,-4.812411321427587e-11,0.0005996886126712776,6.281549867266834e-12
0.0006155903834310062,1.912413280194653e-12,0.0006136461895672798,3.855241987284555e-12,0.0006058509964551301,8.636393460577578e-12,0.00059972186735814,1.13490771287462e-11,0.0005948040007797017,1.396362642378945e-11,0.0005877557959384809,1.631799425375711e-11,0.0005831711568862612,1.793004861693647e-11,0.0005869527814359532,1.798119821368658e-11,0.0005882927706010953,1.677605768949686e-11,0.0005894819605918472,1.425278244231388e-11,0.0005892952377752153,1.068394688898296e-11,0.0005957682946334731,5.877091585974329e-12,0.0006011650276171306,7.710639649540776e-13,0.0006058024649540025,-4.795110570648363e-12,0.0006080934897078773,-1.163005763672097e-11,0.0006087600799786475,-1.989708169314204e-11,0.0006061022469470398,-2.938992031013253e-11,0.0006003189529642404,-3.922823653199595e-11,0.0006042819471607532,-4.782122152346471e-11,0.0006096886126712776,6.122913825644615e-12
0.0006255903834310062,1.803577209128717e-12,0.0006234861778505168,3.712794013361734e-12,0.0006157978709073804,8.389212984360428e-12,0.000609570563390826,1.104144330852722e-11,0.0006048037220476316,1.35822584658776e-11,0.000597755795938481,1.587409818917338e-11,0.0005931711568862612,1.740054612592222e-11,0.0005969527814359533,1.730785295880148e-11,0.0005982927706010954,1.602605458601232e-11,0.0005994819605918472,1.349968210851379e-11,0.0005992952377752153,1.001136570010033e-11,0.0006057682946334731,5.338687780297406e-12,0.0006111650276171306,4.10765286303829e-13,0.0006158024649540025,-5.010565140189799e-12,0.0006180934897078773,-1.168616705526173e-11,0.0006187600799786475,-1.977668228064049e-11,0.0006161022469470398,-2.912569149183753e-11,0.0006103189529642404,-3.890554239950984e-11,0.0006142819471607532,-4.750750566170053e-11,0.0006195869649283055,5.935763387047254e-12
0.0006355811356918279,1.675186915650996e-12,0.0006331246778475068,3.549830329462432e-12,0.0006255815447247599,8.10850264091433e-12,0.00061926414728037,1.069360590839049e-11,0.0006146472414683138,1.315099450958072e-11,0.000607755795938481,1.5367939401128e-11,0.0006031464808567564,1.680378729522513e-11,0.0006069527814359533,1.657127943356947e-11,0.0006082927706010954,1.522563178827316e-11,0.0006094819605918472,1.270861033595972e-11,0.0006092952377752154,9.311802928646423e-12,0.0006157682946334732,4.782092930640169e-12,0.0006211650276171306,3.62576360507659e-14,0.0006258024649540026,-5.242235613155524e-12,0.0006280934897078774,-1.175358659542277e-11,0.0006287600799786475,-1.966237607200168e-11,0.0006261022469470399,-2.886154456233502e-11,0.0006203189529642404,-3.857594056701829e-11,0.0006242819471607532,-4.718342784587812e-11,0.0006293067405066389,5.722048534362906e-12
0.0006454057823767133,1.529079639799171e-12,0.000642573371421618,3.366948169253279e-12,0.0006351886667193177,7.79614708302164e-12,0.0006288679216920023,1.030529820253418e-11,0.0006242983869551345,1.267403739877201e-11,0.0006176321245587628,1.480689001414468e-11,0.0006129526275391594,1.615155879457859e-11,0.0006168587832258105,1.578319789920607e-11,0.0006182927706010954,1.437797575875592e-11,0.0006194819605918472,1.188290863961816e-11,0.0006192952377752154,8.58798167100174e-12,0.0006257682946334732,4.209084661968839e-12,0.0006311650276171306,-3.524518510405997e-13,0.0006358024649540026,-5.490131163094657e-12,0.0006380934897078774,-1.18316708104618e-11,0.0006387600799786476,-1.95550600402942e-11,0.0006361022469470399,-2.859854762081169e-11,0.0006303189529642404,-3.824028800089792e-11,0.0006342819471607533,-4.684949269346027e-11,0.0006388453778911193,5.482885543454106e-12
0.0006550368367620509,1.366165463278124e-12,0.0006518359007424551,3.164963153891954e-12,0.0006446301768948685,7.453543049917535e-12,0.0006383727817083375,9.878327293623447e-12,0.0006337640553101061,1.215425538987344e-11,0.0006273286246632153,1.419732595480068e-11,0.0006225937665793643,1.544849765841812e-11,0.0006266905798621412,1.494777217325318e-11,0.0006282927706010954,1.348668200059324e-11,0.0006294819605918473,1.102608534243436e-11,0.0006292952377752154,7.842663724742304e-12,0.0006357682946334732,3.621401763904769e-12,0.0006411650276171307,-7.585986597224207e-13,0.0006458024649540026,-5.754315655504082e-12,0.0006480934897078774,-1.192031997947108e-11,0.0006487600799786476,-1.945564288300646e-11,0.0006461022469470399,-2.833780140790961e-11,0.0006403189529642405,-3.789949552884526e-11,0.0006442819471607533,-4.650625160054355e-11,0.0006482094534869733,5.219346673738318e-12
0.0006644905441844188,1.187285337761513e-12,0.000660923283649617,2.944714591264186e-12,0.0006539117073888692,7.082367752634907e-12,0.0006477464097614725,9.416012907607579e-12,0.0006430419888754679,1.159574470071449e-11,0.0006368446211291465,1.354197459971989e-11,0.0006320889932862384,1.469879204698254e-11,0.0006364833908219136,1.40666221837657e-11,0.0006382927706010955,1.255578127002934e-11,0.0006394819605918473,1.014183299662381e-11,0.0006392952377752154,7.078635842948821e-12,0.0006457682946334732,3.02074238144616e-12,0.0006511650276171307,-1.182677428965919e-12,0.0006558024649540026,-6.034882710602301e-12,0.0006580934897078774,-1.202004146028014e-11,0.0006587600799786476,-1.936504533605982e-11,0.00065610224694704,-2.808043699892835e-11,0.0006503189529642405,-3.755452877776077e-11,0.0006542819471607533,-4.615430703716513e-11,0.0006574073909308349,4.932545607406264e-12
0.0006738193660799978,9.930603370869964e-13,0.000669863353007339,2.707579803884799e-12,0.0006630465539842572,6.684720025947973e-12,0.0006569822224470707,8.921379057187926e-12,0.0006521583570841495,1.100268339184948e-11,0.0006461323370492762,1.284847776821239e-11,0.0006414556816371934,1.390816075800665e-11,0.0006462164016578015,1.314622870439323e-11,0.0006482927706010955,1.158995881210268e-11,0.0006494819605918473,9.234004442119061e-12,0.0006492952377752155,6.298693310542946e-12,0.0006557682946334733,2.408761320892465e-12,0.0006611650276171307,-1.624733565698557e-12,0.0006658024649540027,-6.331945285453987e-12,0.0006680934897078775,-1.213152769617743e-11,0.0006687600799786476,-1.928419791111634e-11,0.00066610224694704,-2.782761256970348e-11,0.0006603189529642405,-3.720640908422964e-11,0.0006642819471607533,-4.579431663549616e-11,0.000666455528793001,4.624237986869932e-12
0.000683134121840331,7.816869793469463e-13,0.0006787673012632436,2.451862226100784e-12,0.0006720899367331773,6.261661736438491e-12,0.0006661038738006949,8.397653026029709e-12,0.0006612086915950525,1.037523902632885e-11,0.0006552009513918902,1.212367313590394e-11,0.0006507687823649501,1.307572513972571e-11,0.00065588093840416,1.219257079579126e-11,0.0006582927706010955,1.059405741604165e-11,0.0006594819605918473,8.306572081048987e-12,0.0006592952377752155,5.505619298751276e-12,0.0006657682946334733,1.787069805033546e-12,0.0006711650276171307,-2.084638759101551e-12,0.0006758024649540027,-6.645631171026992e-12,0.0006780934897078775,-1.225546679263012e-11,0.0006787600799786477,-1.92140357668031e-11,0.00067610224694704,-2.758050776773766e-11,0.0006703189529642405,-3.685621368394633e-11,0.0006742819471607534,-4.542699689412254e-11,0.0006754325632230137,4.294110381955057e-12
0.0006924372464579934,5.531801249789954e-13,0.0006876860373014918,2.176401439309597e-12,0.0006811477289590793,5.810092147794523e-12,0.0006752162828374551,7.842031016714585e-12,0.0006703190399804874,9.70822900152688e-12,0.0006641655693011498,1.136445548242235e-11,0.0006600485882935626,1.220398869224017e-11,0.0006654962753063,1.120920667051084e-11,0.0006682927706010955,9.573120208361709e-12,0.0006694819605918474,7.363586693844263e-12,0.0006692952377752155,4.702167046030501e-12,0.0006757682946334733,1.157245799934084e-12,0.0006811650276171308,-2.562296305761246e-12,0.0006858024649540027,-6.975517570850127e-12,0.0006880934897078775,-1.239252617877408e-11,0.0006887600799786477,-1.915549237075738e-11,0.00068610224694704,-2.734032000486685e-11,0.0006803189529642406,-3.650507904825166e-11,0.0006842819471607534,-4.505312630424682e-11,0.00068443006685875,3.939725716122425e-12
0.0007016913140782407,3.088141516360085e-13,0.0006965913136553143,1.882427329730884e-12,0.0006902381953517655,5.330189349352203e-12,0.0006843660644113864,7.253558160834348e-12,0.0006795059685869619,9.002438563332395e-12,0.000673084977446525,1.057036326230238e-11,0.0006692823478357532,1.129871623391584e-11,0.0006750937626926957,1.019867435646737e-11,0.0006782927706010956,8.532387173294663e-12,0.0006794819605918474,6.409139497440415e-12,0.0006792952377752155,3.891051314471541e-12,0.0006857682946334733,5.208304318762045e-13,0.0006911650276171308,-3.057607698237701e-12,0.0006958024649540027,-7.320732089345227e-12,0.0006980934897078775,-1.254371058834044e-11,0.0006987600799786477,-1.910949243165428e-11,0.0006961022469470401,-2.710825936243633e-11,0.0006903189529642406,-3.615419381057524e-11,0.0006942819471607534,-4.467354768568682e-11,0.0006934435408565445,3.561854807224418e-12
0.0007109028889136583,4.90050933020408e-14,0.0007054746170423945,1.570889217874803e-12,0.0006993418083242086,4.824406943257696e-12,0.0006935376482822674,6.635249740995264e-12,0.0006887300147775909,8.263157540895075e-12,0.0006819709381909815,9.746242730672981e-12,0.0006784826842473724,1.036366242174645e-11,0.0006847229009736325,9.161202598824116e-12,0.0006882927706010956,7.477237011831477e-12,0.0006894819605918474,5.447299747087688e-12,0.0006892952377752156,3.074923599582053e-12,0.0006957682946334734,-1.206673073560854e-13,0.0007011650276171308,-3.570452763839316e-12,0.0007058024649540028,-7.681048436048776e-12,0.0007080934897078776,-1.271060584190142e-11,0.0007087600799786477,-1.907694368174667e-11,0.0007061022469470401,-2.688554064011792e-11,0.0007003189529642406,-3.58047908066633e-11,0.0007042819471607534,-4.428916950270833e-11,0.0007024546381158259,3.162217024062617e-12
0.0007200979873645208,-2.266582283733469e-13,0.0007143573415463749,1.241815578067174e-12,0.0007084740791180453,4.293638418849249e-12,0.0007027385627877816,5.989067022261224e-12,0.000697980790301303,7.493160071015464e-12,0.000690911404289603,8.890186952435962e-12,0.0006876831592605235,9.40077148704969e-12,0.000694431826749547,8.096936831745146e-12,0.0006982927706010956,6.413100651195729e-12,0.0006994819605918474,4.482059871672121e-12,0.0006992952377752156,2.256356166467153e-12,0.0007057682946334734,-7.711231394443061e-13,0.0007111650276171308,-4.100666564099356e-12,0.0007158024649540028,-8.056685266889534e-12,0.0007180934897078776,-1.289415925753755e-11,0.0007187600799786478,-1.905872730308617e-11,0.0007161022469470401,-2.667337394831692e-11,0.0007103189529642407,-3.545814596364792e-11,0.0007142819471607535,-4.390096516529787e-11,0.0007114816379069774,2.741181188009372e-12
0.0007293096923430167,-5.207099335116574e-13,0.0007232658918879717,8.950130511912203e-13,0.0007176709964671486,3.737650554247282e-12,0.000712005354811397,5.31510258838379e-12,0.0007072332662685188,6.697809133504461e-12,0.000700021679126811,7.99564173215888e-12,0.0006969354097073076,8.409720887439332e-12,0.0007042754327024304,7.005306909397545e-12,0.0007082927706010956,5.345353269126386e-12,0.0007094819605918475,3.517288917771168e-12,0.0007092952377752156,1.437825910423476e-12,0.0007157682946334734,-1.438699659036463e-12,0.0007211650276171309,-4.648026687980515e-12,0.0007258024649540028,-8.4478825274417e-12,0.0007280934897078776,-1.309482004254503e-11,0.0007287600799786478,-1.905568686973009e-11,0.0007261022469470401,-2.647295417576988e-11,0.0007203189529642407,-3.511557302524292e-11,0.0007242819471607535,-4.350996966030593e-11,0.0007205563181587494,2.29847571303776e-12
0.0007386150287896368,-8.360989116774426e-13,0.0007322298490233841,5.301137019911014e-13,0.0007269751034113634,3.155774933219995e-12,0.0007213847978887702,4.612690464837402e-12,0.0007164761288330359,5.882576934229798e-12,0.0007093208382114579,7.064565555859336e-12,0.000706289388557101,7.390399245178889e-12,0.0007142754327024304,5.889682885538286e-12,0.0007182927706010957,4.279212350146497e-12,0.0007194819605918475,2.556678198733051e-12,0.0007192952377752156,6.21705475657339e-13,0.0007257682946334734,-2.123745220139249e-12,0.0007311650276171309,-5.212220263212534e-12,0.0007358024649540028,-8.854780521747621e-12,0.0007380934897078777,-1.331290067673472e-11,0.0007387600799786478,-1.906861587216383e-11,0.0007361022469470402,-2.628544910557401e-11,0.0007303189529642407,-3.477841424378219e-11,0.0007342819471607535,-4.311727613723432e-11,0.0007297133593220686,1.833650650610914e-12
0.0007480417483904062,-1.174246526265385e-12,0.0007412847039027947,1.464701988227785e-13,0.0007364394433089327,2.546674037460033e-12,0.0007309348240803318,3.880351004749364e-12,0.0007257284774105806,5.050619187670006e-12,0.0007186895774268562,6.113533019394781e-12,0.0007157971697229701,6.344729646188343e-12,0.0007242754327024304,4.773687129042508e-12,0.0007282927706010957,3.21964119454085e-12,0.0007294819605918475,1.603700214027538e-12,0.0007292952377752157,-1.897414525754681e-13,0.0007357682946334735,-2.82560362108025e-12,0.0007411650276171309,-5.791963269519466e-12,0.0007458024649540029,-9.277421211830833e-12,0.0007480934897078777,-1.354866307888608e-11,0.0007487600799786478,-1.909824392540093e-11,0.0007461022469470402,-2.611198611405612e-11,0.0007403189529642407,-3.444802916693346e-11,0.0007442819471607535,-4.272403761395743e-11,0.0007389968117478448,1.345751078348143e-12
0.0007576203933847768,-1.536564970052414e-12,0.0007504734146088069,-2.571336039423052e-13,0.0007461320656135749,1.908073071411203e-12,0.0007406335307050888,3.123027631042716e-12,0.000735034542015529,4.202722717838315e-12,0.0007281119109688341,5.149512454280176e-12,0.0007254453676648627,5.282115659741994e-12,0.0007342754327024305,3.663546129953748e-12,0.0007382927706010957,2.171265220499664e-12,0.0007394819605918476,6.615765111906997e-13,0.0007392952377752157,-1.003677922596042e-12,0.0007457682946334735,-3.543426414963436e-12,0.0007511650276171309,-6.385972882196727e-12,0.0007558024649540029,-9.715744123434838e-12,0.0007580934897078777,-1.380229307629475e-11,0.0007587600799786479,-1.914522185181805e-11,0.0007561022469470402,-2.595363756241234e-11,0.0007503189529642408,-3.412578181981763e-11,0.0007542819471607536,-4.233145826544429e-11,0.0007484619725778371,8.332019374420199e-13
0.0007674035248255194,-1.925434469778319e-12,0.0007598537050870398,-6.867900588232915e-13,0.000756132065613575,1.237092856592463e-12,0.0007504552098077897,2.345782110907731e-12,0.0007444292836712551,3.340415769673646e-12,0.0007376129711268174,4.175417002889685e-12,0.0007352658177887441,4.20571864860894e-12,0.0007442754327024305,2.567505711723825e-12,0.0007482927706010957,1.138306688263838e-12,0.0007494819605918476,-2.667157417086963e-13,0.0007492952377752157,-1.832201963299899e-12,0.0007557682946334735,-4.276277650584945e-12,0.000761165027617131,-6.993488584034929e-12,0.0007658024649540029,-1.016956947850767e-11,0.0007680934897078777,-1.407387283145709e-11,0.0007687600799786479,-1.921010592633758e-11,0.0007661022469470402,-2.581140509840635e-11,0.0007603189529642408,-3.381302614301144e-11,0.0007642819471607536,-4.194078260311242e-11,0.00075817779754134,2.936902394496688e-13
0.0007774035248255194,-2.341715687589123e-12,0.000769592458164167,-1.152232874756795e-12,0.000766132065613575,5.575588832351305e-13,0.0007603755875710796,1.553903533354032e-12,0.0007539456156316466,2.465452561588843e-12,0.0007472112979703894,3.194837588726889e-12,0.0007452346898036934,3.124294255919436e-12,0.0007542754327024305,1.493184149318344e-12,0.0007582927706010958,1.245483398959803e-13,0.0007594819605918476,-1.192166460085811e-12,0.0007592952377752157,-2.675213559297873e-12,0.0007657682946334735,-5.023071531128573e-12,0.000771165027617131,-7.613939273069314e-12,0.0007758024649540029,-1.063858015356384e-11,0.0007780934897078778,-1.436336099657239e-11,0.0007787600799786479,-1.929334168099887e-11,0.0007761022469470403,-2.568620317290675e-11,0.0007703189529642408,-3.351108976885417e-11,0.0007742819471607536,-4.155328417939425e-11,0.00076817779754134,-2.730797548024655e-13
0.0007874035248255194,-2.775945431427478e-12,0.000779592458164167,-1.649793988883677e-12,0.000776132065613575,-1.267426017355843e-13,0.0007703755875710796,7.532942768000844e-13,0.0007636249570227894,1.578921266847714e-12,0.0007569361710038199,2.210277356168436e-12,0.0007552346898036935,2.056389129588042e-12,0.0007642754327024306,4.454562934897853e-13,0.0007682927706010958,-8.700193415667954e-13,0.0007694819605918476,-2.128938462126148e-12,0.0007692952377752158,-3.531111992287429e-12,0.0007757682946334736,-5.782554153351745e-12,0.000781165027617131,-8.246606650674973e-12,0.000785802464954003,-1.112230593598982e-11,0.0007880934897078778,-1.467057748546537e-11,0.0007887600799786479,-1.939524777419485e-11,0.0007861022469470403,-2.557884211472217e-11,0.0007803189529642408,-3.322125640784499e-11,0.0007842819471607536,-4.117025270380866e-11,0.0007781777975413401,-8.559344028901655e-13
0.0007974035248255194,-3.226910196923411e-12,0.0007895924581641671,-2.165685679585349e-12,0.0007861320656135751,-8.181982734847574e-13,0.0007803755875710796,-4.491463909922887e-14,0.0007735183191545066,6.8124351203916e-13,0.0007668307522086441,1.222908879910546e-12,0.0007652346898036935,1.010402415078421e-12,0.0007742754327024306,-5.732738224058833e-13,0.0007782927706010958,-1.86558176482483e-12,0.0007794819605918477,-3.076503603025775e-12,0.0007792952377752158,-4.398088550828034e-12,0.0007857682946334736,-6.553077952129895e-12,0.0007911650276171311,-8.890566576477531e-12,0.000795802464954003,-1.162011047122699e-11,0.0007980934897078778,-1.499518909860237e-11,0.000798760079978648,-1.951600052941701e-11,0.0007961022469470403,-2.549001132779024e-11,0.0007903189529642409,-3.294474722882992e-11,0.0007942819471607537,-4.079298101236652e-11,0.0007881777975413401,-1.456806773528884e-12
0.0008074035248255195,-3.693251863614369e-12,0.0007995924581641671,-2.698219435752851e-12,0.0007961320656135751,-1.524194856308587e-12,0.0007903755875710796,-8.421001871749227e-13,0.0007835183191545066,-2.127828953500292e-13,0.0007768307522086442,2.444841043100429e-13,0.0007752346898036935,-9.366217523737094e-15,0.0007842754327024306,-1.584567179329085e-12,0.0007882927706010959,-2.863594098068004e-12,0.0007894819605918477,-4.031585897272068e-12,0.0007892952377752158,-5.274210114081793e-12,0.0007957682946334736,-7.331974661385815e-12,0.0008011650276171311,-9.544705266739923e-12,0.000805802464954003,-1.213118611295366e-11,0.0008080934897078778,-1.533669725809672e-11,0.000808760079978648,-1.965561867796318e-11,0.0008061022469470403,-2.542026309932155e-11,0.0008003189529642409,-3.268270170842367e-11,0.0008042819471607537,-4.042275142067268e-11,0.0007981777975413401,-2.074200451692104e-12
0.0008174035248255195,-4.173482897984489e-12,0.0008095924581641671,-3.245581238995894e-12,0.0008061320656135751,-2.243590690294854e-12,0.0008003755875710797,-1.650178508394043e-12,0.0007935183191545066,-1.100563702839116e-12,0.0007868307522086442,-7.129207720571897e-13,0.0007852346898036935,-1.007272232982121e-12,0.0007942754327024306,-2.596997811136747e-12,0.0007982927706010959,-3.861656066235534e-12,0.0007994819605918477,-4.988446033064292e-12,0.0007992952377752159,-6.157367194862512e-12,0.0008057682946334737,-8.116972110693993e-12,0.0008111650276171311,-1.02077255084873e-11,0.0008158024649540031,-1.265454277667722e-11,0.0008180934897078779,-1.569442888005411e-11,0.000818760079978648,-1.98143329441953e-11,0.0008161022469470404,-2.536999764935694e-11,0.0008103189529642409,-3.243615852380826e-11,0.0008142819471607537,-4.006081051392449e-11,0.0008081777975413401,-2.705744299048684e-12
0.0008274035248255195,-4.666006049869878e-12,0.0008195924581641672,-3.805842150957338e-12,0.0008161320656135751,-2.974337432187996e-12,0.0008103755875710797,-2.467806698176577e-12,0.0008035183191545067,-1.994950539777127e-12,0.0007968307522086442,-1.669544114784219e-12,0.0007952346898036936,-2.005420066219125e-12,0.0008042754327024307,-3.608529471417888e-12,0.0008082927706010959,-4.856692280069575e-12,0.0008094819605918477,-5.942605026458343e-12,0.0008092952377752159,-7.045077942315205e-12,0.0008157682946334737,-8.906197816753397e-12,0.0008211650276171311,-1.087814884467036e-11,0.0008258024649540031,-1.318900341185031e-11,0.0008280934897078779,-1.606753114189124e-11,0.0008287600799786481,-1.999254173496195e-11,0.0008261022469470404,-2.533945012704273e-11,0.0008203189529642409,-3.220603711413773e-11,0.0008242819471607537,-3.970835352569056e-11,0.0008181777975413402,-3.349043461996081e-12
0.0008374035248255195,-5.169136200649375e-12,0.0008295924581641672,-4.376984539763089e-12,0.0008261320656135752,-3.71359588498755e-12,0.0008203755875710797,-3.291776473090474e-12,0.0008135183191545067,-2.893945610064816e-12,0.0008068307522086442,-2.628703664598259e-12,0.0008052346898036936,-3.003998966377327e-12,0.0008142754327024307,-4.615629740060748e-12,0.0008182927706010959,-5.845589998787439e-12,0.0008194819605918478,-6.891129211409166e-12,0.0008192952377752159,-7.932207764279057e-12,0.0008257682946334737,-9.697746764962251e-12,0.0008311650276171312,-1.155432336250864e-11,0.0008358024649540031,-1.373321357335752e-11,0.0008380934897078779,-1.645497077064762e-11,0.0008387600799786481,-2.018992588987384e-11,0.0008361022469470404,-2.532868020298973e-11,0.000830318952964241,-3.199312058759388e-11,0.0008342819471607538,-3.936650855109847e-11,0.0008281777975413402,-4.001665567891208e-12
0.0008474035248255196,-5.681123434448464e-12,0.0008395924581641672,-4.956930590169744e-12,0.0008361320656135752,-4.458295410538349e-12,0.0008303755875710797,-4.118689026002681e-12,0.0008235183191545067,-3.794001071666511e-12,0.0008168307522086443,-3.587542220338252e-12,0.0008152346898036936,-3.999739156421944e-12,0.0008242754327024307,-5.614948291372006e-12,0.000828292770601096,-6.825236704580945e-12,0.0008294819605918478,-7.831301215761397e-12,0.0008292952377752159,-8.813824401845964e-12,0.0008357682946334737,-1.048853520614668e-11,0.0008411650276171312,-1.223443839389302e-11,0.0008458024649540031,-1.428565027660651e-11,0.0008480934897078779,-1.685554157462579e-11,0.0008487600799786481,-2.040564121045619e-11,0.0008461022469470405,-2.533756488567038e-11,0.000840318952964241,-3.179804067659399e-11,0.0008442819471607538,-3.903631979896808e-11,0.0008381777975413402,-4.661143538327731e-12
0.0008574035248255196,-6.200174061029074e-12,0.0008495924581641672,-5.543562437282509e-12,0.0008461320656135752,-5.205465015041702e-12,0.0008403755875710798,-4.945333627188161e-12,0.0008335183191545067,-4.691643382083785e-12,0.0008268307522086443,-4.542396297492658e-12,0.0008252346898036937,-4.989078153379513e-12,0.0008342754327024307,-6.603228962276915e-12,0.000838292770601096,-7.792551425862001e-12,0.0008394819605918478,-8.760264122856304e-12,0.000839295237775216,-9.686179722239805e-12,0.0008457682946334738,-1.127341943134989e-11,0.0008511650276171312,-1.291649561472272e-11,0.0008558024649540032,-1.484463749478098e-11,0.000858093489707878,-1.726787562792488e-11,0.0008587600799786481,-2.063861678784202e-11,0.0008561022469470405,-2.536579510122918e-11,0.000850318952964241,-3.162126540419787e-11,0.0008542819471607538,-3.871873184809354e-11,0.0008481777975413402,-5.325003177769822e-12
0.0008674035248255196,-6.724466189873632e-12,0.0008595924581641673,-6.134753922921663e-12,0.0008561320656135752,-5.952253762286299e-12,0.0008503755875710798,-5.768640149319028e-12,0.0008435183191545068,-5.583606780758898e-12,0.0008368307522086443,-5.489855789496588e-12,0.0008352346898036937,-5.968633901988515e-12,0.0008442754327024308,-7.577297227424382e-12,0.000848292770601096,-8.744521808202252e-12,0.0008494819605918478,-9.675157903182004e-12,0.000849295237775216,-1.054597873690825e-11,0.0008557682946334738,-1.204870832347692e-11,0.0008611650276171312,-1.359637731818484e-11,0.0008658024649540032,-1.540836695617545e-11,0.000868093489707878,-1.769044390388271e-11,0.0008687600799786482,-2.08876336059899e-11,0.0008661022469470405,-2.541287643531003e-11,0.000860318952964241,-3.14630899950553e-11,0.0008642819471607539,-3.841457581203201e-11,0.0008581777975413403,-5.991008814374054e-12
0.0008774035248255196,-7.252196776900001e-12,0.0008695924581641673,-6.728416427837534e-12,0.0008661320656135753,-6.695936031465615e-12,0.0008603755875710798,-6.585667367448325e-12,0.0008535183191545068,-6.466756556895623e-12,0.0008468307522086444,-6.426654027208427e-12,0.0008452346898036937,-6.935155158350159e-12,0.0008542754327024308,-8.53409995983836e-12,0.000858292770601096,-9.67825358487364e-12,0.0008594819605918479,-1.057322333019187e-11,0.000859295237775216,-1.139053855335398e-11,0.0008657682946334738,-1.281214093160159e-11,0.0008711650276171313,-1.426963650294539e-11,0.0008758024649540032,-1.597451383077331e-11,0.000878093489707878,-1.812158579887468e-11,0.0008787600799786482,-2.115132790839847e-11,0.0008761022469470405,-2.547813142752134e-11,0.0008703189529642411,-3.132363160699824e-11,0.0008742819471607539,-3.812455791331456e-11,0.0008681777975413403,-6.657539891697525e-12
0.0008874035248255197,-7.781588593574544e-12,0.0008795924581641673,-7.322512742283964e-12,0.0008761320656135753,-7.433903250980343e-12,0.0008703755875710798,-7.393633018489199e-12,0.0008635183191545068,-7.338127357344539e-12,0.0008568307522086444,-7.349689359018463e-12,0.0008552346898036937,-7.885538197056125e-12,0.0008642754327024308,-9.47075762925042e-12,0.0008682927706010961,-1.059102461535017e-11,0.0008694819605918479,-1.145185216217055e-11,0.000869295237775216,-1.221758212025737e-11,0.0008757682946334738,-1.356171688368682e-11,0.0008811650276171313,-1.493353926650254e-11,0.0008858024649540032,-1.653865767766283e-11,0.000888093489707878,-1.85595317550232e-11,0.0008887600799786482,-2.142820091775481e-11,0.0008861022469470406,-2.556071143444818e-11,0.0008803189529642411,-3.120282811479263e-11,0.0008842819471607539,-3.784925086853019e-11,0.0008781777975413403,-7.322526253808218e-12
0.0008974035248255197,-8.310920718977694e-12,0.0008895924581641673,-7.915081714654659e-12,0.0008861320656135753,-8.163717004731708e-12,0.0008803755875710799,-8.189947640699212e-12,0.0008735183191545069,-8.19496134600229e-12,0.0008668307522086444,-8.256057362110114e-12,0.0008652346898036938,-8.816869347195886e-12,0.0008742754327024308,-1.038461552232232e-11,0.0008782927706010961,-1.148033624223653e-11,0.0008794819605918479,-1.230863422337245e-11,0.0008792952377752161,-1.302500213613841e-11,0.0008857682946334739,-1.429543440621914e-11,0.0008911650276171313,-1.558620235186268e-11,0.0008958024649540033,-1.709721099564622e-11,0.0008980934897078781,-1.900182491773633e-11,0.0008987600799786482,-2.171664378010778e-11,0.0008961022469470406,-2.565961461062473e-11,0.0008903189529642411,-3.110044107447891e-11,0.0008942819471607539,-3.758908836693829e-11,0.0008881777975413403,-7.983659500466584e-12
0.0009074035248255197,-8.838525532890862e-12,0.0008995924581641674,-8.504239374739437e-12,0.0008961320656135753,-8.883125183043268e-12,0.0008903755875710799,-8.972234885595845e-12,0.0008835183191545069,-9.034734082633564e-12,0.0008768307522086444,-9.143086487476986e-12,0.0008752346898036938,-9.726470570668025e-12,0.0008842754327024309,-1.127328958659215e-11,0.0008882927706010961,-1.234395803115592e-11,0.0008894819605918479,-1.314080484974118e-11,0.0008892952377752161,-1.381084461735065e-11,0.0008957682946334739,-1.501139895598526e-11,0.0009011650276171313,-1.622584632613245e-11,0.0009058024649540033,-1.76480729405479e-11,0.0009080934897078781,-1.944434700886453e-11,0.0009087600799786483,-2.201496438541129e-11,0.0009061022469470406,-2.57736990979558e-11,0.0009003189529642412,-3.101606280615404e-11,0.000904281947160754,-3.734436276834383e-11,0.0008981777975413404,-8.638737709441852e-12
0.0009174035248255198,-9.362811413953105e-12,0.0009095924581641674,-9.088226106723327e-12,0.0009061320656135754,-9.59007448649655e-12,0.0009003755875710799,-9.738350671266189e-12,0.0008935183191545069,-9.855180071056215e-12,0.0008868307522086445,-1.000837022169977e-11,0.0008852346898036938,-1.061194013723755e-11,0.0008942754327024309,-1.213470377765386e-11,0.0008982927706010961,-1.317996331082963e-11,0.000899481960591848,-1.394586617343894e-11,0.0008992952377752161,-1.457335939967666e-11,0.0009057682946334739,-1.570789300627524e-11,0.0009111650276171314,-1.685075008266885e-11,0.0009158024649540033,-1.818960199891006e-11,0.0009180934897078781,-1.988402051305099e-11,0.0009187600799786483,-2.232083092786621e-11,0.0009161022469470406,-2.590170383689966e-11,0.0009103189529642412,-3.094912729436057e-11,0.000914281947160754,-3.711522598663812e-11,0.0009081777975413404,-9.285739912294858e-12
0.0009274035248255198,-9.882273872279181e-12,0.0009195924581641674,-9.665913706582642e-12,0.0009161320656135754,-1.028272237341741e-11,0.0009103755875710799,-1.048639701808939e-11,0.0009035183191545069,-1.065430843106866e-11,0.0008968307522086445,-1.084979888819153e-11,0.0008952346898036938,-1.147118527092383e-11,0.0009042754327024309,-1.296711669898737e-11,0.0009082927706010962,-1.398675376622886e-11,0.000909481960591848,-1.472214048179639e-11,0.0009092952377752161,-1.531103476316365e-11,0.0009157682946334739,-1.638340164783148e-11,0.0009211650276171314,-1.745933729945606e-11,0.0009258024649540033,-1.872020684332966e-11,0.0009280934897078781,-2.031901671344318e-11,0.0009287600799786483,-2.263054310238869e-11,0.0009261022469470407,-2.604227135913418e-11,0.0009203189529642412,-3.08989244259614e-11,0.000924281947160754,-3.690169335967491e-11,0.0009181777975413404,-9.922814801813674e-12
0.0009374035248255198,-1.039551747218806e-11,0.0009295924581641674,-1.023606727594402e-11,0.0009261320656135754,-1.095944626450795e-11,0.00092037558757108,-1.12147301593472e-11,0.000913518319154507,-1.143041456956386e-11,0.0009068307522086445,-1.166557701924491e-11,0.0009052346898036939,-1.230244243965941e-11,0.0009142754327024309,-1.376913629727714e-11,0.0009182927706010962,-1.476307232177019e-11,0.000919481960591848,-1.546855325395256e-11,0.0009192952377752162,-1.602261658867687e-11,0.000925768294633474,-1.703662955024479e-11,0.0009311650276171314,-1.805021471340865e-11,0.0009358024649540034,-1.923839049969491e-11,0.0009380934897078782,-2.074783996150282e-11,0.0009387600799786483,-2.294133907497566e-11,0.0009361022469470407,-2.619376799938252e-11,0.0009303189529642412,-3.086461695562829e-11,0.000934281947160754,-3.670365044479841e-11,0.0009281777975413405,-1.05482917647866e-11
0.0009474035248255198,-1.090126321886488e-11,0.0009395924581641675,-1.079725499731668e-11,0.0009361320656135754,-1.161884306910739e-11,0.00093037558757108,-1.192196316594501e-11,0.000923518319154507,-1.218208618598181e-11,0.0009168307522086445,-1.245423373555836e-11,0.0009152346898036939,-1.310429258577532e-11,0.000924275432702431,-1.453972118107184e-11,0.0009282927706010962,-1.550800447894296e-11,0.000929481960591848,-1.618436104430054e-11,0.0009292952377752162,-1.670711891433866e-11,0.000935768294633474,-1.766651543593036e-11,0.0009411650276171314,-1.862219203865678e-11,0.0009458024649540034,-1.974281642162219e-11,0.0009480934897078782,-2.116904552009569e-11,0.0009487600799786484,-2.325153559924194e-11,0.0009461022469470407,-2.635331488280209e-11,0.0009403189529642413,-3.084525892268687e-11,0.0009442819471607541,-3.652086431037171e-11,0.0009381777975413405,-1.116068912707589e-11
0.0009574035248255199,-1.139833910388471e-11,0.0009495924581641675,-1.134808205042508e-11,0.0009461320656135755,-1.225973231708542e-11,0.00094037558757108,-1.260696798804633e-11,0.000933518319154507,-1.290820164882043e-11,0.0009268307522086446,-1.321461968015159e-11,0.0009252346898036939,-1.387566293683676e-11,0.000934275432702431,-1.527817328589188e-11,0.0009382927706010962,-1.622071312454805e-11,0.0009394819605918481,-1.686909891190253e-11,0.0009392952377752162,-1.736383052528645e-11,0.000945768294633474,-1.827224352145111e-11,0.0009511650276171315,-1.917428684214039e-11,0.0009558024649540034,-2.023231802157533e-11,0.0009580934897078782,-2.158127772859112e-11,0.0009587600799786484,-2.355972932520824e-11,0.0009561022469470407,-2.651885303167892e-11,0.0009503189529642413,-3.083981398569415e-11,0.0009542819471607541,-3.635299069391388e-11,0.0009481777975413405,-1.17587145799862e-11
0.0009674035248255199,-1.188575714991373e-11,0.0009595924581641675,-1.18873103084869e-11,0.0009561320656135755,-1.288114180243419e-11,0.0009503755875710801,-1.326886543497675e-11,0.000943518319154507,-1.360792606907767e-11,0.0009368307522086446,-1.394590040722432e-11,0.0009352346898036939,-1.461581841375238e-11,0.000944275432702431,-1.598412878781637e-11,0.0009482927706010963,-1.690033354460762e-11,0.0009494819605918481,-1.752258171162637e-11,0.0009492952377752162,-1.799230934670358e-11,0.000955768294633474,-1.885323152329712e-11,0.0009611650276171315,-1.970571182342747e-11,0.0009658024649540034,-2.070588633743403e-11,0.0009680934897078783,-2.198330205276778e-11,0.0009687600799786484,-2.386454391776797e-11,0.0009661022469470408,-2.668900738622008e-11,0.0009603189529642413,-3.084646384019554e-11,0.0009642819471607541,-3.619957496112277e-11,0.0009581777975413405,-1.23412525162198e-11
0.0009774035248255198,-1.23630227376823e-11,0.0009695924581641675,-1.241385757845159e-11,0.0009661320656135755,-1.348228557131037e-11,0.0009603755875710801,-1.39069954847623e-11,0.0009535183191545071,-1.428068819866222e-11,0.0009468307522086446,-1.464754463800491e-11,0.000945234689803694,-1.532434702636245e-11,0.000954275432702431,-1.665752166457401e-11,0.0009582927706010963,-1.754674122856088e-11,0.0009594819605918481,-1.814487457286862e-11,0.0009592952377752163,-1.859235475953313e-11,0.0009657682946334741,-1.940910428600748e-11,0.0009711650276171315,-2.021587771484899e-11,0.0009758024649540035,-2.11627068213495e-11,0.0009780934897078782,-2.237405576908673e-11,0.0009787600799786484,-2.416470268316076e-11,0.0009761022469470408,-2.686248985777301e-11,0.0009703189529642413,-3.086291789318364e-11,0.0009742819471607541,-3.605984242187238e-11,0.0009681777975413406,-1.290734680315585e-11
0.0009874035248255198,-1.282946196780892e-11,0.0009795924581641675,-1.292681431555963e-11,0.0009761320656135756,-1.406258400283507e-11,0.0009703755875710801,-1.452090542849912e-11,0.0009635183191545071,-1.492614549323358e-11,0.0009568307522086446,-1.531929054636347e-11,0.000955234689803694,-1.600112161329224e-11,0.0009642754327024311,-1.729853397337275e-11,0.0009682927706010963,-1.816034955415911e-11,0.0009694819605918482,-1.873625967464582e-11,0.0009692952377752163,-1.916398282641407e-11,0.0009757682946334741,-1.993971653206145e-11,0.0009811650276171314,-2.070442020432569e-11,0.0009858024649540035,-2.160216794430208e-11,0.0009880934897078782,-2.275265444225399e-11,0.0009887600799786485,-2.445906906020855e-11,0.0009861022469470407,-2.703800265116168e-11,0.0009803189529642414,-3.088763203916801e-11,0.0009842819471607542,-3.593232099679575e-11,0.0009781777975413405,-1.345623198642855e-11
0.0009937017624127599,-1.311734291396111e-11,0.0009895924581641675,-1.342542593033207e-11,0.0009861320656135756,-1.462164893717758e-11,0.00098037558757108,-1.511036238635913e-11,0.0009735183191545071,-1.554418453811152e-11,0.0009668307522086447,-1.596110581002674e-11,0.000965234689803694,-1.664625376989916e-11,0.0009742754327024311,-1.790758708903254e-11,0.0009782927706010964,-1.874184671340937e-11,0.0009794819605918482,-1.929724642966225e-11,0.0009792952377752162,-1.970744268324289e-11,0.000985768294633474,-2.04451443656898e-11,0.0009911650276171315,-2.117118119778336e-11,0.0009929012324770017,-2.190338043724046e-11,0.0009940467448539391,-2.297199916463968e-11,0.0009943800399893244,-2.462160840089497e-11,0.0009930511234735205,-2.716052397731079e-11,0.0009903189529642414,-3.091957903126725e-11,0.0009921409735803772,-3.583991836226347e-11,0.0009881777975413405,-1.398732246424264e-11
0.001,-1.340044301916301e-11,0.0009947962290820836,-1.367902604280902e-11,0.0009930660328067878,-1.49967339082214e-11,0.0009903755875710801,-1.567532363962571e-11,0.0009835183191545071,-1.613490716229452e-11,0.0009768307522086447,-1.657319487566459e-11,0.000975234689803694,-1.726009463582056e-11,0.0009842754327024311,-1.848531940200453e-11,0.0009882927706010964,-1.929209057746564e-11,0.0009894819605918482,-1.982853567401246e-11,0.0009892952377752162,-2.022318485307855e-11,0.000992884147316737,-2.078962420942544e-11,0.001,-2.156546410730152e-11,0.001,-2.219552014823794e-11,0.001,-2.318664091926792e-11,0.001,-2.478183005175604e-11,0.001,-2.728303579494611e-11,0.001,-3.095651302908165e-11,0.001,-3.575399985698348e-11,0.0009940888987706703,-1.42927284650367e-11
  ,  ,0.001,-1.392849553496125e-11,0.001,-1.536146111629384e-11,0.001,-1.619604642318846e-11,0.0009917591595772536,-1.660139337709892e-11,0.0009868307522086447,-1.715596960221102e-11,0.000985234689803694,-1.78432078059875e-11,0.0009921377163512155,-1.891798847664384e-11,0.0009941463853005482,-1.960009884148188e-11,0.0009947409802959241,-2.009633680777879e-11,0.0009946476188876082,-2.048807798029456e-11,0.001,-2.112161686402481e-11,  ,  ,  ,  ,  ,  ,  ,  ,  ,  ,  ,  ,  ,  ,0.001,-1.459169111805491e-11
  ,  ,  ,  ,  ,  ,  ,  ,0.001,-1.70497462101836e-11,0.0009934153761043223,-1.75240021397503e-11,0.000992617344901847,-1.825443062938381e-11,0.001,-1.933186783290643e-11,0.001,-1.989793891840031e-11,0.001,-2.035628304452319e-11,0.001,-2.074530238242635e-11,  ,  ,  ,  ,  ,  ,  ,  ,  ,  ,  ,  ,  ,  ,  ,  ,  ,  
  ,  ,  ,  ,  ,  ,  ,  ,  ,  ,0.001,-1.787975732129984e-11,0.001,-1.864963210973261e-11,  ,  ,  ,  ,  ,  ,  ,  ,  ,  ,  ,  ,  ,  ,  ,  ,  ,  ,  ,  ,  ,  ,  ,  ,  ,  
