/I_270/OUTA X,/I_270/OUTA Y,/I_405/OUTA X,/I_405/OUTA Y,/I_540/OUTA X,/I_540/OUTA Y,/I_675/OUTA X,/I_675/OUTA Y,/I_810/OUTA X,/I_810/OUTA Y,/I_945/OUTA X,/I_945/OUTA Y,/I_1080/OUTA X,/I_1080/OUTA Y,/I_1215/OUTA X,/I_1215/OUTA Y,/I_1350/IN X,/I_1350/IN Y
0,2.912321828813705e-11,0,3.289820835413403e-11,0,3.851659085101186e-11,0,4.560231925817534e-11,0,5.238043961189176e-11,0,5.883558280569327e-11,0,6.497659023873797e-11,0,7.081988880719647e-11,0,-2e-10
1e-06,2.912334334947487e-11,1e-06,3.289833967400061e-11,1e-06,3.85167357870113e-11,1e-06,4.560248242631429e-11,1e-06,5.238061854299848e-11,1e-06,5.883577057825011e-11,1e-06,6.497679267272422e-11,1e-06,7.082009982367114e-11,1e-06,-1.996e-10
3e-06,2.912475924024e-11,3e-06,3.289987039938046e-11,3e-06,3.851845741023596e-11,3e-06,4.560444302358491e-11,3e-06,5.238278929778567e-11,3e-06,5.88381252830762e-11,3e-06,6.497930594537072e-11,3e-06,7.082275062149093e-11,3e-06,-1.988e-10
5.124216042947847e-06,2.912700374148466e-11,5.124216042947847e-06,3.290231911965255e-11,5.124216042947847e-06,3.852122829476103e-11,5.124216042947847e-06,4.560761088448994e-11,5.124216042947847e-06,5.238631034856797e-11,5.124216042947847e-06,5.884195816912083e-11,5.124216042947847e-06,6.498341284838055e-11,5.124216042947847e-06,7.082709756277697e-11,5.124216042947847e-06,-1.979503135828209e-10
8.457928868626991e-06,2.913170706435241e-11,8.457928868626991e-06,3.29074976253402e-11,8.457928868626991e-06,3.852712635469373e-11,8.457928868626991e-06,4.561438401940521e-11,8.457928868626991e-06,5.239387137883371e-11,8.457928868626991e-06,5.885022340438246e-11,8.457928868626991e-06,6.499230504733989e-11,8.457928868626991e-06,7.083654649593331e-11,8.457928868626991e-06,-1.966168284525492e-10
1.512535451998528e-05,2.914256358342426e-11,1.512535451998528e-05,3.291952129833286e-11,1.512535451998528e-05,3.854088074909476e-11,1.512535451998528e-05,4.563022744700188e-11,1.512535451998528e-05,5.24116086348894e-11,1.512535451998528e-05,5.886966508342926e-11,1.512535451998528e-05,6.501327520347066e-11,1.512535451998528e-05,7.085888441891293e-11,1.512535451998528e-05,-1.939498581920059e-10
2.512535451998528e-05,2.915978964868478e-11,2.512535451998528e-05,3.293863508734471e-11,2.512535451998528e-05,3.856277687749359e-11,2.512535451998528e-05,4.565547326457267e-11,2.512535451998528e-05,5.243989558202105e-11,2.512535451998528e-05,5.890069311916955e-11,2.512535451998528e-05,6.504676535391693e-11,2.512535451998528e-05,7.089458178694029e-11,2.512535451998528e-05,-1.899498581920059e-10
3.512535451998528e-05,2.917764012971571e-11,3.512535451998528e-05,3.295844233028128e-11,3.512535451998528e-05,3.85854677247151e-11,3.512535451998528e-05,4.568163493730419e-11,3.512535451998528e-05,5.246920758160374e-11,3.512535451998528e-05,5.893284399579239e-11,3.512535451998528e-05,6.508146565851427e-11,3.512535451998528e-05,7.093156714856598e-11,3.512535451998528e-05,-1.859498581920059e-10
4.512535451998528e-05,2.919615677324134e-11,4.512535451998528e-05,3.297898454933823e-11,4.512535451998528e-05,3.860899667207674e-11,4.512535451998528e-05,4.570875948144333e-11,4.512535451998528e-05,5.249959490883173e-11,4.512535451998528e-05,5.896617081610114e-11,4.512535451998528e-05,6.511743158399467e-11,4.512535451998528e-05,7.096989785703793e-11,4.512535451998528e-05,-1.819498581920059e-10
5.512535451998528e-05,2.92154273645579e-11,5.512535451998528e-05,3.300036132569466e-11,5.512535451998528e-05,3.863347967944198e-11,5.512535451998528e-05,4.573698210167475e-11,5.512535451998528e-05,5.253121062354988e-11,5.512535451998528e-05,5.900084306005403e-11,5.512535451998528e-05,6.515484765872876e-11,5.512535451998528e-05,7.100977221817875e-11,5.512535451998528e-05,-1.779498581920059e-10
6.512535451998528e-05,2.923551426545328e-11,6.512535451998528e-05,3.302264298137291e-11,6.512535451998528e-05,3.865899824350265e-11,6.512535451998528e-05,4.576639741732449e-11,6.512535451998528e-05,5.25641613293123e-11,6.512535451998528e-05,5.903697820309232e-11,6.512535451998528e-05,6.519384119808054e-11,6.512535451998528e-05,7.105132644836695e-11,6.512535451998528e-05,-1.739498581920059e-10
7.512535451998528e-05,2.925647239349636e-11,7.512535451998528e-05,3.304589055042903e-11,7.512535451998528e-05,3.868562232506899e-11,7.512535451998528e-05,4.579708604890361e-11,7.512535451998528e-05,5.259853727904013e-11,7.512535451998528e-05,5.907467514295599e-11,7.512535451998528e-05,6.523451883380554e-11,7.512535451998528e-05,7.109467408660299e-11,7.512535451998528e-05,-1.699498581920059e-10
8.512535451998528e-05,2.927836022451537e-11,8.512535451998528e-05,3.307016877171373e-11,8.512535451998528e-05,3.871342591915564e-11,8.512535451998528e-05,4.58291331112048e-11,8.512535451998528e-05,5.263443362541799e-11,8.512535451998528e-05,5.911403802680955e-11,8.512535451998528e-05,6.527699274308567e-11,8.512535451998528e-05,7.113993446330378e-11,8.512535451998528e-05,-1.659498581920059e-10
9.512535451998528e-05,2.930124226085425e-11,9.512535451998528e-05,3.309554907329813e-11,9.512535451998528e-05,3.874249068238239e-11,9.512535451998528e-05,4.586263254559701e-11,9.512535451998528e-05,5.26719554044693e-11,9.512535451998528e-05,5.915518183558838e-11,9.512535451998528e-05,6.532138678829831e-11,9.512535451998528e-05,7.118723935532017e-11,9.512535451998528e-05,-1.619498581920059e-10
0.0001051253545199853,2.932518948709768e-11,0.0001051253545199853,3.312211008603489e-11,0.0001051253545199853,3.877290652495665e-11,0.0001051253545199853,4.589768780018161e-11,0.0001051253545199853,5.271121829087988e-11,0.0001051253545199853,5.919823320388513e-11,0.0001051253545199853,6.536783739259034e-11,0.0001051253545199853,7.123673390951436e-11,0.0001051253545199853,-1.579498581920059e-10
0.0001151253545199853,2.935027993222439e-11,0.0001151253545199853,3.314993824647198e-11,0.0001151253545199853,3.880477228204857e-11,0.0001151253545199853,4.593441258728901e-11,0.0001151253545199853,5.275234943069641e-11,0.0001151253545199853,5.924333131763862e-11,0.0001151253545199853,6.541649449319222e-11,0.0001151253545199853,7.128857764321708e-11,0.0001151253545199853,-1.539498581920059e-10
0.0001251253545199853,2.937659951157158e-11,0.0001251253545199853,3.317912872153038e-11,0.0001251253545199853,3.883819676381812e-11,0.0001251253545199853,4.597293208529832e-11,0.0001251253545199853,5.279548877927074e-11,0.0001251253545199853,5.929062937305199e-11,0.0001251253545199853,6.546752310730867e-11,0.0001251253545199853,7.13429461044457e-11,0.0001251253545199853,-1.499498581920059e-10
0.0001351253545199853,2.940424305692306e-11,0.0001351253545199853,3.320978654759679e-11,0.0001351253545199853,3.887330005553794e-11,0.0001351253545199853,4.601338443162207e-11,0.0001351253545199853,5.284079076764188e-11,0.0001351253545199853,5.934029639764806e-11,0.0001351253545199853,6.552110529060588e-11,0.0001351253545199853,7.140003295218015e-11,0.0001351253545199853,-1.459498581920059e-10
0.0001451253545199853,2.943331551440777e-11,0.0001451253545199853,3.324202795607531e-11,0.0001451253545199853,3.891021503120435e-11,0.0001451253545199853,4.605592246108987e-11,0.0001451253545199853,5.288842624295738e-11,0.0001451253545199853,5.93925193708715e-11,0.0001451253545199853,6.55774424178905e-11,0.0001451253545199853,7.146005237892659e-11,0.0001451253545199853,-1.419498581920059e-10
0.0001551253545199853,2.946393333650579e-11,0.0001551253545199853,3.327598191327298e-11,0.0001551253545199853,3.894908911140464e-11,0.0001551253545199853,4.610071572441038e-11,0.0001551253545199853,5.293858472100251e-11,0.0001551253545199853,5.944750568525455e-11,0.0001551253545199853,6.563675782952877e-11,0.0001551253545199853,7.152324192125096e-11,0.0001551253545199853,-1.379498581920059e-10
0.0001651253545199853,2.949622610902891e-11,0.0001651253545199853,3.331179191986932e-11,0.0001651253545199853,3.899008631710892e-11,0.0001651253545199853,4.61479528459333e-11,0.0001651253545199853,5.299147701693362e-11,0.0001651253545199853,5.950548602036901e-11,0.0001651253545199853,6.56992999212322e-11,0.0001651253545199853,7.158986574066291e-11,0.0001651253545199853,-1.339498581920059e-10
0.0001751253545199853,2.953033846201467e-11,0.0001751253545199853,3.33496181241583e-11,0.0001751253545199853,3.903338968125601e-11,0.0001751253545199853,4.619784429177963e-11,0.0001751253545199853,5.304733833341917e-11,0.0001751253545199853,5.95667177159532e-11,0.0001751253545199853,6.576534577002776e-11,0.0001751253545199853,7.1660218473357e-11,0.0001751253545199853,-1.299498581920059e-10
0.0001851253545199853,2.956643232414296e-11,0.0001851253545199853,3.338963981489541e-11,0.0001851253545199853,3.907920409318614e-11,0.0001851253545199853,4.625062563427883e-11,0.0001851253545199853,5.310643190192308e-11,0.0001851253545199853,5.963148874868709e-11,0.0001851253545199853,6.583520540851016e-11,0.0001851253545199853,7.17346297675807e-11,0.0001851253545199853,-1.259498581920059e-10
0.0001951253545199853,2.960468959466185e-11,0.0001951253545199853,3.343205837549497e-11,0.0001951253545199853,3.912775966900274e-11,0.0001951253545199853,4.630656141934488e-11,0.0001951253545199853,5.316905329584211e-11,0.0001951253545199853,5.970012244196727e-11,0.0001951253545199853,6.590922688613512e-11,0.0001951253545199853,7.181346965577305e-11,0.0001951253545199853,-1.219498581920059e-10
0.0002051253545199853,2.964531532555232e-11,0.0002051253545199853,3.347710080191721e-11,0.0002051253545199853,3.91793157644471e-11,0.0002051253545199853,4.636594977034917e-11,0.0002051253545199853,5.32355355641342e-11,0.0002051253545199853,5.977298307069463e-11,0.0002051253545199853,6.598780229141004e-11,0.0002051253545199853,7.189715494556313e-11,0.0002051253545199853,-1.179498581920059e-10
0.0002151253545199853,2.96885415308692e-11,0.0002151253545199853,3.352502391335936e-11,0.0002151253545199853,3.923416577731845e-11,0.0002151253545199853,4.642912789672889e-11,0.0002151253545199853,5.33062553726953e-11,0.0002151253545199853,5.985048256513248e-11,0.0002151253545199853,6.607137495374098e-11,0.0002151253545199853,7.198615686144913e-11,0.0002151253545199853,-1.139498581920059e-10
0.0002251253545199853,2.973463177169999e-11,0.0002251253545199853,3.357611941958628e-11,0.0002251253545199853,3.929264292593126e-11,0.0002251253545199853,4.649647872086797e-11,0.0002251253545199853,5.33816403910181e-11,0.0002251253545199853,5.993308857258046e-11,0.0002251253545199853,6.616044810238316e-11,0.0002251253545199853,7.208101023095183e-11,0.0002251253545199853,-1.099498581920059e-10
0.0002351253545199853,2.978388670646265e-11,0.0002351253545199853,3.363072005423545e-11,0.0002351253545199853,3.935512724190902e-11,0.0002351253545199853,4.65684388958995e-11,0.0002351253545199853,5.346217822740133e-11,0.0002351253545199853,6.002133420712962e-11,0.0002351253545199853,6.62555953365482e-11,0.0002351253545199853,7.21823245901077e-11,0.0002351253545199853,-1.059498581920059e-10
0.0002451253545199853,2.983665099606567e-11,0.0002451253545199853,3.368920720304091e-11,0.0002451253545199853,3.942205426511938e-11,0.0002451253545199853,4.664550877280019e-11,0.0002451253545199853,5.354842753397461e-11,0.0002451253545199853,6.011583016449606e-11,0.0002451253545199853,6.635747363257881e-11,0.0002451253545199853,7.22907979772678e-11,0.0002451253545199853,-1.019498581920059e-10
0.0002551253545199853,2.98933227316746e-11,0.0002551253545199853,3.375202131222919e-11,0.0002551253545199853,3.949392690302377e-11,0.0002551253545199853,4.67282659925709e-11,0.0002551253545199853,5.364103314843224e-11,0.0002551253545199853,6.021728123827535e-11,0.0002551253545199853,6.646684107459176e-11,0.0002551253545199853,7.240723573377797e-11,0.0002551253545199853,-9.794985819200588e-11
0.0002651253545199853,2.995436229454146e-11,0.0002651253545199853,3.381967169911235e-11,0.0002651253545199853,3.957132662638699e-11,0.0002651253545199853,4.681737832244692e-11,0.0002651253545199853,5.374074039782388e-11,0.0002651253545199853,6.032650192610467e-11,0.0002651253545199853,6.658457361159841e-11,0.0002651253545199853,7.253256827587161e-11,0.0002651253545199853,-9.394985819200588e-11
0.0002751253545199853,3.002030465792047e-11,0.0002751253545199853,3.389275011807324e-11,0.0002751253545199853,3.9654928907633e-11,0.0002751253545199853,4.691362132581759e-11,0.0002751253545199853,5.384841475638484e-11,0.0002751253545199853,6.044443784375085e-11,0.0002751253545199853,6.67116880166e-11,0.0002751253545199853,7.266787540906541e-11,0.0002751253545199853,-8.994985819200587e-11
0.0002851253545199854,3.009177576663924e-11,0.0002851253545199854,3.397194883784019e-11,0.0002851253545199854,3.974552380392279e-11,0.0002851253545199854,4.701790192860735e-11,0.0002851253545199854,5.396506807222275e-11,0.0002851253545199854,6.057219430476957e-11,0.0002851253545199854,6.68493725384855e-11,0.0002851253545199854,7.281441880014088e-11,0.0002851253545199854,-8.594985819200586e-11
0.0002951253545199854,3.016951292211063e-11,0.0002951253545199854,3.405808314791064e-11,0.0002951253545199854,3.9844041587076e-11,0.0002951253545199854,4.713128776179165e-11,0.0002951253545199854,5.409189121956652e-11,0.0002951253545199854,6.071107189908885e-11,0.0002951253545199854,6.699902505701959e-11,0.0002951253545199854,7.297368239431521e-11,0.0002951253545199854,-8.194985819200586e-11
0.0003051253545199854,3.025439051399386e-11,0.0003051253545199854,3.415211975627856e-11,0.0003051253545199854,3.995158506822789e-11,0.0003051253545199854,4.725504415052285e-11,0.0003051253545199854,5.423029524057058e-11,0.0003051253545199854,6.08626113013324e-11,0.0003051253545199854,6.716230111440007e-11,0.0003051253545199854,7.314742327252519e-11,0.0003051253545199854,-7.794985819200584e-11
0.0003151253545199854,3.034745310521356e-11,0.0003151253545199854,3.425521328939569e-11,0.0003151253545199854,4.006947112849697e-11,0.0003151253545199854,4.739068161599974e-11,0.0003151253545199854,5.438196415682124e-11,0.0003151253545199854,6.102865076422792e-11,0.0003151253545199854,6.734117551898851e-11,0.0003151253545199854,7.33377368533806e-11,0.0003151253545199854,-7.394985819200583e-11
0.0003251253545199855,3.044995846254341e-11,0.0003251253545199855,3.436875375036073e-11,0.0003251253545199855,4.019928469847587e-11,0.0003251253545199855,4.754001758857031e-11,0.0003251253545199855,5.454892355096337e-11,0.0003251253545199855,6.1211400749052e-11,0.0003251253545199855,6.753802227894284e-11,0.0003251253545199855,7.354714146280143e-11,0.0003251253545199855,-6.994985819200582e-11
0.0003351253545199855,3.056343412284656e-11,0.0003351253545199855,3.449442888590172e-11,0.0003351253545199855,4.03429496668439e-11,0.0003351253545199855,4.770525743564162e-11,0.0003351253545199855,5.473363056992215e-11,0.0003351253545199855,6.141354182177185e-11,0.0003351253545199855,6.775571940794971e-11,0.0003351253545199855,7.377868917048778e-11,0.0003351253545199855,-6.594985819200578e-11
0.0003451253545199855,3.068975261989442e-11,0.0003451253545199855,3.463430709822309e-11,0.0003451253545199855,4.05028231054325e-11,0.0003451253545199855,4.788910207415139e-11,0.0003451253545199855,5.49390933934211e-11,0.0003451253545199855,6.16383545309402e-11,0.0003451253545199855,6.799778790024245e-11,0.0003451253545199855,7.403611269074652e-11,0.0003451253545199855,-6.19498581920058e-11
0.0003551253545199856,3.083123278916664e-11,0.0003551253545199856,3.479094905498237e-11,0.0003551253545199856,4.068182204451016e-11,0.0003551253545199856,4.809489266820202e-11,0.0003551253545199856,5.516903177660669e-11,0.0003551253545199856,6.188989383655064e-11,0.0003551253545199856,6.826857827152869e-11,0.0003551253545199856,7.432402245458694e-11,0.0003551253545199856,-5.794985819200578e-11
0.0003651253545199856,3.099077803650793e-11,0.0003651253545199856,3.496755995619006e-11,0.0003651253545199856,4.088359633204267e-11,0.0003651253545199856,4.8326807786113e-11,0.0003651253545199856,5.542809564719124e-11,0.0003651253545199856,6.217322645738702e-11,0.0003651253545199856,6.857352422491802e-11,0.0003651253545199856,7.464817443095095e-11,0.0003651253545199856,-5.394985819200577e-11
0.0003751253545199856,3.117206778896549e-11,0.0003751253545199856,3.516820026310165e-11,0.0003751253545199856,4.111276770584585e-11,0.0003751253545199856,4.859013585968648e-11,0.0003751253545199856,5.572216695751671e-11,0.0003751253545199856,6.249475836613911e-11,0.0003751253545199856,6.891949240610127e-11,0.0003751253545199856,7.501583913869106e-11,0.0003751253545199856,-4.994985819200576e-11
0.0003851253545199856,3.137982667218926e-11,0.0003851253545199856,3.539808181341943e-11,0.0003851253545199856,4.137526548654095e-11,0.0003851253545199856,4.889165740347568e-11,0.0003851253545199856,5.605878275485874e-11,0.0003851253545199856,6.286269339802664e-11,0.0003851253545199856,6.93152717690567e-11,0.0003851253545199856,7.54363175344713e-11,0.0003851253545199856,-4.594985819200575e-11
0.0003951253545199857,3.162020915450761e-11,0.0003951253545199857,3.566399067942372e-11,0.0003951253545199857,4.167880554154049e-11,0.0003951253545199857,4.924018976768008e-11,0.0003951253545199857,5.644773751877758e-11,0.0003951253545199857,6.328768551489602e-11,0.0003951253545199857,6.977226889453497e-11,0.0003951253545199857,7.592167331534372e-11,0.0003951253545199857,-4.194985819200574e-11
0.0004051253545199857,3.190135854179435e-11,0.0004051253545199857,3.597490124256081e-11,0.0004051253545199857,4.203358512847753e-11,0.0004051253545199857,4.964737640311961e-11,0.0004051253545199857,5.690195475993181e-11,0.0004051253545199857,6.37837814976062e-11,0.0004051253545199857,7.030551172237157e-11,0.0004051253545199857,7.648778883966707e-11,0.0004051253545199857,-3.794985819200575e-11
0.0004151253545199857,3.22342335342948e-11,0.0004151253545199857,3.63428833762442e-11,0.0004151253545199857,4.245330814351681e-11,0.0004151253545199857,5.012884961286672e-11,0.0004151253545199857,5.743876911257815e-11,0.0004151253545199857,6.436980556607567e-11,0.0004151253545199857,7.093512172191402e-11,0.0004151253545199857,7.715591171389901e-11,0.0004151253545199857,-3.394985819200574e-11
0.0004249261418525539,3.262510039883282e-11,0.0004249261418525539,3.677479659918253e-11,0.0004249261418525539,4.294570264783457e-11,0.0004249261418525539,5.069334095735902e-11,0.0004249261418525539,5.806777225680924e-11,0.0004249261418525539,6.505607782593893e-11,0.0004249261418525539,7.167203095409896e-11,0.0004249261418525539,7.793748456843563e-11,0.0004249261418525539,-3.002954325897844e-11
0.0004341985800510747,3.307151563552892e-11,0.0004341985800510747,3.72678606337127e-11,0.0004341985800510747,4.350748430645672e-11,0.0004341985800510747,5.13369252069636e-11,0.0004341985800510747,5.878441865021536e-11,0.0004341985800510747,6.583745875604827e-11,0.0004341985800510747,7.251053530614388e-11,0.0004341985800510747,7.882626963932469e-11,0.0004341985800510747,-2.632056797957012e-11
0.000442890857664173,3.357848271344918e-11,0.000442890857664173,3.782751233206062e-11,0.000442890857664173,4.414471657488078e-11,0.000442890857664173,5.206636387734581e-11,0.000442890857664173,5.95960393519785e-11,0.000442890857664173,6.672173440446128e-11,0.000442890857664173,7.345877735389702e-11,0.000442890857664173,7.983068278174636e-11,0.000442890857664173,-2.284365693433084e-11
0.0004510244927467408,3.415429820030579e-11,0.0004510244927467408,3.846280170335732e-11,0.0004510244927467408,4.486754139778157e-11,0.0004510244927467408,5.289303523877264e-11,0.0004510244927467408,6.051504728092981e-11,0.0004510244927467408,6.772217073713573e-11,0.0004510244927467408,7.453071845938941e-11,0.0004510244927467408,8.096524601883802e-11,0.0004510244927467408,-1.959020290130368e-11
0.0004586226956126579,3.480771425475861e-11,0.0004586226956126579,3.918324973669836e-11,0.0004586226956126579,4.56865862124298e-11,0.0004586226956126579,5.382879970412609e-11,0.0004586226956126579,6.15543139741779e-11,0.0004586226956126579,6.885245322872879e-11,0.0004586226956126579,7.574068897653851e-11,0.0004586226956126579,8.224479191835127e-11,0.0004586226956126579,-1.655092175493682e-11
0.0004657350299949882,3.555043452631875e-11,0.0004657350299949882,4.000159225338421e-11,0.0004657350299949882,4.66160688489836e-11,0.0004657350299949882,5.488952555516456e-11,0.0004657350299949882,6.273106281138478e-11,0.0004657350299949882,7.01308984122252e-11,0.0004657350299949882,7.710787444102461e-11,0.0004657350299949882,8.368918615506653e-11,0.0004657350299949882,-1.370598800200473e-11
0.0004724249478771548,3.639788252732335e-11,0.0004724249478771548,4.093460861400898e-11,0.0004724249478771548,4.76747087575261e-11,0.0004724249478771548,5.609608477958187e-11,0.0004724249478771548,6.406792772192672e-11,0.0004724249478771548,7.158155730174862e-11,0.0004724249478771548,7.865744906814054e-11,0.0004724249478771548,8.532447947188409e-11,0.0004724249478771548,-1.103002084913807e-11
0.0004787583948028496,3.736954998218384e-11,0.0004787583948028496,4.200347979026392e-11,0.0004787583948028496,4.888609025238233e-11,0.0004787583948028496,5.747470413517003e-11,0.0004787583948028496,6.559327674132647e-11,0.0004787583948028496,7.323450045988333e-11,0.0004787583948028496,8.042081501984704e-11,0.0004787583948028496,8.718309669970402e-11,0.0004787583948028496,-8.496642078860152e-12
0.0004848046589683174,3.849061247182351e-11,0.0004848046589683174,4.323553022660735e-11,0.0004848046589683174,5.028057566250852e-11,0.0004848046589683174,5.90590532424299e-11,0.0004848046589683174,6.734343031837143e-11,0.0004848046589683174,7.512812973958895e-11,0.0004848046589683174,8.243797831492019e-11,0.0004848046589683174,8.930625388185719e-11,0.0004848046589683174,-6.078136412673018e-12
0.0004906371761893792,3.979412142250147e-11,0.0004906371761893792,4.466658158275524e-11,0.0004906371761893792,5.189787400973454e-11,0.0004906371761893792,6.089302398268359e-11,0.0004906371761893792,6.936558896876342e-11,0.0004906371761893792,7.73122040579258e-11,0.0004906371761893792,8.476063380048245e-11,0.0004906371761893792,9.174707270241091e-11,0.0004906371761893792,-3.745129524248344e-12
0.0004963374067351698,4.132470414188999e-11,0.0004963374067351698,4.634492575871836e-11,0.0004963374067351698,5.379137689141597e-11,0.0004963374067351698,6.303542391887614e-11,0.0004963374067351698,7.172278077286941e-11,0.0004963374067351698,7.985295830498915e-11,0.0004963374067351698,8.745739146888888e-11,0.0004963374067351698,9.457586534129019e-11,0.0004963374067351698,-1.465037305932097e-12
0.0005017640729457813,4.306184243009281e-11,0.0005017640729457813,4.824722515546051e-11,0.0005017640729457813,5.593332067595736e-11,0.0005017640729457813,6.545274571808589e-11,0.0005017640729457813,7.437597151917575e-11,0.0005017640729457813,8.27061409846063e-11,0.0005017640729457813,9.047914036864538e-11,0.0005017640729457813,9.773903903039988e-11,0.0005017640729457813,7.056291783125009e-13
0.0005069304552611327,4.499096951293412e-11,0.0005069304552611327,5.035694930574265e-11,0.0005069304552611327,5.830384150213054e-11,0.0005069304552611327,6.812061283171803e-11,0.0005069304552611327,7.729640727756581e-11,0.0005069304552611327,8.58388567846612e-11,0.0005069304552611327,9.378913531396035e-11,0.0005069304552611327,1.011963153557462e-10,0.0005069304552611327,2.772182104453046e-12
0.0005120292240342773,4.710673452524361e-11,0.0005120292240342773,5.266831224365937e-11,0.0005120292240342773,6.089569226551354e-11,0.0005120292240342773,7.102930533316123e-11,0.0005120292240342773,8.047188130055699e-11,0.0005120292240342773,8.92365075424415e-11,0.0005120292240342773,9.737054919504317e-11,0.0005120292240342773,1.0492883540197e-10,0.0005120292240342773,4.811689613710932e-12
0.0005175009170202676,4.951450059926725e-11,0.0005175009170202676,5.529524689859532e-11,0.0005175009170202676,6.383454136762121e-11,0.0005175009170202676,7.431683147635201e-11,0.0005175009170202676,8.405002089443355e-11,0.0005175009170202676,9.305409676611486e-11,0.0005175009170202676,1.013839609865184e-10,0.0005175009170202676,1.09101269840288e-10,0.0005175009170202676,7.000366808107036e-12
0.0005229771832648778,5.19837763444606e-11,0.0005229771832648778,5.798466731180707e-11,0.0005229771832648778,6.683498174979222e-11,0.0005229771832648778,7.766106777250148e-11,0.0005229771832648778,8.767742910699763e-11,0.0005229771832648778,9.691191188633204e-11,0.0005229771832648778,1.054276772353962e-10,0.0005229771832648778,1.132936484859901e-10,0.0005229771832648778,9.190873305951105e-12
0.0005280136499093402,5.425715472162259e-11,0.0005280136499093402,6.045610315457383e-11,0.0005280136499093402,6.958436721794603e-11,0.0005280136499093402,8.071433340363516e-11,0.0005280136499093402,9.097794706975431e-11,0.0005280136499093402,1.004109871869799e-10,0.0005280136499093402,1.090846272044319e-10,0.0005280136499093402,1.170748192534235e-10,0.0005280136499093402,1.120545996373609e-11
0.0005329378335152247,5.645176409535832e-11,0.0005329378335152247,6.283744650840066e-11,0.0005329378335152247,7.222616179111937e-11,0.0005329378335152247,8.363789672027343e-11,0.0005329378335152247,9.412801504618518e-11,0.0005329378335152247,1.037405742957942e-10,0.0005329378335152247,1.125548124928204e-10,0.0005329378335152247,1.206537949571804e-10,0.0005329378335152247,1.317513340608985e-11
0.0005379559412993721,5.863942771319877e-11,0.0005379559412993721,6.520679158983113e-11,0.0005379559412993721,7.484736684677843e-11,0.0005379559412993721,8.652871194078045e-11,0.0005379559412993721,9.723289699572594e-11,0.0005379559412993721,1.070128026414053e-10,0.0005379559412993721,1.159560527412175e-10,0.0005379559412993721,1.241530502594852e-10,0.0005379559412993721,1.518237651974883e-11
0.0005431131785325953,6.082114242664867e-11,0.0005431131785325953,6.756522071674242e-11,0.0005431131785325953,7.744924277997951e-11,0.0005431131785325953,8.938838626393318e-11,0.0005431131785325953,1.002946487638304e-10,0.0005431131785325953,1.102302266279148e-10,0.0005431131785325953,1.1929151169518e-10,0.0005431131785325953,1.275763596896176e-10,0.0005431131785325953,1.724527141303812e-11
0.0005484708857251294,6.300457663698792e-11,0.0005484708857251294,6.992100063396387e-11,0.0005484708857251294,8.00409354014828e-11,0.0005484708857251294,9.222713525334927e-11,0.0005484708857251294,1.033244782474865e-10,0.0005484708857251294,1.134049741398173e-10,0.0005484708857251294,1.225741738639043e-10,0.0005484708857251294,1.309374974019887e-10,0.0005484708857251294,1.938835429005178e-11
0.0005540877652347812,6.519477605827113e-11,0.0005540877652347812,7.227951140222957e-11,0.0005540877652347812,8.262832791110046e-11,0.0005540877652347812,9.505148373423302e-11,0.0005540877652347812,1.063295239648184e-10,0.0005540877652347812,1.1654479945926e-10,0.0005540877652347812,1.258123785950027e-10,0.0005540877652347812,1.342453603443864e-10,0.0005540877652347812,2.16351060939125e-11
0.0005600038549806683,6.738803810949198e-11,0.0005600038549806683,7.463670324315296e-11,0.0005600038549806683,8.520694376911023e-11,0.0005600038549806683,9.785662560392132e-11,0.0005600038549806683,1.093048256641745e-10,0.0005600038549806683,1.196448035092993e-10,0.0005600038549806683,1.290013815323838e-10,0.0005600038549806683,1.374954431575184e-10,0.0005600038549806683,2.400154199226733e-11
0.0005662582649127834,6.95798050865228e-11,0.0005662582649127834,7.698764721662823e-11,0.0005662582649127834,8.777140763837197e-11,0.0005662582649127834,1.006368560714919e-10,0.0005662582649127834,1.122445660389828e-10,0.0005662582649127834,1.226992318107676e-10,0.0005662582649127834,1.321356109393365e-10,0.0005662582649127834,1.406824406441871e-10,0.0005662582649127834,2.650330596511334e-11
0.0005728923692399434,7.176568296370313e-11,0.0005728923692399434,7.932763955297094e-11,0.0005728923692399434,9.031666255054496e-11,0.0005728923692399434,1.03386902722129e-10,0.0005728923692399434,1.151434656830828e-10,0.0005728923692399434,1.257029539565353e-10,0.0005728923692399434,1.352101920735166e-10,0.0005728923692399434,1.438018033075535e-10,0.0005728923692399434,2.915694769597737e-11
0.0005799470372023547,7.394037899191037e-11,0.0005799470372023547,8.165106316687377e-11,0.0005799470372023547,9.283673006528622e-11,0.0005799470372023547,1.061005734285731e-10,0.0005799470372023547,1.179953599611857e-10,0.0005799470372023547,1.286499846756595e-10,0.0005799470372023547,1.382194263367157e-10,0.0005799470372023547,1.468481872131254e-10,0.0005799470372023547,3.19788148809419e-11
0.0005874638167147001,7.60983140991174e-11,0.0005874638167147001,8.395204565680567e-11,0.0005874638167147001,9.532543038438014e-11,0.0005874638167147001,1.087715353260589e-10,0.0005874638167147001,1.207940260680324e-10,0.0005874638167147001,1.315343414851826e-10,0.0005874638167147001,1.411576688414574e-10,0.0005874638167147001,1.498163434042574e-10,0.0005874638167147001,3.498552668588006e-11
0.0005954862071910025,7.823410262064468e-11,0.0005954862071910025,8.622497132630528e-11,0.0005954862071910025,9.777693522615068e-11,0.0005954862071910025,1.113939371252792e-10,0.0005954862071910025,1.235337960187796e-10,0.0005954862071910025,1.343506706504852e-10,0.0005954862071910025,1.440199601575211e-10,0.0005954862071910025,1.527017503075088e-10,0.0005954862071910025,3.819448287640098e-11
0.0006040599534054822,8.034265121035587e-11,0.0006040599534054822,8.846458193290621e-11,0.0006040599534054822,1.001858686311128e-10,0.0006040599534054822,1.1396248738256e-10,0.0006040599534054822,1.262096446445966e-10,0.0006040599534054822,1.370943253531918e-10,0.0006040599534054822,1.468020940690842e-10,0.0006040599534054822,1.555006711423718e-10,0.0006040599534054822,4.162398136219289e-11
0.0006132334537837049,8.241926154600003e-11,0.0006132334537837049,9.066607990378662e-11,0.0006132334537837049,1.02547408282273e-10,0.0006132334537837049,1.164725473586443e-10,0.0006132334537837049,1.288172744255553e-10,0.0006132334537837049,1.397614396390867e-10,0.0006132334537837049,1.495006804507979e-10,0.0006132334537837049,1.582102060947665e-10,0.0006132334537837049,4.529338151348197e-11
0.0006230581318238356,8.445969110740646e-11,0.0006230581318238356,9.282518601334596e-11,0.0006230581318238356,1.048573347719598e-10,0.0006230581318238356,1.189201707488074e-10,0.0006230581318238356,1.313531426423006e-10,0.0006230581318238356,1.423489431004568e-10,0.0006230581318238356,1.5211314822893e-10,0.0006230581318238356,1.608282846008168e-10,0.0006230581318238356,4.922325272953424e-11
0.0006330581318238356,8.636356966674627e-11,0.0006330581318238356,9.483620301567311e-11,0.0006330581318238356,1.070033653077991e-10,0.0006330581318238356,1.211874640999863e-10,0.0006330581318238356,1.336961326735168e-10,0.0006330581318238356,1.447342198818076e-10,0.0006330581318238356,1.545165972875698e-10,0.0006330581318238356,1.632325726799469e-10,0.0006330581318238356,5.322325272953428e-11
0.0006430581318238357,8.811312383565167e-11,0.0006430581318238357,9.668116341012817e-11,0.0006430581318238357,1.089675732208214e-10,0.0006430581318238357,1.232570697140951e-10,0.0006430581318238357,1.35829784028188e-10,0.0006430581318238357,1.469018702818511e-10,0.0006430581318238357,1.566967491406533e-10,0.0006430581318238357,1.654099130718303e-10,0.0006430581318238357,5.722325272953427e-11
0.0006530581318238357,8.972600209409536e-11,0.0006530581318238357,9.837942122165094e-11,0.0006530581318238357,1.10771708604411e-10,0.0006530581318238357,1.251533310607282e-10,0.0006530581318238357,1.377805162311197e-10,0.0006530581318238357,1.488799416853156e-10,0.0006530581318238357,1.586829066933373e-10,0.0006530581318238357,1.673905600648473e-10,0.0006530581318238357,6.122325272953425e-11
0.0006630581318238357,9.121746101237643e-11,0.0006630581318238357,9.994764443132046e-11,0.0006630581318238357,1.124344062377225e-10,0.0006630581318238357,1.268969821361907e-10,0.0006630581318238357,1.39570716870995e-10,0.0006630581318238357,1.506920959984057e-10,0.0006630581318238357,1.604996954866343e-10,0.0006630581318238357,1.691998520717339e-10,0.0006630581318238357,6.522325272953424e-11
0.0006730581318238357,9.260070291543656e-11,0.0006730581318238357,1.014002089428382e-10,0.0006730581318238357,1.139716647605118e-10,0.0006730581318238357,1.28505731060443e-10,0.0006730581318238357,1.412194200582992e-10,0.0006730581318238357,1.523583719959727e-10,0.0006730581318238357,1.62167899005642e-10,0.0006730581318238357,1.708591097092718e-10,0.0006730581318238357,6.922325272953428e-11
0.0006830581318238358,9.388717370396286e-11,0.0006830581318238358,1.027495416367954e-10,0.0006830581318238358,1.15397257451882e-10,0.0006830581318238358,1.299947519954142e-10,0.0006830581318238358,1.427428706692921e-10,0.0006830581318238358,1.538958123994339e-10,0.0006830581318238358,1.637051395172811e-10,0.0006830581318238358,1.72386362164617e-10,0.0006830581318238358,7.322325272953426e-11
0.0006930581318238358,9.508681737196431e-11,0.0006930581318238358,1.040064104209746e-10,0.0006930581318238358,1.167230752538159e-10,0.0006930581318238358,1.313770907124774e-10,0.0006930581318238358,1.4415498468072e-10,0.0006930581318238358,1.553189710293045e-10,0.0006930581318238358,1.651264246619766e-10,0.0006930581318238358,1.737969266712169e-10,0.0006930581318238358,7.72232527295343e-11
0.0007030581318238358,9.620829590651043e-11,0.0007030581318238358,1.051801693491361e-10,0.0007030581318238358,1.179594172027279e-10,0.0007030581318238358,1.326640038410025e-10,0.0007030581318238358,1.454677304388844e-10,0.0007030581318238358,1.56640329428156e-10,0.0007030581318238358,1.664445933999424e-10,0.0007030581318238358,1.751038785204136e-10,0.0007030581318238358,8.122325272953434e-11
0.0007130581318238358,9.72591774385863e-11,0.0007130581318238358,1.062789746533924e-10,0.0007130581318238358,1.191152350289584e-10,0.0007130581318238358,1.338652417745096e-10,0.0007130581318238358,1.46691444028478e-10,0.0007130581318238358,1.578706391404437e-10,0.0007130581318238358,1.67670680285285e-10,0.0007130581318238358,1.763184331106851e-10,0.0007130581318238358,8.522325272953433e-11
0.0007230581318238359,9.824609578899236e-11,0.0007230581318238359,1.073099637196186e-10,0.0007230581318238359,1.201983379243575e-10,0.0007230581318238359,1.349892835939956e-10,0.0007230581318238359,1.478350893895018e-10,0.0007230581318238359,1.590192024276212e-10,0.0007230581318238359,1.688142127805404e-10,0.0007230581318238359,1.774502564761357e-10,0.0007230581318238359,8.922325272953436e-11
0.0007330581318238359,9.917488515813043e-11,0.0007330581318238359,1.082794021152778e-10,0.0007330581318238359,1.212155635496808e-10,0.0007330581318238359,1.360435319146175e-10,0.0007330581318238359,1.489064728190667e-10,0.0007330581318238359,1.600941026311302e-10,0.0007330581318238359,1.698834542283555e-10,0.0007330581318238359,1.785077181454014e-10,0.0007330581318238359,9.322325272953435e-11
0.0007430581318238359,1.000506936538691e-10,0.0007430581318238359,1.09192809121181e-10,0.0007430581318238359,1.221729208376469e-10,0.0007430581318238359,1.370344746289678e-10,0.0007430581318238359,1.499124201387487e-10,0.0007430581318238359,1.611023936318144e-10,0.0007430581318238359,1.708856029527179e-10,0.0007430581318238359,1.794980976902689e-10,0.0007430581318238359,9.722325272953439e-11
0.0007530581318238359,1.008780789947514e-10,0.0007530581318238359,1.100550632843846e-10,0.0007530581318238359,1.230757093962172e-10,0.0007530581318238359,1.37967819438899e-10,0.0007530581318238359,1.508589234030887e-10,0.0007530581318238359,1.620502561464336e-10,0.0007530581318238359,1.718269559780081e-10,0.0007530581318238359,1.804277540907966e-10,0.0007530581318238359,1.012232527295344e-10
0.000763058131823836,1.016610892865233e-10,0.000763058131823836,1.108704912255207e-10,0.000763058131823836,1.239286195601451e-10,0.000763058131823836,1.388486060571033e-10,0.000763058131823836,1.517512627723806e-10,0.000763058131823836,1.629431271271065e-10,0.000763058131823836,1.727130441796375e-10,0.000763058131823836,1.813022651931731e-10,0.000763058131823836,1.052232527295344e-10
0.000773058131823836,1.024033313344335e-10,0.000773058131823836,1.116429425335415e-10,0.000773058131823836,1.247358164539187e-10,0.000773058131823836,1.39681300081523e-10,0.000773058131823836,1.525941081140243e-10,0.000773058131823836,1.637858073081303e-10,0.000773058131823836,1.735487443152055e-10,0.000773058131823836,1.821265430459815e-10,0.000773058131823836,1.092232527295344e-10
0.000783058131823836,1.031080285565828e-10,0.000783058131823836,1.123758531011297e-10,0.000783058131823836,1.255010108375711e-10,0.000783058131823836,1.404698718071056e-10,0.000783058131823836,1.533916040238549e-10,0.000783058131823836,1.645825509522275e-10,0.000783058131823836,1.743383722882952e-10,0.000783058131823836,1.829049297142762e-10,0.000783058131823836,1.132232527295344e-10
0.000793058131823836,1.037780702175447e-10,0.000793058131823836,1.130722988450523e-10,0.000793058131823836,1.262275190094344e-10,0.000793058131823836,1.412178626305656e-10,0.000793058131823836,1.541474412493089e-10,0.000793058131823836,1.653371410505226e-10,0.000793058131823836,1.750857611235759e-10,0.000793058131823836,1.836412772326939e-10,0.000793058131823836,1.172232527295344e-10
0.0008030581318238361,1.044160527797112e-10,0.0008030581318238361,1.137350414147376e-10,0.0008030581318238361,1.26918313628427e-10,0.0008030581318238361,1.419284412071505e-10,0.0008030581318238361,1.548649169241022e-10,0.0008030581318238361,1.660529525931797e-10,0.0008030581318238361,1.757943264388517e-10,0.0008030581318238361,1.843390146189417e-10,0.0008030581318238361,1.212232527295344e-10
0.0008130581318238361,1.050243161658432e-10,0.0008130581318238361,1.143665672099027e-10,0.0008130581318238361,1.27576066981245e-10,0.0008130581318238361,1.426044511163878e-10,0.0008130581318238361,1.555469855651284e-10,0.0008130581318238361,1.667330060197513e-10,0.0008130581318238361,1.764671216507371e-10,0.0008130581318238361,1.85001204286014e-10,0.0008130581318238361,1.252232527295344e-10
0.0008230581318238361,1.056049799073319e-10,0.0008230581318238361,1.149691249666126e-10,0.0008230581318238361,1.282031922695773e-10,0.0008230581318238361,1.432484558964157e-10,0.0008230581318238361,1.561963068651323e-10,0.0008230581318238361,1.673800169764231e-10,0.0008230581318238361,1.77106889076843e-10,0.0008230581318238361,1.856305940102089e-10,0.0008230581318238361,1.292232527295344e-10
0.0008330581318238362,1.061599717778113e-10,0.0008330581318238362,1.155447577088111e-10,0.0008330581318238362,1.288018786571437e-10,0.0008330581318238362,1.438627771997953e-10,0.0008330581318238362,1.56815286120777e-10,0.0008330581318238362,1.679964383486658e-10,0.0008330581318238362,1.777161030544381e-10,0.0008330581318238362,1.86229660736439e-10,0.0008330581318238362,1.332232527295345e-10
0.0008430581318238362,1.066910320494685e-10,0.0008430581318238362,1.160953083272366e-10,0.0008430581318238362,1.293740986599129e-10,0.0008430581318238362,1.444495042599946e-10,0.0008430581318238362,1.57406085472351e-10,0.0008430581318238362,1.685844729754604e-10,0.0008430581318238362,1.782969838618674e-10,0.0008430581318238362,1.868006254773766e-10,0.0008430581318238362,1.372232527295345e-10
0.0008530581318238362,1.071997429313009e-10,0.0008530581318238362,1.166224508113445e-10,0.0008530581318238362,1.299216417936123e-10,0.0008530581318238362,1.450105298657539e-10,0.0008530581318238362,1.579706614436895e-10,0.0008530581318238362,1.691461121745389e-10,0.0008530581318238362,1.788515367961038e-10,0.0008530581318238362,1.873454926220757e-10,0.0008530581318238362,1.412232527295345e-10
0.0008630581318238362,1.076875479262085e-10,0.0008630581318238362,1.171277110908359e-10,0.0008630581318238362,1.304461373528844e-10,0.0008630581318238362,1.455475750376682e-10,0.0008630581318238362,1.585107909778721e-10,0.0008630581318238362,1.696831627144107e-10,0.0008630581318238362,1.793815797569746e-10,0.0008630581318238362,1.878660778858194e-10,0.0008630581318238362,1.452232527295345e-10
0.0008730581318238363,1.081557667144952e-10,0.0008730581318238363,1.176124830674541e-10,0.0008730581318238363,1.309490719741265e-10,0.0008730581318238363,1.460622081118624e-10,0.0008730581318238363,1.590280916156903e-10,0.0008730581318238363,1.701972677510263e-10,0.0008730581318238363,1.798887646830206e-10,0.0008730581318238363,1.883640300474057e-10,0.0008730581318238363,1.492232527295345e-10
0.0008830581318238363,1.086056081915653e-10,0.0008830581318238363,1.180780426314892e-10,0.0008830581318238363,1.314318049547036e-10,0.0008830581318238363,1.465558613454888e-10,0.0008830581318238363,1.595240390179949e-10,0.0008830581318238363,1.706899249767467e-10,0.0008830581318238363,1.80374596104805e-10,0.0008830581318238363,1.888408497381344e-10,0.0008830581318238363,1.532232527295345e-10
0.0008930581318238363,1.090381819275839e-10,0.0008930581318238363,1.18525559968541e-10,0.0008930581318238363,1.318955816815687e-10,0.0008930581318238363,1.470298454453842e-10,0.0008930581318238363,1.59999982272083e-10,0.0008930581318238363,1.711625024526537e-10,0.0008930581318238363,1.808404473113399e-10,0.0008930581318238363,1.892979057970497e-10,0.0008930581318238363,1.572232527295345e-10
0.0009030581318238363,1.09454508234795e-10,0.0009030581318238363,1.189561103593635e-10,0.0009030581318238363,1.323415453977176e-10,0.0009030581318238363,1.474853622766329e-10,0.0009030581318238363,1.604571572610474e-10,0.0009030581318238363,1.716162524200535e-10,0.0009030581318238363,1.812875744376338e-10,0.0009030581318238363,1.897364495096059e-10,0.0009030581318238363,1.612232527295346e-10
0.0009130581318238364,1.09855527033891e-10,0.0009130581318238364,1.193706836811944e-10,0.0009130581318238364,1.327707475385842e-10,0.0009130581318238364,1.479235160080348e-10,0.0009130581318238364,1.608966983722296e-10,0.0009130581318238364,1.7205232338141e-10,0.0009130581318238364,1.817171287742779e-10,0.0009130581318238364,1.901576270378013e-10,0.0009130581318238364,1.652232527295345e-10
0.0009230581318238364,1.102421056830207e-10,0.0009230581318238364,1.197701927887745e-10,0.0009230581318238364,1.331841568367371e-10,0.0009230581318238364,1.483453229139649e-10,0.0009230581318238364,1.613196487802661e-10,0.0009230581318238364,1.72471770698326e-10,0.0009230581318238364,1.821301675551284e-10,0.0009230581318238364,1.905624903040112e-10,0.0009230581318238364,1.692232527295346e-10
0.0009330581318238364,1.106150459078238e-10,0.0009330581318238364,1.201554809257816e-10,0.0009330581318238364,1.335826673623609e-10,0.0009330581318238364,1.487517200174043e-10,0.0009330581318238364,1.617269695027996e-10,0.0009330581318238364,1.728755659142816e-10,0.0009330581318238364,1.825276634378646e-10,0.0009330581318238364,1.909520065480224e-10,0.0009330581318238364,1.732232527295345e-10
0.0009430581318238364,1.109750899503107e-10,0.0009430581318238364,1.205273282946628e-10,0.0009430581318238364,1.339671056415157e-10,0.0009430581318238364,1.49143572730571e-10,0.0009430581318238364,1.621195473960224e-10,0.0009430581318238364,1.732646049772728e-10,0.0009430581318238364,1.829105128582224e-10,0.0009430581318238364,1.913270667418953e-10,0.0009430581318238364,1.772232527295346e-10
0.0009530581318238365,1.11322926037233e-10,0.0009530581318238365,1.208864578941207e-10,0.0009530581318238365,1.343382369730321e-10,0.0009530581318238365,1.495216816259992e-10,0.0009530581318238365,1.62498202231974e-10,0.0009530581318238365,1.736397155107487e-10,0.0009530581318238365,1.832795434107579e-10,0.0009530581318238365,1.916884930186577e-10,0.0009530581318238365,1.812232527295346e-10
0.0009630581318238365,1.11659193254103e-10,0.0009630581318238365,1.212335407176748e-10,0.0009630581318238365,1.346967710472823e-10,0.0009630581318238365,1.498867884512522e-10,0.0009630581318238365,1.628636929781221e-10,0.0009630581318238365,1.740016632587514e-10,0.0009630581318238365,1.836355203859196e-10,0.0009630581318238365,1.920370452469316e-10,0.0009630581318238365,1.852232527295346e-10
0.0009730581318238365,1.119844858988032e-10,0.0009730581318238365,1.215692003932757e-10,0.0009730581318238365,1.350433669551498e-10,0.0009730581318238365,1.502395814840464e-10,0.0009730581318238365,1.632167233822134e-10,0.0009730581318238365,1.743511578126964e-10,0.0009730581318238365,1.839791525737639e-10,0.0009730581318238365,1.923734268639062e-10,0.0009730581318238365,1.892232527295346e-10
0.0009830581318238365,1.122993573785083e-10,0.0009830581318238365,1.218940173329359e-10,0.0009830581318238365,1.35378637663012e-10,0.0009830581318238365,1.50580700310569e-10,0.0009830581318238365,1.635579469504172e-10,0.0009830581318238365,1.746888577114473e-10,0.0009830581318238365,1.843110974286006e-10,0.0009830581318238365,1.926982900624767e-10,0.0009830581318238365,1.932232527295346e-10
0.0009930581318238366,1.126043237048118e-10,0.0009930581318238366,1.222085324516823e-10,0.0009930581318238366,1.3570315401904e-10,0.0009930581318238366,1.509107400983146e-10,0.0009930581318238366,1.638879713943444e-10,0.0009930581318238366,1.750153749933101e-10,0.0009930581318238366,1.846319656751524e-10,0.0009930581318238366,1.930122404144786e-10,0.0009930581318238366,1.972232527295346e-10
0.001,1.128104572454449e-10,0.001,1.22421073388115e-10,0.001,1.359223860452419e-10,0.001,1.511336271897573e-10,0.001,1.641107831422676e-10,0.001,1.752357637250215e-10,0.001,1.848484944095262e-10,0.001,1.932240604211273e-10,0.001,2e-10
