/I0/OUT (VY=-0.1) X,/I0/OUT (VY=-0.1) Y,/I0/OUT (VY=-0.08947368) X,/I0/OUT (VY=-0.08947368) Y,/I0/OUT (VY=-0.07894737) X,/I0/OUT (VY=-0.07894737) Y,/I0/OUT (VY=-0.06842105) X,/I0/OUT (VY=-0.06842105) Y,/I0/OUT (VY=-0.05789474) X,/I0/OUT (VY=-0.05789474) Y,/I0/OUT (VY=-0.04736842) X,/I0/OUT (VY=-0.04736842) Y,/I0/OUT (VY=-0.03684211) X,/I0/OUT (VY=-0.03684211) Y,/I0/OUT (VY=-0.02631579) X,/I0/OUT (VY=-0.02631579) Y,/I0/OUT (VY=-0.01578947) X,/I0/OUT (VY=-0.01578947) Y,/I0/OUT (VY=-0.005263158) X,/I0/OUT (VY=-0.005263158) Y,/I0/OUT (VY=0.005263158) X,/I0/OUT (VY=0.005263158) Y,/I0/OUT (VY=0.01578947) X,/I0/OUT (VY=0.01578947) Y,/I0/OUT (VY=0.02631579) X,/I0/OUT (VY=0.02631579) Y,/I0/OUT (VY=0.03684211) X,/I0/OUT (VY=0.03684211) Y,/I0/OUT (VY=0.04736842) X,/I0/OUT (VY=0.04736842) Y,/I0/OUT (VY=0.05789474) X,/I0/OUT (VY=0.05789474) Y,/I0/OUT (VY=0.06842105) X,/I0/OUT (VY=0.06842105) Y,/I0/OUT (VY=0.07894737) X,/I0/OUT (VY=0.07894737) Y,/I0/OUT (VY=0.08947368) X,/I0/OUT (VY=0.08947368) Y,/I0/OUT (VY=0.1) X,/I0/OUT (VY=0.1) Y
0,-1.49862579651116e-11,0,-1.516652553843983e-11,0,-1.541451702409599e-11,0,-1.573628755218363e-11,0,-1.613072664627632e-11,0,-1.658945048600635e-11,0,-1.709865304198392e-11,0,-1.7642974229623e-11,0,-1.820958400222478e-11,0,-1.878684113207724e-11,0,-1.936031605705114e-11,0,-1.993002364177817e-11,0,-2.049723163784443e-11,0,-2.106030537873993e-11,0,-2.161292732145264e-11,0,-2.214286693093427e-11,0,-2.263572639618991e-11,0,-2.30800853233573e-11,0,-2.346828245514743e-11,0,-2.379780644768612e-11
1e-06,-1.498650412954747e-11,1e-06,-1.516669464440909e-11,1e-06,-1.541460360434708e-11,1e-06,-1.573628595228567e-11,1e-06,-1.613063184898801e-11,1e-06,-1.658925950378408e-11,1e-06,-1.709836615633773e-11,1e-06,-1.764259546021838e-11,1e-06,-1.820912067768322e-11,1e-06,-1.878630745459032e-11,1e-06,-1.9359726741616e-11,1e-06,-1.992939222867214e-11,1e-06,-2.049657213353846e-11,1e-06,-2.105963237040729e-11,1e-06,-2.161225564324459e-11,1e-06,-2.214221007722949e-11,1e-06,-2.263509677122489e-11,1e-06,-2.3079491823586e-11,1e-06,-2.346772977545935e-11,1e-06,-2.379729524065412e-11
1.9855215075402e-06,-1.498726206318379e-11,1.985464845920934e-06,-1.516722449135078e-11,1.985406311493862e-06,-1.541488723120541e-11,1.985347605564998e-06,-1.573630622408686e-11,1.985290168348509e-06,-1.613037567375645e-11,1.985235031646366e-06,-1.65887220120374e-11,1.985182857423536e-06,-1.709755371786986e-11,1.985134134520199e-06,-1.764152593698012e-11,1.985089309343691e-06,-1.82078210499367e-11,1.98504860593037e-06,-1.878482612720554e-11,1.985011828880989e-06,-1.935811046405986e-11,1.984978499996509e-06,-1.992768097344078e-11,1.98494787567575e-06,-2.04948055811245e-11,1.984919342251764e-06,-2.105785008875147e-11,1.984892510476944e-06,-2.161049600209353e-11,1.98486720527819e-06,-2.214050468064261e-11,1.984843467794458e-06,-2.263347454634344e-11,1.984821486294434e-06,-2.30779717606054e-11,1.984801517788749e-06,-2.346631997378675e-11,1.984783805989179e-06,-2.379599407959366e-11
3.023470883030762e-06,-1.498850291994007e-11,3.023397636194388e-06,-1.516809527029833e-11,3.023321967609646e-06,-1.541535668584587e-11,3.023246076547647e-06,-1.573634599588577e-11,3.023171824841486e-06,-1.612996582579751e-11,3.0231005464171e-06,-1.658785792488205e-11,3.023033097132946e-06,-1.709625044782691e-11,3.022970109059166e-06,-1.763981762601774e-11,3.022912159423485e-06,-1.820575608473325e-11,3.022859537979369e-06,-1.878248920224231e-11,3.022811992224754e-06,-1.935558062826599e-11,3.022768904031134e-06,-1.992502311323603e-11,3.022729312126919e-06,-2.049208269222143e-11,3.022692423197619e-06,-2.105512343015242e-11,3.022657734047883e-06,-2.160782324031133e-11,3.022625018365936e-06,-2.213792979140532e-11,3.022594329364532e-06,-2.263103795884327e-11,3.022565910473343e-06,-2.307569811270817e-11,3.022540093997424e-06,-2.346421750421248e-11,3.022517195050804e-06,-2.379405711760996e-11
5.042528145729253e-06,-1.499238211230355e-11,5.099263216741296e-06,-1.517089476282716e-11,5.099153279841215e-06,-1.541683747417555e-11,5.099043018512944e-06,-1.573641358351547e-11,5.055396425772779e-06,-1.612860116931229e-11,4.896433873440456e-06,-1.658532637510633e-11,4.737637810070716e-06,-1.70928637357685e-11,4.570702003831026e-06,-1.763592674833882e-11,4.38055338347678e-06,-1.820175634418699e-11,4.461469699963374e-06,-1.877771812350613e-11,4.647763290553832e-06,-1.934974340487732e-11,4.707118143335935e-06,-1.991874024866185e-11,4.586627832832596e-06,-2.048624687037141e-11,4.452733075255698e-06,-2.104990226646309e-11,4.296129821431929e-06,-2.160336908573226e-11,4.429624564852065e-06,-2.213320130144406e-11,4.551891989545552e-06,-2.262619284321625e-11,4.655766698726459e-06,-2.307088850479405e-11,4.745105681106604e-06,-2.345953964668206e-11,4.82177381695444e-06,-2.378956099744976e-11
8.473850894190326e-06,-1.50011805933996e-11,8.565573536548751e-06,-1.517706517751249e-11,8.262232056506758e-06,-1.541970166552452e-11,7.983597730504883e-06,-1.573634354065351e-11,7.66406803064951e-06,-1.612606601951083e-11,7.200433903084278e-06,-1.658102535911095e-11,6.760926310820948e-06,-1.708748039609873e-11,6.320964043405854e-06,-1.763012835208079e-11,5.842630278000894e-06,-1.819620855947728e-11,6.036898376519078e-06,-1.877106464340892e-11,6.506760408399843e-06,-1.934134544209415e-11,6.659864136949437e-06,-1.9909746998489e-11,6.350755644038653e-06,-2.047827577283586e-11,6.01603297598792e-06,-2.104311377553005e-11,5.635054378169273e-06,-2.159788749056323e-11,5.966862032094646e-06,-2.212723263439442e-11,6.277138193275474e-06,-2.261996566671141e-11,6.548781442567484e-06,-2.306461636404299e-11,6.789019840156406e-06,-2.345335476909211e-11,7.000516377129792e-06,-2.378353308203046e-11
1.292309453174456e-05,-1.501379050194879e-11,1.303488061042281e-05,-1.518583072130802e-11,1.232609210830362e-05,-1.542370779580751e-11,1.168791279212263e-05,-1.57361492253604e-11,1.103941175142059e-05,-1.612231645955455e-11,1.022184359280241e-05,-1.657461388495042e-11,9.30186730548879e-06,-1.707980389943244e-11,8.43481965126563e-06,-1.76221884388204e-11,7.542419602609914e-06,-1.818891035638721e-11,7.884025361685162e-06,-1.876238269283849e-11,8.761018445901263e-06,-1.933028582172522e-11,9.05518697290881e-06,-1.989799731731804e-11,8.466920807972851e-06,-2.04681973686741e-11,7.84856010309666e-06,-2.103479798915296e-11,7.164146060392565e-06,-2.159137645540497e-11,7.777450767175438e-06,-2.212007709216925e-11,8.363169725251771e-06,-2.261244566902258e-11,8.894499233847286e-06,-2.3056964783799e-11,9.380611468832294e-06,-2.34457080122711e-11,9.822321070675089e-06,-2.377596187979168e-11
1.98395065462992e-05,-1.503415034790214e-11,1.988931197618004e-05,-1.519996577992051e-11,1.824095768805443e-05,-1.543001308903683e-11,1.682883551388433e-05,-1.573616641256908e-11,1.552179034368448e-05,-1.611744417271276e-11,1.409778450382311e-05,-1.656629488217185e-11,1.262647649030353e-05,-1.706948733282022e-11,1.126352742054921e-05,-1.761116138522307e-11,9.795886022662067e-06,-1.817877645255262e-11,1.037277005370622e-05,-1.875029806977044e-11,1.17627906536086e-05,-1.931537303575587e-11,1.222706940607815e-05,-1.988243661662353e-11,1.130169210051185e-05,-2.045479632245683e-11,1.031716832819149e-05,-2.102376179355384e-11,9.140927761892568e-06,-2.158311888772478e-11,1.023291150571487e-05,-2.211070521601744e-11,1.114594697596287e-05,-2.260283994052669e-11,1.197945468750496e-05,-2.304736106786831e-11,1.274625899485758e-05,-2.343622661559197e-11,1.345163385765814e-05,-2.376664094181721e-11
2.983950654629921e-05,-1.506523609102431e-11,2.988931197618004e-05,-1.522217713805142e-11,2.824095768805443e-05,-1.544213164987487e-11,2.56237591718961e-05,-1.573730764550834e-11,2.265472161762423e-05,-1.61104371392274e-11,1.98495930818905e-05,-1.655441197833342e-11,1.727216894047828e-05,-1.705530006700683e-11,1.502262127257618e-05,-1.7596547928927e-11,1.273025671084449e-05,-1.816547579539462e-11,1.357530490129827e-05,-1.873470330140289e-11,1.577212000983058e-05,-1.929553537655252e-11,1.653613708995158e-05,-1.986143643445134e-11,1.503909438036727e-05,-2.043733612051264e-11,1.349623787150892e-05,-2.100982342487164e-11,1.17435857634715e-05,-2.157255096936513e-11,1.339812016015126e-05,-2.209896043646215e-11,1.485608563422624e-05,-2.259033024612598e-11,1.622141510883775e-05,-2.303437509838516e-11,1.752121112918472e-05,-2.342290700328021e-11,1.875567867011931e-05,-2.375307024943495e-11
3.983950654629921e-05,-1.509850334794464e-11,3.988931197618004e-05,-1.524641293895813e-11,3.824095768805443e-05,-1.545611325066086e-11,3.56237591718961e-05,-1.57402088977114e-11,3.265472161762423e-05,-1.610194529893215e-11,2.98495930818905e-05,-1.653485039540425e-11,2.496885064855642e-05,-1.703238343588277e-11,2.072927248628444e-05,-1.75746360821623e-11,1.684843629838938e-05,-1.814689401317074e-11,1.8158384497877e-05,-1.871241412707434e-11,2.197747110654461e-05,-1.926473840834089e-11,2.340236862750536e-05,-1.982772488692355e-11,2.067802505687593e-05,-2.041086371295853e-11,1.805267237822472e-05,-2.098986016215195e-11,1.523830831066623e-05,-2.15585051513772e-11,1.797358644156792e-05,-2.208197640565969e-11,2.052274086185707e-05,-2.257102685753001e-11,2.306429180274288e-05,-2.301303045827023e-11,2.565752809486879e-05,-2.339962224514117e-11,2.829976776947254e-05,-2.372788305943695e-11
4.98395065462992e-05,-1.513405424004241e-11,4.988931197618004e-05,-1.527275452711562e-11,4.824095768805443e-05,-1.547200824550654e-11,4.56237591718961e-05,-1.574481700889176e-11,4.265472161762423e-05,-1.609493486832328e-11,3.984959308189049e-05,-1.651651639967314e-11,3.496885064855642e-05,-1.700343278955331e-11,3.072927248628443e-05,-1.753672440390123e-11,2.336233720015325e-05,-1.811762850168995e-11,2.571472622177638e-05,-1.867549199354689e-11,3.197747110654461e-05,-1.921440939993334e-11,3.340236862750536e-05,-1.97776247294835e-11,3.067802505687593e-05,-2.036284750390664e-11,2.554068482691708e-05,-2.095644117633954e-11,2.055618095953452e-05,-2.153688543960614e-11,2.554471390151822e-05,-2.205317520199105e-11,3.052274086185707e-05,-2.253574084101019e-11,3.306429180274288e-05,-2.298061202926513e-11,3.565752809486879e-05,-2.336981384870935e-11,3.829976776947254e-05,-2.370035387076283e-11
5.98395065462992e-05,-1.517195599610451e-11,5.988931197618004e-05,-1.53012741058931e-11,5.824095768805443e-05,-1.548989394672867e-11,5.56237591718961e-05,-1.575121161528177e-11,5.265472161762422e-05,-1.608947885569675e-11,4.984959308189049e-05,-1.649946215286867e-11,4.496885064855642e-05,-1.697541614785141e-11,4.072927248628443e-05,-1.749936393172305e-11,3.336233720015325e-05,-1.807282036694907e-11,3.571472622177638e-05,-1.862613866460745e-11,4.197747110654461e-05,-1.916316565893165e-11,4.340236862750536e-05,-1.972631069654177e-11,4.067802505687593e-05,-2.031339421725307e-11,3.554068482691709e-05,-2.09104398986356e-11,2.991291689165496e-05,-2.149768534096356e-11,3.554471390151822e-05,-2.201365182175403e-11,4.052274086185707e-05,-2.249887542410224e-11,4.306429180274288e-05,-2.294675439953771e-11,4.565752809486879e-05,-2.333871918317354e-11,4.829976776947254e-05,-2.367168576307997e-11
6.98395065462992e-05,-1.521226916378151e-11,6.988931197618005e-05,-1.5332037760734e-11,6.824095768805443e-05,-1.550984368686373e-11,6.56237591718961e-05,-1.575947532884611e-11,6.265472161762423e-05,-1.608566994815818e-11,5.984959308189049e-05,-1.648378819959909e-11,5.496885064855642e-05,-1.694843215628348e-11,5.072927248628443e-05,-1.746263440811941e-11,4.336233720015325e-05,-1.802817862713915e-11,4.571472622177638e-05,-1.857625558122344e-11,5.197747110654461e-05,-1.911105916401554e-11,5.340236862750536e-05,-1.967382680032001e-11,5.067802505687592e-05,-2.026253102952915e-11,4.554068482691709e-05,-2.086288486624138e-11,3.991291689165496e-05,-2.145412244620476e-11,4.554471390151822e-05,-2.197245395937701e-11,5.052274086185707e-05,-2.24604419149611e-11,5.306429180274288e-05,-2.291146827924728e-11,5.565752809486879e-05,-2.330634682584112e-11,5.829976776947254e-05,-2.364188619400558e-11
7.98395065462992e-05,-1.525504894920054e-11,7.988931197618004e-05,-1.536510544395708e-11,7.824095768805443e-05,-1.553192290148182e-11,7.56237591718961e-05,-1.576968033380202e-11,7.265472161762423e-05,-1.608358874498421e-11,6.98495930818905e-05,-1.64695847437453e-11,6.496885064855643e-05,-1.692258074261551e-11,6.072927248628443e-05,-1.742663908437746e-11,5.336233720015325e-05,-1.79837943875759e-11,5.571472622177638e-05,-1.852592256273123e-11,6.197747110654461e-05,-1.905814740327881e-11,6.340236862750537e-05,-1.962020942262189e-11,6.067802505687592e-05,-2.021027748812841e-11,5.554068482691708e-05,-2.081378647988372e-11,4.991291689165496e-05,-2.140884028254593e-11,5.554471390151822e-05,-2.192957777285228e-11,6.052274086185707e-05,-2.242042923852616e-11,6.306429180274288e-05,-2.287474294866107e-11,6.565752809486879e-05,-2.327268866923976e-11,6.829976776947254e-05,-2.361095077953785e-11
8.98395065462992e-05,-1.530034427600536e-11,8.988931197618004e-05,-1.540053150161822e-11,8.824095768805442e-05,-1.555619177506112e-11,8.56237591718961e-05,-1.57818934265472e-11,8.265472161762423e-05,-1.608330964349778e-11,7.98495930818905e-05,-1.645693429114862e-11,7.496885064855643e-05,-1.689795202695482e-11,7.072927248628444e-05,-1.73914726527618e-11,6.336233720015325e-05,-1.793976346967101e-11,6.571472622177639e-05,-1.847537126766957e-11,7.197747110654461e-05,-1.900448163860715e-11,7.340236862750536e-05,-1.956548895301389e-11,7.067802505687593e-05,-2.015664387438351e-11,6.554068482691708e-05,-2.076310533171097e-11,5.991291689165496e-05,-2.136182848821698e-11,6.554471390151822e-05,-2.188500458050819e-11,7.052274086185706e-05,-2.237881821790722e-11,7.306429180274287e-05,-2.283656336028939e-11,7.565752809486879e-05,-2.323773584430591e-11,7.829976776947254e-05,-2.357887697216634e-11
9.98395065462992e-05,-1.534819665258573e-11,9.988931197618004e-05,-1.543836360830678e-11,9.824095768805442e-05,-1.558270472663248e-11,9.56237591718961e-05,-1.579617620815803e-11,9.265472161762423e-05,-1.608490249980224e-11,8.98495930818905e-05,-1.644591566513877e-11,8.496885064855643e-05,-1.687463355980285e-11,8.072927248628444e-05,-1.735722691417243e-11,7.336233720015325e-05,-1.789617563967615e-11,7.571472622177639e-05,-1.842480553856061e-11,8.197747110654461e-05,-1.895011798640914e-11,8.340236862750536e-05,-1.950970260320017e-11,8.067802505687593e-05,-2.010164586687294e-11,7.554068482691708e-05,-2.071076355388097e-11,6.991291689165496e-05,-2.131307034350063e-11,7.554471390151822e-05,-2.183871604182538e-11,8.052274086185706e-05,-2.233559528161849e-11,8.306429180274287e-05,-2.279692109802279e-11,8.565752809486879e-05,-2.320148591607222e-11,8.829976776947254e-05,-2.35456673580457e-11
0.0001098395065462992,-1.53986394600252e-11,0.00010988931197618,-1.547864232139995e-11,0.0001082409576880544,-1.561150973055629e-11,0.0001056237591718961,-1.581258416097975e-11,0.0001026547216176242,-1.608843119585116e-11,9.98495930818905e-05,-1.643660201877831e-11,9.496885064855643e-05,-1.6852708725591e-11,9.072927248628444e-05,-1.73239920971192e-11,8.336233720015325e-05,-1.785312182820542e-11,8.571472622177639e-05,-1.837435002657092e-11,9.197747110654461e-05,-1.889511679186601e-11,9.340236862750536e-05,-1.945289202415175e-11,9.067802505687593e-05,-2.004530557906362e-11,8.554068482691708e-05,-2.065672923024328e-11,7.991291689165496e-05,-2.126255500453681e-11,8.554471390151822e-05,-2.179070205368463e-11,9.052274086185706e-05,-2.229075260588602e-11,9.306429180274287e-05,-2.275581172114296e-11,9.565752809486879e-05,-2.316393891969033e-11,9.829976776947254e-05,-2.35113262575883e-11
0.0001198395065462992,-1.545169665992354e-11,0.00011988931197618,-1.552140092560626e-11,0.0001182409576880544,-1.564264808389076e-11,0.0001156237591718961,-1.58311666933476e-11,0.0001126547216176242,-1.609395330649919e-11,0.0001098495930818905,-1.642906013789426e-11,0.0001049688506485564,-1.68322548671011e-11,0.0001007292724862844,-1.729185357611414e-11,9.336233720015325e-05,-1.781069183614652e-11,9.571472622177638e-05,-1.832408892153426e-11,0.0001019774711065446,-1.883953902191692e-11,0.0001034023686275054,-1.939510033297622e-11,0.0001006780250568759,-1.998764736479718e-11,9.554068482691708e-05,-2.060100608466918e-11,8.991291689165496e-05,-2.121027886996287e-11,9.554471390151822e-05,-2.174095619801751e-11,0.0001005227408618571,-2.224428451493742e-11,0.0001030642918027429,-2.271323262733106e-11,0.0001056575280948688,-2.312509645833931e-11,0.0001082997677694725,-2.347585951957326e-11
0.0001298395065462992,-1.550738311726111e-11,0.0001298893119761801,-1.556666492677387e-11,0.0001282409576880544,-1.567615416742031e-11,0.0001256237591718961,-1.585196667387911e-11,0.0001226547216176242,-1.61015201102426e-11,0.0001198495930818905,-1.642335057918173e-11,0.0001149688506485564,-1.68133433189284e-11,0.0001107292724862844,-1.726089129086274e-11,0.0001033623372001532,-1.77689713734715e-11,0.0001057147262217764,-1.827410012355734e-11,0.0001119774711065446,-1.878344631271229e-11,0.0001134023686275054,-1.933637262126688e-11,0.0001106780250568759,-1.992868299811934e-11,0.0001055406848269171,-2.054360719270779e-11,9.991291689165496e-05,-2.115624126966148e-11,0.0001055447139015182,-2.168947444802275e-11,0.0001105227408618571,-2.219618780433466e-11,0.0001130642918027429,-2.266918388696092e-11,0.0001156575280948688,-2.308496238017873e-11,0.0001182997677694725,-2.34392750316282e-11
0.0001398395065462992,-1.556570436968597e-11,0.0001398893119761801,-1.561445102944132e-11,0.0001382409576880544,-1.571205505559557e-11,0.0001356237591718961,-1.587502013454137e-11,0.0001326547216176242,-1.611117642107288e-11,0.0001298495930818905,-1.641952755129145e-11,0.0001249688506485564,-1.679603943397353e-11,0.0001207292724862844,-1.723117997550167e-11,0.0001133623372001532,-1.772804203954237e-11,0.0001157147262217764,-1.822446211908456e-11,0.0001219774711065446,-1.872690144310569e-11,0.0001234023686275054,-1.927675643841052e-11,0.0001206780250568759,-1.986835918867216e-11,0.0001155406848269171,-2.048454827805398e-11,0.000109912916891655,-2.110044465041353e-11,0.0001155447139015182,-2.163625613141727e-11,0.0001205227408618571,-2.214646239560743e-11,0.0001230642918027429,-2.262366804697488e-11,0.0001256575280948688,-2.304354283670198e-11,0.0001282997677694726,-2.340158262107756e-11
0.0001498395065462992,-1.562664957516155e-11,0.0001498893119761801,-1.566476078396985e-11,0.0001482409576880544,-1.57503658279134e-11,0.0001456237591718961,-1.590035366387833e-11,0.0001426547216176242,-1.612295941283773e-11,0.0001398495930818905,-1.641763842346762e-11,0.0001349688506485564,-1.678040229781502e-11,0.0001307292724862844,-1.720278891674444e-11,0.0001233623372001533,-1.768798145585585e-11,0.0001257147262217764,-1.817525209687768e-11,0.0001319774711065446,-1.867007509868451e-11,0.0001334023686275054,-1.921630162157335e-11,0.0001306780250568759,-1.980665623815642e-11,0.0001255406848269171,-2.042384870560165e-11,0.000119912916891655,-2.104289549229394e-11,0.0001255447139015182,-2.158130422542711e-11,0.0001305227408618571,-2.209511127771605e-11,0.0001330642918027429,-2.257669007315148e-11,0.0001356575280948688,-2.300084605293232e-11,0.0001382997677694725,-2.336279377154629e-11
0.0001598395065462992,-1.569019861725079e-11,0.0001598893119761801,-1.571758810701226e-11,0.0001582409576880544,-1.579109306604717e-11,0.0001556237591718961,-1.592798404306089e-11,0.0001526547216176242,-1.613689588517784e-11,0.0001498495930818905,-1.641772068007247e-11,0.0001449688506485564,-1.676648312508011e-11,0.0001407292724862844,-1.717578127052633e-11,0.0001333623372001533,-1.764886288505239e-11,0.0001357147262217764,-1.812654447209128e-11,0.0001419774711065446,-1.861322701830275e-11,0.0001434023686275054,-1.915505960067159e-11,0.0001406780250568759,-1.974360027412789e-11,0.0001355406848269171,-2.036153213009253e-11,0.000129912916891655,-2.098360437896205e-11,0.0001355447139015182,-2.15246252011474e-11,0.0001405227408618571,-2.204214022571761e-11,0.0001430642918027429,-2.252825691991344e-11,0.0001456575280948688,-2.295688184257574e-11,0.0001482997677694725,-2.332292104783104e-11
0.0001698395065462992,-1.57563255476575e-11,0.0001698893119761801,-1.577292212388836e-11,0.0001682409576880544,-1.583423850798083e-11,0.0001656237591718961,-1.595792332127599e-11,0.0001626547216176242,-1.615300702183336e-11,0.0001598495930818905,-1.641980497710969e-11,0.0001549688506485564,-1.675432437768348e-11,0.0001507292724862844,-1.71502117603758e-11,0.0001433623372001533,-1.76107541493384e-11,0.0001457147262217764,-1.807840935656481e-11,0.0001519774711065446,-1.855650275429597e-11,0.0001534023686275054,-1.909308202999551e-11,0.0001506780250568759,-1.967923403923902e-11,0.0001455406848269171,-2.029762540658057e-11,0.000139912916891655,-2.092258575611545e-11,0.0001455447139015182,-2.146622848242791e-11,0.0001505227408618571,-2.198755710937492e-11,0.0001530642918027429,-2.247837728752337e-11,0.0001556575280948688,-2.291166131675072e-11,0.0001582997677694725,-2.328197808189388e-11
0.0001798395065462992,-1.582499607675365e-11,0.00017988931197618,-1.583074473829968e-11,0.0001782409576880544,-1.58797969911521e-11,0.0001756237591718961,-1.599017846783375e-11,0.0001726547216176242,-1.617130922880151e-11,0.0001698495930818905,-1.642391693578798e-11,0.0001649688506485564,-1.674396290735913e-11,0.0001607292724862844,-1.712612891171276e-11,0.0001533623372001533,-1.75737161160656e-11,0.0001557147262217764,-1.803091205720836e-11,0.0001619774711065446,-1.849997437702688e-11,0.0001634023686275054,-1.903035609912306e-11,0.0001606780250568759,-1.961360368811524e-11,0.0001555406848269171,-2.023215869066829e-11,0.000149912916891655,-2.085985709830892e-11,0.0001555447139015182,-2.140612616570324e-11,0.0001605227408618571,-2.193137222430788e-11,0.0001630642918027429,-2.242706190396464e-11,0.0001656575280948688,-2.286519713749197e-11,0.0001682997677694725,-2.323997967928354e-11
0.0001898395065462992,-1.589616620280727e-11,0.00018988931197618,-1.58910293090224e-11,0.0001882409576880544,-1.592775636940916e-11,0.0001856237591718961,-1.602474980873179e-11,0.0001826547216176242,-1.619181274485703e-11,0.0001798495930818905,-1.643007620517187e-11,0.0001749688506485564,-1.673543001393594e-11,0.0001707292724862844,-1.710357602169202e-11,0.0001633623372001533,-1.753780479018311e-11,0.0001657147262217764,-1.798411458855952e-11,0.0001719774711065446,-1.844370072654689e-11,0.0001734023686275054,-1.89668629926038e-11,0.0001706780250568759,-1.954675772431423e-11,0.0001655406848269171,-2.016516623913353e-11,0.0001599129168916549,-2.079543939166289e-11,0.0001655447139015182,-2.134433355727393e-11,0.0001705227408618571,-2.187359842850504e-11,0.0001730642918027429,-2.237432341646404e-11,0.0001756575280948688,-2.281750331763984e-11,0.0001782997677694725,-2.319694150999397e-11
0.0001998395065462992,-1.596978233771751e-11,0.00019988931197618,-1.595374069216551e-11,0.0001982409576880544,-1.597809732130503e-11,0.0001956237591718961,-1.60616307172335e-11,0.0001926547216176242,-1.621452116901635e-11,0.0001898495930818905,-1.643829582106162e-11,0.0001849688506485564,-1.672875048654367e-11,0.0001807292724862844,-1.708259035964321e-11,0.0001733623372001533,-1.75030715243109e-11,0.0001757147262217764,-1.793807542218696e-11,0.0001819774711065446,-1.838774180390711e-11,0.0001834023686275054,-1.890263165369391e-11,0.0001806780250568759,-1.947874745347475e-11,0.0001755406848269171,-2.009668621069883e-11,0.0001699129168916549,-2.072935744396383e-11,0.0001755447139015182,-2.128086903182479e-11,0.0001805227408618571,-2.181425074378831e-11,0.0001830642918027429,-2.232017594923238e-11,0.0001856575280948688,-2.276859479306959e-11,0.0001882997677694725,-2.31528797274631e-11
0.0002098395065462992,-1.604578181127933e-11,0.00020988931197618,-1.601883562011394e-11,0.0002082409576880544,-1.603079328063741e-11,0.0002056237591718961,-1.610080708992804e-11,0.0002026547216176242,-1.623943181376605e-11,0.0001998495930818905,-1.644858228020948e-11,0.0001949688506485564,-1.672394242207966e-11,0.0001907292724862844,-1.706320269588418e-11,0.0001833623372001533,-1.746956216373777e-11,0.0001857147262217764,-1.789284869225932e-11,0.0001919774711065446,-1.833215674036556e-11,0.0001934023686275054,-1.88377232215309e-11,0.0001906780250568759,-1.94096272720419e-11,0.0001855406848269171,-2.00267600945948e-11,0.0001799129168916549,-2.06616394764381e-11,0.0001855447139015182,-2.121575356535814e-11,0.0001905227408618571,-2.175334597769262e-11,0.0001930642918027429,-2.226463476569161e-11,0.0001956575280948688,-2.271848712118283e-11,0.0001982997677694725,-2.310781070540802e-11
0.0002198395065462992,-1.612409364810644e-11,0.00021988931197618,-1.608626331578595e-11,0.0002182409576880544,-1.60858108798542e-11,0.0002156237591718961,-1.614225863244262e-11,0.0002126547216176242,-1.626653592509219e-11,0.0002098495930818905,-1.646093585302014e-11,0.0002049688506485564,-1.672101742967625e-11,0.0002007292724862844,-1.70454373498682e-11,0.0001933623372001533,-1.743731669853097e-11,0.0001957147262217764,-1.784848388902265e-11,0.0002019774711065446,-1.827699744472294e-11,0.0002034023686275054,-1.87723730445389e-11,0.0002006780250568759,-1.933945376346202e-11,0.0001955406848269171,-1.995543236946225e-11,0.0001899129168916549,-2.059231670642369e-11,0.0001955447139015182,-2.114901043993238e-11,0.0002005227408618571,-2.169090249168139e-11,0.0002030642918027429,-2.220771604567205e-11,0.0002056575280948688,-2.266719626932227e-11,0.0002082997677694725,-2.306175089241244e-11
0.0002298395065462992,-1.620463933738597e-11,0.00022988931197618,-1.615596608996461e-11,0.0002282409576880544,-1.6143110463135e-11,0.0002256237591718961,-1.618595969725283e-11,0.0002226547216176242,-1.629581889526986e-11,0.0002198495930818905,-1.647535106848233e-11,0.0002149688506485564,-1.671998104422039e-11,0.0002107292724862844,-1.702931245287979e-11,0.0002033623372001533,-1.740636928932288e-11,0.0002057147262217764,-1.780502582222982e-11,0.0002119774711065446,-1.822223534060524e-11,0.0002134023686275054,-1.870681951421433e-11,0.0002106780250568759,-1.926828540819514e-11,0.0002055406848269171,-1.988275030163549e-11,0.0001999129168916549,-2.052142311352485e-11,0.0002055447139015182,-2.10806650686785e-11,0.0002105227408618571,-2.162694004942669e-11,0.0002130642918027429,-2.214943673899102e-11,0.0002156575280948688,-2.26147384741464e-11,0.0002182997677694725,-2.301471681628856e-11
0.0002398395065462992,-1.628733362160838e-11,0.00023988931197618,-1.622787994565797e-11,0.0002382409576880544,-1.620264657535899e-11,0.0002356237591718961,-1.623187938942922e-11,0.0002326547216176242,-1.632726064375688e-11,0.0002298495930818905,-1.649181719531967e-11,0.0002249688506485564,-1.672083320783589e-11,0.0002207292724862844,-1.701484036829341e-11,0.0002133623372001533,-1.737674849665666e-11,0.0002157147262217764,-1.776251477156627e-11,0.0002219774711065446,-1.816785165781974e-11,0.0002234023686275054,-1.864119175117864e-11,0.0002206780250568759,-1.919618285545494e-11,0.0002155406848269171,-1.980876384653418e-11,0.0002099129168916549,-2.044899530103134e-11,0.0002155447139015182,-2.101074491196023e-11,0.0002205227408618571,-2.156147974751838e-11,0.0002230642918027429,-2.20898144836719e-11,0.0002256575280948688,-2.256113016355857e-11,0.0002282997677694725,-2.296672461481581e-11
0.0002498395065462992,-1.637208540131969e-11,0.0002498893119761801,-1.630193528203958e-11,0.0002482409576880545,-1.626436852047143e-11,0.0002456237591718961,-1.627998191482052e-11,0.0002426547216176242,-1.636083573674272e-11,0.0002398495930818905,-1.651031872161989e-11,0.0002349688506485564,-1.672356875320695e-11,0.0002307292724862844,-1.700202814689148e-11,0.0002233623372001533,-1.734847762457304e-11,0.0002257147262217764,-1.772098672921582e-11,0.0002319774711065446,-1.811387491175573e-11,0.0002334023686275054,-1.857555604396796e-11,0.0002306780250568759,-1.912320885476514e-11,0.0002255406848269171,-1.973352561540445e-11,0.0002199129168916549,-2.037507244871208e-11,0.0002255447139015182,-2.09392794604173e-11,0.0002305227408618571,-2.149454400440698e-11,0.0002330642918027429,-2.202886757864101e-11,0.0002356575280948688,-2.250638823325336e-11,0.0002382997677694725,-2.291779018733738e-11
0.0002598395065462993,-1.645879874849073e-11,0.0002598893119761801,-1.637805769589953e-11,0.0002582409576880545,-1.632822100586409e-11,0.0002556237591718962,-1.633022713725118e-11,0.0002526547216176242,-1.639651500937742e-11,0.0002498495930818905,-1.65308358946351e-11,0.0002449688506485565,-1.672817793860428e-11,0.0002407292724862844,-1.699087802218097e-11,0.0002333623372001532,-1.732157511114339e-11,0.0002357147262217764,-1.768047369797053e-11,0.0002419774711065446,-1.806035571877389e-11,0.0002434023686275053,-1.85099704329405e-11,0.0002406780250568759,-1.904942826499274e-11,0.0002355406848269171,-1.965709089901286e-11,0.0002299129168916549,-2.029969632543097e-11,0.0002355447139015182,-2.086630028178238e-11,0.0002405227408618571,-2.142615662203632e-11,0.0002430642918027429,-2.19666150312463e-11,0.0002456575280948688,-2.245052966291649e-11,0.0002482997677694726,-2.286792925047979e-11
0.0002698395065462993,-1.654737398757234e-11,0.0002698893119761801,-1.64561688486402e-11,0.0002682409576880545,-1.639414484689299e-11,0.0002656237591718962,-1.638257120147057e-11,0.0002626547216176242,-1.643426598994804e-11,0.0002598495930818905,-1.655334532485956e-11,0.0002549688506485565,-1.673464705793099e-11,0.0002507292724862844,-1.698138798759619e-11,0.0002433623372001532,-1.729605498984693e-11,0.0002457147262217764,-1.764100408000259e-11,0.0002519774711065446,-1.800734537239877e-11,0.0002534023686275054,-1.844449700369072e-11,0.000250678025056876,-1.897490820039969e-11,0.0002455406848269171,-1.957951778404279e-11,0.0002399129168916549,-2.022291137510378e-11,0.0002455447139015182,-2.079184116289081e-11,0.0002505227408618571,-2.135634295155128e-11,0.0002530642918027429,-2.190307670385988e-11,0.0002556575280948688,-2.239357154926669e-11,0.0002582997677694726,-2.281715745165686e-11
0.0002798395065462993,-1.663770881415227e-11,0.0002798893119761801,-1.653618737254638e-11,0.0002782409576880545,-1.64620777107657e-11,0.0002756237591718962,-1.643696718626588e-11,0.0002726547216176243,-1.647405326495159e-11,0.0002698495930818906,-1.657782025864577e-11,0.0002649688506485565,-1.674295910963697e-11,0.0002607292724862845,-1.697355245561265e-11,0.0002533623372001532,-1.727192744827821e-11,0.0002557147262217764,-1.760255900365155e-11,0.0002619774711065447,-1.795489201929235e-11,0.0002634023686275054,-1.837919898729637e-11,0.000260678025056876,-1.8899718301062e-11,0.0002555406848269171,-1.950086738901291e-11,0.000249912916891655,-2.014476491099325e-11,0.0002555447139015183,-2.071593837230289e-11,0.0002605227408618571,-2.128513017931262e-11,0.0002630642918027429,-2.183827357110203e-11,0.0002656575280948689,-2.233553133435477e-11,0.0002682997677694726,-2.276549057560826e-11
0.0002898395065462993,-1.672969942818058e-11,0.0002898893119761802,-1.661802980011686e-11,0.0002882409576880546,-1.653195488627857e-11,0.0002856237591718962,-1.649336578089511e-11,0.0002826547216176243,-1.651583909138202e-11,0.0002798495930818906,-1.660423136902285e-11,0.0002749688506485565,-1.675309451060457e-11,0.0002707292724862845,-1.696736298031525e-11,0.0002633623372001533,-1.724919947794886e-11,0.0002657147262217765,-1.75650713339972e-11,0.0002719774711065447,-1.790304233152273e-11,0.0002734023686275054,-1.831414005830746e-11,0.000270678025056876,-1.882396191281729e-11,0.0002655406848269172,-1.942120422727877e-11,0.000259912916891655,-2.006530743822977e-11,0.0002655447139015183,-2.063863105347291e-11,0.0002705227408618571,-2.121254773866279e-11,0.0002730642918027429,-2.177222809162071e-11,0.0002756575280948689,-2.227642738759468e-11,0.0002782997677694726,-2.271294483814304e-11
0.0002998395065462994,-1.682324165933592e-11,0.0002998893119761802,-1.670161150009769e-11,0.0002982409576880546,-1.660371006679978e-11,0.0002956237591718963,-1.655171597713575e-11,0.0002926547216176243,-1.655958407686016e-11,0.0002898495930818906,-1.663254840701764e-11,0.0002849688506485566,-1.676503184424897e-11,0.0002807292724862845,-1.696280903188402e-11,0.0002733623372001533,-1.722787559947056e-11,0.0002757147262217765,-1.752852220505181e-11,0.0002819774711065447,-1.785184279640313e-11,0.0002834023686275055,-1.824938476784895e-11,0.000280678025056876,-1.874793315326155e-11,0.0002755406848269172,-1.934059669528377e-11,0.000269912916891655,-1.998459310876706e-11,0.0002755447139015183,-2.055996175034758e-11,0.0002805227408618572,-2.113862784718579e-11,0.000283064291802743,-2.170496469303312e-11,0.0002856575280948689,-2.221627947104472e-11,0.0002882997677694727,-2.265953726283559e-11
0.0003098395065462994,-1.691823206254219e-11,0.0003098893119761802,-1.678684760250558e-11,0.0003082409576880546,-1.667727613381313e-11,0.0003056237591718963,-1.661196576706214e-11,0.0003026547216176243,-1.660524786266034e-11,0.0002998495930818907,-1.666274020126997e-11,0.0002949688506485566,-1.677874863190042e-11,0.0002907292724862846,-1.695987881085421e-11,0.0002833623372001533,-1.720795864867467e-11,0.0002857147262217765,-1.749293294430711e-11,0.0002919774711065447,-1.780134046869415e-11,0.0002934023686275055,-1.818499917243957e-11,0.0002906780250568761,-1.867184390869482e-11,0.0002855406848269172,-1.925911767690398e-11,0.000279912916891655,-1.990268030437585e-11,0.0002855447139015183,-2.047997705995482e-11,0.0002905227408618572,-2.106340616134742e-11,0.000293064291802743,-2.163651036117748e-11,0.0002956575280948689,-2.215510916294128e-11,0.0002982997677694727,-2.260528612388491e-11
0.0003198395065462994,-1.701456896514238e-11,0.0003198893119761803,-1.687365389699027e-11,0.0003182409576880546,-1.675258592873574e-11,0.0003156237591718963,-1.667406283680694e-11,0.0003126547216176244,-1.665278980248922e-11,0.0003098495930818907,-1.669477527301475e-11,0.0003049688506485566,-1.679422187440776e-11,0.0003007292724862846,-1.695856008337823e-11,0.0002933623372001534,-1.718945060843705e-11,0.0002957147262217765,-1.745833313066346e-11,0.0003019774711065448,-1.775158395539081e-11,0.0003034023686275055,-1.812105152640911e-11,0.0003006780250568761,-1.859580690370569e-11,0.0002955406848269172,-1.917684524400674e-11,0.0002899129168916551,-1.98196323367511e-11,0.0002955447139015184,-2.039872839606545e-11,0.0003005227408618572,-2.098692252963832e-11,0.000303064291802743,-2.156689531465172e-11,0.000305657528094869,-2.209294043046379e-11,0.0003082997677694727,-2.255021137233094e-11
0.0003298395065462994,-1.711215344623934e-11,0.0003298893119761803,-1.696194769101323e-11,0.0003282409576880547,-1.682957300233811e-11,0.0003256237591718963,-1.673795524736951e-11,0.0003226547216176244,-1.670216963253839e-11,0.0003198495930818907,-1.672862265417425e-11,0.0003149688506485566,-1.681142863837015e-11,0.0003107292724862846,-1.69588410242169e-11,0.0003033623372001534,-1.717232526727277e-11,0.0003057147262217766,-1.74247514917085e-11,0.0003119774711065448,-1.770262406258028e-11,0.0003134023686275055,-1.805761297561196e-11,0.0003106780250568761,-1.851990376919162e-11,0.0003055406848269173,-1.909386341943576e-11,0.0002999129168916551,-1.973551824051287e-11,0.0003055447139015184,-2.031627283467031e-11,0.0003105227408618572,-2.090922181195251e-11,0.000313064291802743,-2.149615373419255e-11,0.000315657528094869,-2.202980025586131e-11,0.0003182997677694728,-2.249433527591355e-11
0.0003398395065462995,-1.721089023771756e-11,0.0003398893119761803,-1.705164861746262e-11,0.0003382409576880547,-1.690817233326397e-11,0.0003356237591718964,-1.680359209518502e-11,0.0003326547216176244,-1.675334812400229e-11,0.0003298495930818907,-1.676425261160968e-11,0.0003249688506485567,-1.683034764965689e-11,0.0003207292724862846,-1.696071105056433e-11,0.0003133623372001534,-1.715649231205207e-11,0.0003157147262217766,-1.7392217370396e-11,0.0003219774711065448,-1.765451376915446e-11,0.0003234023686275056,-1.799475821247069e-11,0.0003206780250568761,-1.844422000767942e-11,0.0003155406848269173,-1.90102629536055e-11,0.0003099129168916551,-1.965041362019298e-11,0.0003155447139015184,-2.023267399722581e-11,0.0003205227408618573,-2.08303547196017e-11,0.0003230642918027431,-2.142432450354736e-11,0.000325657528094869,-2.19657192614997e-11,0.0003282997677694728,-2.243768297063788e-11
0.0003498395065462995,-1.731068853894147e-11,0.0003498893119761803,-1.714267938474884e-11,0.0003482409576880547,-1.698832100986606e-11,0.0003456237591718964,-1.687092414712439e-11,0.0003426547216176244,-1.6806287713086e-11,0.0003398495930818908,-1.680163731561393e-11,0.0003349688506485567,-1.685095984916532e-11,0.0003307292724862847,-1.696416162766367e-11,0.0003233623372001534,-1.714190795385964e-11,0.0003257147262217766,-1.736076259116546e-11,0.0003319774711065448,-1.760730946296565e-11,0.0003334023686275056,-1.79325660483899e-11,0.0003306780250568762,-1.836884948464049e-11,0.0003255406848269173,-1.892614205719114e-11,0.0003199129168916552,-1.956440149752737e-11,0.0003255447139015185,-2.01480029135589e-11,0.0003305227408618573,-2.075037861786541e-11,0.0003330642918027431,-2.135145190789846e-11,0.0003356575280948691,-2.190073226385184e-11,0.0003382997677694728,-2.238028288130861e-11
0.0003598395065462995,-1.741146273922781e-11,0.0003598893119761804,-1.723496646412822e-11,0.0003582409576880547,-1.706995887099989e-11,0.0003556237591718964,-1.69399044461751e-11,0.0003526547216176245,-1.686095310523502e-11,0.0003498495930818908,-1.684075147598805e-11,0.0003449688506485567,-1.687324890003601e-11,0.0003407292724862847,-1.696918691905303e-11,0.0003333623372001535,-1.712857730824698e-11,0.0003357147262217766,-1.733042239886961e-11,0.0003419774711065449,-1.756107153102985e-11,0.0003434023686275056,-1.787111985434778e-11,0.0003406780250568762,-1.829389256568741e-11,0.0003355406848269173,-1.884160701717565e-11,0.0003299129168916552,-1.947757309259704e-11,0.0003355447139015185,-2.006233879484132e-11,0.0003405227408618573,-2.066935822382751e-11,0.0003430642918027431,-2.127758623386295e-11,0.0003456575280948691,-2.18348787048044e-11,0.0003482997677694728,-2.232216707122607e-11
0.0003698395065462995,-1.751313304225501e-11,0.0003698893119761804,-1.732844070768201e-11,0.0003682409576880548,-1.715302909986322e-11,0.0003656237591718964,-1.701048888290225e-11,0.0003626547216176245,-1.691731184763227e-11,0.0003598495930818908,-1.688157294174614e-11,0.0003549688506485567,-1.689720188239174e-11,0.0003507292724862847,-1.697577890594308e-11,0.0003433623372001535,-1.711652093276844e-11,0.0003457147262217767,-1.730123605481201e-11,0.0003519774711065449,-1.751586472954674e-11,0.0003534023686275056,-1.781050782132288e-11,0.0003506780250568762,-1.821945536671645e-11,0.0003455406848269174,-1.875677262104447e-11,0.0003399129168916552,-1.939002846358326e-11,0.0003455447139015185,-1.997576964097329e-11,0.0003505227408618574,-2.058736612923487e-11,0.0003530642918027431,-2.120278420450737e-11,0.0003556575280948691,-2.176820310817449e-11,0.0003582997677694729,-2.226337162955263e-11
0.0003798395065462996,-1.761562598911567e-11,0.0003798893119761804,-1.742303789195492e-11,0.0003782409576880548,-1.723747876503278e-11,0.0003756237591718965,-1.708263672676014e-11,0.0003726547216176245,-1.697533486370712e-11,0.0003698495930818908,-1.692408325728315e-11,0.0003649688506485568,-1.692281007061106e-11,0.0003607292724862847,-1.698385733427901e-11,0.0003533623372001535,-1.710576256403687e-11,0.0003557147262217767,-1.727324755596245e-11,0.0003619774711065449,-1.747175842464332e-11,0.0003634023686275057,-1.775082300904594e-11,0.0003606780250568762,-1.814564965419291e-11,0.0003555406848269174,-1.867183861128412e-11,0.0003499129168916552,-1.930187692868738e-11,0.0003555447139015185,-1.988839260833952e-11,0.0003605227408618574,-2.050448308272592e-11,0.0003630642918027432,-2.112710919559779e-11,0.0003656575280948691,-2.170075520357938e-11,0.0003682997677694729,-2.220393680034078e-11
0.0003898395065462996,-1.771887488134395e-11,0.0003898893119761804,-1.751869918595855e-11,0.0003882409576880548,-1.732325930582903e-11,0.0003856237591718965,-1.715631111350051e-11,0.0003826547216176246,-1.70349969454952e-11,0.0003798495930818909,-1.69682681666188e-11,0.0003749688506485568,-1.695006901767434e-11,0.0003707292724862848,-1.699336295905237e-11,0.0003633623372001535,-1.709632942826152e-11,0.0003657147262217767,-1.72465060564715e-11,0.0003719774711065449,-1.742882665317459e-11,0.0003734023686275057,-1.769216316788819e-11,0.0003706780250568763,-1.807259260674259e-11,0.0003655406848269174,-1.858714569940482e-11,0.0003599129168916553,-1.921323720038546e-11,0.0003655447139015186,-1.980031407502211e-11,0.0003705227408618574,-2.042079797953804e-11,0.0003730642918027432,-2.105063117061053e-11,0.0003756575280948692,-2.163258978402347e-11,0.0003782997677694729,-2.21439063022545e-11
0.0003998395065462996,-1.782282010506154e-11,0.0003998893119761805,-1.761537154160348e-11,0.0003982409576880548,-1.741032695890604e-11,0.0003956237591718965,-1.723147948565446e-11,0.0003926547216176246,-1.709627720140913e-11,0.0003898495930818909,-1.701411806617855e-11,0.0003849688506485568,-1.697897908888414e-11,0.0003807292724862848,-1.700429194329612e-11,0.0003733623372001536,-1.708825380275322e-11,0.0003757147262217768,-1.722106513375663e-11,0.000381977471106545,-1.738714800043742e-11,0.0003834023686275057,-1.763463034282354e-11,0.0003806780250568763,-1.800040627740121e-11,0.0003755406848269174,-1.850292751000948e-11,0.0003699129168916553,-1.912423717924398e-11,0.0003755447139015186,-1.971164936220966e-11,0.0003805227408618574,-2.033640753010287e-11,0.0003830642918027432,-2.097342630511682e-11,0.0003856575280948692,-2.15637663608142e-11,0.0003882997677694729,-2.208332712618428e-11
0.0004098395065462996,-1.792740935473507e-11,0.0004098893119761805,-1.771300800162864e-11,0.0004082409576880549,-1.749864311991773e-11,0.0004056237591718965,-1.730811398057828e-11,0.0004026547216176246,-1.71591594558293e-11,0.0003998495930818909,-1.706162840605392e-11,0.0003949688506485568,-1.700954597800219e-11,0.0003907292724862848,-1.701666961114635e-11,0.0003833623372001536,-1.708157329965878e-11,0.0003857147262217768,-1.719698343085856e-11,0.000391977471106545,-1.734680532014333e-11,0.0003934023686275057,-1.757833029490748e-11,0.0003906780250568763,-1.792921679849724e-11,0.0003855406848269175,-1.841933677128975e-11,0.0003799129168916553,-1.903501338859907e-11,0.0003855447139015186,-1.962252209996237e-11,0.0003905227408618575,-2.025141560941259e-11,0.0003930642918027433,-2.089557651420152e-11,0.0003956575280948692,-2.149434860404239e-11,0.000398299767769473,-2.202224905558709e-11
0.0004198395065462997,-1.803259775296052e-11,0.0004198893119761805,-1.781156791808628e-11,0.0004182409576880549,-1.758817463167578e-11,0.0004156237591718966,-1.738619175793872e-11,0.0004126547216176246,-1.72236325948693e-11,0.0004098495930818909,-1.711080003584403e-11,0.0004049688506485569,-1.704177235381036e-11,0.0004007292724862848,-1.703052954983904e-11,0.0003933623372001536,-1.707633105793474e-11,0.0003957147262217768,-1.717432463144045e-11,0.000401977471106545,-1.730788533800348e-11,0.0004034023686275058,-1.752337179827645e-11,0.0004006780250568763,-1.785915340690446e-11,0.0003955406848269175,-1.833651147126104e-11,0.0003899129168916553,-1.894571005579357e-11,0.0003955447139015186,-1.953306326214687e-11,0.0004005227408618575,-2.016593232272188e-11,0.0004030642918027433,-2.081716861398949e-11,0.0004056575280948692,-2.142440359490328e-11,0.000408299767769473,-2.196072426532587e-11
0.0004298395065462997,-1.813834786245746e-11,0.0004298893119761805,-1.791101707390561e-11,0.0004282409576880549,-1.767889398922613e-11,0.0004256237591718966,-1.746569525695914e-11,0.0004226547216176247,-1.728969085148175e-11,0.000419849593081891,-1.716163949229979e-11,0.0004149688506485569,-1.707559320936352e-11,0.0004107292724862849,-1.704590985655169e-11,0.0004033623372001536,-1.707257633188673e-11,0.0004057147262217768,-1.715315723101393e-11,0.0004119774711065451,-1.727047819799349e-11,0.0004134023686275058,-1.746986588956802e-11,0.0004106780250568764,-1.779034737848763e-11,0.0004055406848269175,-1.825459533285576e-11,0.0003999129168916554,-1.885647789341546e-11,0.0004055447139015187,-1.944340993612938e-11,0.0004105227408618575,-2.008007285132974e-11,0.0004130642918027433,-2.073829327072064e-11,0.0004156575280948693,-2.135400095016287e-11,0.000418299767769473,-2.189883016828386e-11
0.0004398395065462997,-1.824462958668985e-11,0.0004398893119761806,-1.801132770040988e-11,0.0004382409576880549,-1.777077945222109e-11,0.0004356237591718966,-1.754661237339121e-11,0.0004326547216176247,-1.735733401881135e-11,0.000429849593081891,-1.721415922717607e-11,0.0004249688506485569,-1.71109743443845e-11,0.0004207292724862849,-1.706285440218942e-11,0.0004133623372001537,-1.707036479587991e-11,0.0004157147262217769,-1.713355427524089e-11,0.0004219774711065451,-1.723467701775883e-11,0.0004234023686275058,-1.741792515258452e-11,0.0004206780250568764,-1.772293097027268e-11,0.0004155406848269176,-1.817373638809605e-11,0.0004099129168916554,-1.876747266471926e-11,0.0004155447139015187,-1.935370391314105e-11,0.0004205227408618575,-1.999395610613159e-11,0.0004230642918027433,-2.065904389616683e-11,0.0004256575280948693,-2.128321189418659e-11,0.000428299767769473,-2.183667482375353e-11
0.0004498395065462998,-1.835131120109992e-11,0.0004498893119761806,-1.811247838491258e-11,0.000448240957688055,-1.786381505591317e-11,0.0004456237591718967,-1.762893654622297e-11,0.0004426547216176247,-1.742656758686415e-11,0.000439849593081891,-1.726837777083951e-11,0.000434968850648557,-1.714793580178169e-11,0.0004307292724862849,-1.708141368545163e-11,0.0004233623372001537,-1.706975751526159e-11,0.0004257147262217769,-1.711559271711247e-11,0.0004319774711065451,-1.720057751696656e-11,0.0004334023686275058,-1.736766312002519e-11,0.0004306780250568764,-1.765703647029272e-11,0.0004255406848269176,-1.809408358113199e-11,0.0004199129168916554,-1.867885364346672e-11,0.0004255447139015187,-1.926409021458653e-11,0.0004305227408618576,-1.990770352689646e-11,0.0004330642918027434,-2.057951555849403e-11,0.0004356575280948693,-2.121210835870423e-11,0.0004382997677694731,-2.177433608096407e-11
0.0004598395065462998,-1.845803581994988e-11,0.0004598893119761806,-1.821445386464282e-11,0.000458240957688055,-1.795799051382554e-11,0.0004556237591718967,-1.771266674538538e-11,0.0004526547216176247,-1.749740279282742e-11,0.000449849593081891,-1.732431982515455e-11,0.000444968850648557,-1.718652345218216e-11,0.0004407292724862849,-1.71016448372154e-11,0.0004333623372001537,-1.70708208078888e-11,0.0004357147262217769,-1.70993538122334e-11,0.0004419774711065451,-1.716827777263073e-11,0.0004434023686275059,-1.731919385640965e-11,0.0004406780250568765,-1.75927954433572e-11,0.0004355406848269176,-1.80157850107455e-11,0.0004299129168916554,-1.859078209083487e-11,0.0004355447139015187,-1.917471567198546e-11,0.0004405227408618576,-1.982143790890339e-11,0.0004430642918027434,-2.049980398665447e-11,0.0004456575280948693,-2.114076218551719e-11,0.0004482997677694731,-2.17118670108968e-11
0.0004698395065462998,-1.856464361051152e-11,0.0004698893119761806,-1.831724470607055e-11,0.000468240957688055,-1.805330100782557e-11,0.0004656237591718967,-1.779780735395477e-11,0.0004626547216176248,-1.756985657638115e-11,0.0004598495930818911,-1.7382010008215e-11,0.000454968850648557,-1.722679093729845e-11,0.000450729272486285,-1.712361128595815e-11,0.0004433623372001537,-1.707362663934984e-11,0.0004457147262217769,-1.708492317036677e-11,0.0004519774711065452,-1.71378781276472e-11,0.0004534023686275059,-1.727263177018663e-11,0.0004506780250568765,-1.753033824240768e-11,0.0004455406848269176,-1.793898700557209e-11,0.0004399129168916555,-1.850341986922754e-11,0.0004455447139015188,-1.908572766996848e-11,0.0004505227408618576,-1.973528232926173e-11,0.0004530642918027434,-2.04200047464927e-11,0.0004556575280948694,-2.106924449172807e-11,0.0004582997677694731,-2.164931412451645e-11
0.0004798395065462998,-1.867112337524772e-11,0.0004798893119761807,-1.842084572159582e-11,0.0004782409576880551,-1.814974686429271e-11,0.0004756237591718967,-1.788436793932124e-11,0.0004726547216176248,-1.764395143353111e-11,0.0004698495930818911,-1.744141031970451e-11,0.000464968850648557,-1.726879693378481e-11,0.000460729272486285,-1.714738307229016e-11,0.0004533623372001538,-1.707825258594371e-11,0.000455714726221777,-1.707239059657888e-11,0.0004619774711065452,-1.710948088584423e-11,0.0004634023686275059,-1.722809167747573e-11,0.0004606780250568765,-1.746979382461797e-11,0.0004555406848269177,-1.786383355744713e-11,0.0004499129168916555,-1.841700028141912e-11,0.0004555447139015188,-1.899727313205946e-11,0.0004605227408618576,-1.964935934590774e-11,0.0004630642918027434,-2.034021264367695e-11,0.0004656575280948694,-2.099764511678809e-11,0.0004682997677694731,-2.158672322839288e-11
0.0004898395065462999,-1.877748392483788e-11,0.0004898893119761806,-1.852506366262561e-11,0.0004882409576880551,-1.824733311820582e-11,0.0004856237591718968,-1.797236291065461e-11,0.0004826547216176248,-1.771971516399067e-11,0.0004798495930818911,-1.750250824471219e-11,0.0004749688506485571,-1.731260616709696e-11,0.000470729272486285,-1.717303710415054e-11,0.0004633623372001538,-1.708478185742338e-11,0.000465714726221777,-1.706185016668714e-11,0.0004719774711065452,-1.708319102705288e-11,0.000473402368627506,-1.718568911347688e-11,0.0004706780250568765,-1.74112898785465e-11,0.0004655406848269177,-1.779046607326467e-11,0.0004599129168916555,-1.833186669025646e-11,0.0004655447139015188,-1.890949776784517e-11,0.0004705227408618577,-1.956379050909513e-11,0.0004730642918027435,-2.026052139145769e-11,0.0004756575280948694,-2.092609041401366e-11,0.0004782997677694732,-2.152413929282608e-11
0.0004998395065462999,-1.888373003839807e-11,0.0004998893119761807,-1.862957962812112e-11,0.0004982409576880551,-1.834606896978593e-11,0.0004956237591718967,-1.806181106634877e-11,0.0004926547216176248,-1.779718050876568e-11,0.0004898495930818911,-1.756534173751236e-11,0.0004849688506485571,-1.735828975629105e-11,0.0004807292724862851,-1.720065607845279e-11,0.0004733623372001538,-1.709330340106208e-11,0.000475714726221777,-1.705340047962574e-11,0.0004819774711065452,-1.705911689124044e-11,0.000483402368627506,-1.714554086632221e-11,0.0004806780250568766,-1.735495324481541e-11,0.0004755406848269177,-1.77190234677172e-11,0.0004699129168916555,-1.824825529385683e-11,0.0004755447139015188,-1.882254582468293e-11,0.0004805227408618577,-1.947869618132232e-11,0.0004830642918027435,-2.018102354608934e-11,0.0004856575280948694,-2.085467538682998e-11,0.0004882997677694732,-2.146160598469944e-11
0.0005098395065462999,-1.898986821646009e-11,0.0005098893119761807,-1.873429908392868e-11,0.0005082409576880551,-1.844596625198816e-11,0.0005056237591718968,-1.815273447385389e-11,0.0005026547216176249,-1.787638467651931e-11,0.0004998495930818911,-1.762997342895601e-11,0.0004949688506485571,-1.740592498431437e-11,0.000490729272486285,-1.723032902762277e-11,0.0004833623372001539,-1.710391204347839e-11,0.000485714726221777,-1.704714500290196e-11,0.0004919774711065453,-1.703737057528811e-11,0.000493402368627506,-1.710776550429241e-11,0.0004906780250568765,-1.730091059160731e-11,0.0004855406848269177,-1.764964258478147e-11,0.0004799129168916556,-1.816632239912189e-11,0.0004855447139015189,-1.873656008426198e-11,0.0004905227408618577,-1.939419565331013e-11,0.0004930642918027435,-2.010181069876471e-11,0.0004956575280948694,-2.078346699581512e-11,0.0004982997677694732,-2.139916582537027e-11
0.0005198395065462999,-1.909590718377003e-11,0.0005198893119761807,-1.883922948853709e-11,0.0005182409576880552,-1.854704197615328e-11,0.0005156237591718968,-1.824515723282082e-11,0.0005126547216176249,-1.795736365351255e-11,0.0005098495930818912,-1.769646607559367e-11,0.0005049688506485571,-1.745559442842354e-11,0.0005007292724862851,-1.726215130203765e-11,0.0004933623372001539,-1.711670864635436e-11,0.000495714726221777,-1.704319247350887e-11,0.0005019774711065453,-1.701806850911418e-11,0.000503402368627506,-1.707248404449374e-11,0.0005006780250568766,-1.724928929101042e-11,0.0004955406848269178,-1.758245890196182e-11,0.0004899129168916556,-1.808620502153002e-11,0.0004955447139015188,-1.865168211667222e-11,0.0005005227408618577,-1.931040752726346e-11,0.0005030642918027435,-2.002297389626371e-11,0.0005056575280948694,-2.071251887743273e-11,0.0005082997677694732,-2.133684349258748e-11
0.0005298395065463,-1.920185452186871e-11,0.0005298893119761808,-1.894438039666478e-11,0.0005282409576880552,-1.864916629267532e-11,0.0005256237591718968,-1.833911510059321e-11,0.0005226547216176249,-1.8040135083802e-11,0.0005198495930818912,-1.776489963735084e-11,0.0005149688506485571,-1.750737756938618e-11,0.0005107292724862851,-1.729621274767168e-11,0.0005033623372001539,-1.713180039332538e-11,0.000505714726221777,-1.704165351318403e-11,0.0005119774711065453,-1.700131102982027e-11,0.0005134023686275061,-1.703979631796135e-11,0.0005106780250568766,-1.720019374437636e-11,0.0005055406848269178,-1.751760227389399e-11,0.0004999129168916556,-1.80080407282188e-11,0.0005055447139015189,-1.856804692626923e-11,0.0005105227408618578,-1.922741993320284e-11,0.0005130642918027436,-1.994457259107159e-11,0.0005156575280948695,-2.064187329762954e-11,0.0005182997677694733,-2.12746952081632e-11
0.0005398395065463,-1.930771921148762e-11,0.0005398893119761808,-1.904975456095236e-11,0.0005382409576880552,-1.875199917859729e-11,0.0005356237591718968,-1.843464039488018e-11,0.0005326547216176249,-1.812468271097588e-11,0.0005298495930818912,-1.783536295648074e-11,0.0005249688506485571,-1.756139041924953e-11,0.0005207292724862851,-1.733263755488754e-11,0.0005133623372001539,-1.714928463167791e-11,0.0005157147262217771,-1.704263801218865e-11,0.0005219774711065453,-1.698725905471295e-11,0.0005234023686275061,-1.700987756109306e-11,0.0005206780250568766,-1.715378943916867e-11,0.0005155406848269178,-1.745518843209462e-11,0.0005099129168916557,-1.793194084926027e-11,0.0005155447139015189,-1.848577289597471e-11,0.0005205227408618578,-1.914539388560104e-11,0.0005230642918027436,-1.986681212426627e-11,0.0005256575280948695,-2.057165639691161e-11,0.0005282997677694733,-2.12128188479611e-11
0.0005498395065463,-1.941351321829708e-11,0.0005498893119761808,-1.915535501483356e-11,0.0005482409576880552,-1.8855406448788e-11,0.0005456237591718969,-1.853176233206865e-11,0.000542654721617625,-1.821102563727399e-11,0.0005398495930818912,-1.790793782859333e-11,0.0005349688506485572,-1.761774737326057e-11,0.0005307292724862851,-1.737156410644664e-11,0.000523362337200154,-1.716931101260919e-11,0.0005257147262217771,-1.704631207054733e-11,0.0005319774711065454,-1.69760897512827e-11,0.0005334023686275061,-1.698291212912033e-11,0.0005306780250568766,-1.71102687224047e-11,0.0005255406848269178,-1.739541795855032e-11,0.0005199129168916557,-1.785807807168255e-11,0.0005255447139015189,-1.840507470171518e-11,0.0005305227408618578,-1.906452036497348e-11,0.0005330642918027436,-1.978989463963353e-11,0.0005356575280948695,-2.050197935960043e-11,0.0005382997677694733,-2.115128516623201e-11
0.0005598395065463,-1.951924898417099e-11,0.0005598893119761808,-1.926118516792773e-11,0.0005582409576880553,-1.89593871224852e-11,0.0005556237591718969,-1.863051048188607e-11,0.000552654721617625,-1.829921447774409e-11,0.0005498495930818913,-1.798270117667944e-11,0.0005449688506485572,-1.767654920192943e-11,0.0005407292724862852,-1.741311821243025e-11,0.000533362337200154,-1.719203574448102e-11,0.0005357147262217771,-1.705284075859012e-11,0.0005419774711065454,-1.696795411884617e-11,0.0005434023686275061,-1.695904886900939e-11,0.0005406780250568767,-1.706979156044317e-11,0.0005355406848269179,-1.733848519038814e-11,0.0005299129168916557,-1.778666164146428e-11,0.0005355447139015189,-1.832615729479733e-11,0.0005405227408618579,-1.898494741381147e-11,0.0005430642918027436,-1.971393945839581e-11,0.0005456575280948695,-2.04329072156819e-11,0.0005482997677694734,-2.109013442682085e-11
0.0005698395065463001,-1.9624937087396e-11,0.0005698893119761809,-1.936724673128124e-11,0.0005682409576880553,-1.906394980627341e-11,0.0005656237591718969,-1.873084567341476e-11,0.000562654721617625,-1.838930612623207e-11,0.0005598495930818913,-1.805973005888633e-11,0.0005549688506485572,-1.773789438228387e-11,0.0005507292724862852,-1.745741774912342e-11,0.000543362337200154,-1.72175948455766e-11,0.0005457147262217771,-1.706236485779013e-11,0.0005519774711065454,-1.696298984011042e-11,0.0005534023686275062,-1.693842283913157e-11,0.0005506780250568767,-1.703249342741873e-11,0.0005455406848269179,-1.728453577481239e-11,0.0005399129168916557,-1.771786238463761e-11,0.000545544713901519,-1.824916967202762e-11,0.0005505227408618579,-1.890679040178278e-11,0.0005530642918027437,-1.963902696735773e-11,0.0005556575280948696,-2.036449357379488e-11,0.0005582997677694734,-2.102940303533175e-11
0.0005798395065463001,-1.973058528088554e-11,0.0005798893119761809,-1.947353856854008e-11,0.0005782409576880553,-1.91690915712237e-11,0.0005756237591718969,-1.883240012995194e-11,0.0005726547216176251,-1.848135438689028e-11,0.0005698495930818913,-1.813910225444108e-11,0.0005649688506485572,-1.780188398889524e-11,0.0005607292724862852,-1.750458268564735e-11,0.000553362337200154,-1.724611821445107e-11,0.0005557147262217772,-1.707502095403706e-11,0.0005619774711065454,-1.696134029828785e-11,0.0005634023686275062,-1.692117678928599e-11,0.0005606780250568767,-1.699851134710715e-11,0.0005555406848269179,-1.723369996720045e-11,0.0005499129168916558,-1.765181542830016e-11,0.000555544713901519,-1.817425269741142e-11,0.0005605227408618579,-1.883016326045874e-11,0.0005630642918027437,-1.956523981904002e-11,0.0005656575280948696,-2.029679960402968e-11,0.0005682997677694734,-2.096913438007675e-11
0.0005898395065463001,-1.983619791301737e-11,0.0005898893119761809,-1.958005601059659e-11,0.0005882409576880553,-1.927480311755091e-11,0.000585623759171897,-1.893488809128069e-11,0.0005826547216176251,-1.857540899447365e-11,0.0005798495930818913,-1.822089347602148e-11,0.0005749688506485573,-1.786862049167906e-11,0.0005707292724862852,-1.755473731009166e-11,0.0005633623372001541,-1.727774133182599e-11,0.0005657147262217772,-1.709095417285996e-11,0.0005719774711065455,-1.696315988107817e-11,0.0005734023686275062,-1.690746574954822e-11,0.0005706780250568767,-1.696799403576826e-11,0.0005655406848269179,-1.71861164640282e-11,0.0005599129168916558,-1.758865219929322e-11,0.000565544713901519,-1.810169189118429e-11,0.0005705227408618579,-1.87551981914007e-11,0.0005730642918027437,-1.949267200371927e-11,0.0005756575280948696,-2.022989554366153e-11,0.0005782997677694734,-2.09093791634996e-11
0.0005998395065463001,-1.994177529225857e-11,0.0005998893119761809,-1.968679016820505e-11,0.0005982409576880554,-1.938107063640427e-11,0.000595623759171897,-1.903822277421582e-11,0.0005926547216176251,-1.867151516192178e-11,0.0005898495930818914,-1.830517620723069e-11,0.0005849688506485573,-1.793820578700245e-11,0.0005807292724862853,-1.760800867278072e-11,0.0005733623372001541,-1.731260655598054e-11,0.0005757147262217772,-1.711031893064131e-11,0.0005819774711065455,-1.696861297943846e-11,0.0005834023686275062,-1.689745577253657e-11,0.0005806780250568768,-1.694110203325864e-11,0.000575540684826918,-1.714193661756108e-11,0.0005699129168916558,-1.752851442935308e-11,0.0005755447139015191,-1.803174086242625e-11,0.000580522740861858,-1.868209258618205e-11,0.0005830642918027438,-1.942142749794049e-11,0.0005856575280948697,-2.016385971370245e-11,0.0005882997677694735,-2.08501949420387e-11
0.0006098395065463002,-2.004731305042583e-11,0.000609889311976181,-1.979372724785944e-11,0.0006082409576880554,-1.948787521536638e-11,0.000605623759171897,-1.914238778874811e-11,0.0006026547216176251,-1.876968509051081e-11,0.0005998495930818914,-1.839201839337709e-11,0.0005949688506485573,-1.801073953936871e-11,0.0005907292724862853,-1.766452476112946e-11,0.0005833623372001541,-1.735086129285752e-11,0.0005857147262217772,-1.713327711700891e-11,0.0005919774711065455,-1.697787261250365e-11,0.0005934023686275063,-1.689132284421385e-11,0.0005906780250568768,-1.691800663701014e-11,0.000585540684826918,-1.710132304371514e-11,0.0005799129168916558,-1.747155503344154e-11,0.0005855447139015191,-1.796458510780382e-11,0.000590522740861858,-1.861103240121468e-11,0.0005930642918027438,-1.935161961349091e-11,0.0005956575280948697,-2.009877876145786e-11,0.0005982997677694735,-2.079164655659971e-11
0.0006198395065463002,-2.015280157514073e-11,0.000619889311976181,-1.990084793428785e-11,0.0006182409576880554,-1.959519199677919e-11,0.000615623759171897,-1.924737035146505e-11,0.0006126547216176252,-1.886955894483384e-11,0.0006098495930818914,-1.848148182589281e-11,0.0006049688506485573,-1.808631754965687e-11,0.0006007292724862853,-1.772441285245727e-11,0.0005933623372001541,-1.73926563147522e-11,0.0005957147262217773,-1.715999633434595e-11,0.0006019774711065456,-1.699111946488692e-11,0.0006034023686275063,-1.688925230413207e-11,0.0006006780250568768,-1.689888950656776e-11,0.000595540684826918,-1.706444886336345e-11,0.0005899129168916559,-1.741793700512353e-11,0.0005955447139015191,-1.79003852364276e-11,0.000600522740861858,-1.854218026505505e-11,0.0006030642918027438,-1.92833715566349e-11,0.0006056575280948697,-2.003474842815859e-11,0.0006082997677694735,-2.073380685521552e-11
0.0006298395065463002,-2.025822552733466e-11,0.000629889311976181,-2.000812685894069e-11,0.0006282409576880554,-1.970298950600229e-11,0.0006256237591718971,-1.935314745275542e-11,0.0006226547216176252,-1.897081882623241e-11,0.0006198495930818914,-1.857362049673547e-11,0.0006149688506485574,-1.816503000651915e-11,0.0006107292724862853,-1.778779779132811e-11,0.0006033623372001542,-1.743814425973617e-11,0.0006057147262217773,-1.719064870548378e-11,0.0006119774711065456,-1.700854087018771e-11,0.0006134023686275063,-1.68914381936766e-11,0.0006106780250568768,-1.688394238575782e-11,0.0006055406848269181,-1.703149774411945e-11,0.0005999129168916559,-1.736783316649326e-11,0.0006055447139015191,-1.783930913383271e-11,0.000610522740861858,-1.8475696134357e-11,0.0006130642918027438,-1.921681723286435e-11,0.0006156575280948697,-1.997187434105779e-11,0.0006182997677694735,-2.067675742426223e-11
0.0006398395065463003,-2.036356344388289e-11,0.000639889311976181,-2.011553215967405e-11,0.0006382409576880555,-1.981121122947507e-11,0.0006356237591718971,-1.945968600748225e-11,0.0006326547216176252,-1.907337851086722e-11,0.0006298495930818915,-1.866847892976646e-11,0.0006249688506485574,-1.824695962190628e-11,0.0006207292724862854,-1.785480008945072e-11,0.0006133623372001542,-1.748747798140917e-11,0.0006157147262217773,-1.72254095063603e-11,0.0006219774711065456,-1.703032951014273e-11,0.0006234023686275063,-1.689808231206748e-11,0.0006206780250568769,-1.687336673996097e-11,0.0006155406848269181,-1.700266395549231e-11,0.0006099129168916559,-1.732142724549705e-11,0.0006155447139015192,-1.778153818147623e-11,0.0006205227408618581,-1.841175055510446e-11,0.0006230642918027439,-1.915210199002329e-11,0.0006256575280948698,-1.991027276298913e-11,0.0006282997677694736,-2.062058930631451e-11
0.0006498395065463003,-2.04687874292376e-11,0.0006498893119761811,-2.022302513790415e-11,0.0006482409576880555,-1.991974380793163e-11,0.0006456237591718971,-1.956694382716396e-11,0.0006426547216176252,-1.917721496443547e-11,0.0006398495930818915,-1.876605631967199e-11,0.0006349688506485574,-1.833217967664526e-11,0.0006307292724862854,-1.792553384918888e-11,0.0006233623372001542,-1.754080865309987e-11,0.0006257147262217774,-1.72644554301561e-11,0.0006319774711065456,-1.705668178926758e-11,0.0006334023686275064,-1.690939294719875e-11,0.0006306780250568769,-1.686737301829687e-11,0.0006255406848269181,-1.697815217916781e-11,0.0006199129168916559,-1.727891403054502e-11,0.0006255447139015192,-1.772727087172375e-11,0.0006305227408618581,-1.835052740207177e-11,0.0006330642918027439,-1.908938328522878e-11,0.0006356575280948698,-1.985007131545449e-11,0.0006382997677694736,-2.056540371439222e-11
0.0006598395065463003,-2.057386294112163e-11,0.0006598893119761811,-2.033056001993417e-11,0.0006582409576880555,-2.002849729451057e-11,0.0006556237591718971,-1.96748697072872e-11,0.0006526547216176253,-1.928229001862106e-11,0.0006498495930818915,-1.8865917897822e-11,0.0006449688506485574,-1.842075200163702e-11,0.0006407292724862854,-1.800010453473526e-11,0.0006333623372001542,-1.75982836289343e-11,0.0006357147262217774,-1.730796253431072e-11,0.0006419774711065457,-1.708779587631277e-11,0.0006434023686275064,-1.692558326600068e-11,0.0006406780250568769,-1.686617956464282e-11,0.0006355406848269181,-1.695817705053625e-11,0.000629912916891656,-1.724049924548135e-11,0.0006355447139015192,-1.767677660766456e-11,0.0006405227408618581,-1.82922235818026e-11,0.0006430642918027439,-1.902883128133576e-11,0.0006456575280948698,-1.979140966996189e-11,0.0006482997677694736,-2.051131273595103e-11
0.0006698395065463003,-2.067874867448661e-11,0.0006698893119761811,-2.043808382849656e-11,0.0006682409576880556,-2.01374073663165e-11,0.0006656237591718972,-1.978340345687666e-11,0.0006626547216176253,-1.938854736055804e-11,0.0006598495930818915,-1.896767821086837e-11,0.0006549688506485575,-1.851272492224683e-11,0.0006507292724862854,-1.807860661337951e-11,0.0006433623372001543,-1.766004407524197e-11,0.0006457147262217774,-1.735610389168532e-11,0.0006519774711065457,-1.712386939959895e-11,0.0006534023686275064,-1.694686932997039e-11,0.0006506780250568769,-1.687001120927794e-11,0.0006455406848269182,-1.694296241430838e-11,0.000639912916891656,-1.720639934160624e-11,0.0006455447139015192,-1.763032012477703e-11,0.0006505227408618581,-1.823704839457688e-11,0.0006530642918027439,-1.897062935387079e-11,0.0006556575280948698,-1.973444018539924e-11,0.0006582997677694736,-2.045844001287051e-11
0.0006798395065463004,-2.078339654715522e-11,0.0006798893119761811,-2.054553636893785e-11,0.0006782409576880556,-2.024641092598004e-11,0.0006756237591718972,-1.989247454769659e-11,0.0006726547216176253,-1.949591749871256e-11,0.0006698495930818916,-1.907120973318654e-11,0.0006649688506485575,-1.860813119815847e-11,0.0006607292724862855,-1.81611210929954e-11,0.0006533623372001543,-1.77262223850886e-11,0.0006557147262217774,-1.740904694662988e-11,0.0006619774711065457,-1.716509692550259e-11,0.0006634023686275065,-1.697346768036237e-11,0.000660678025056877,-1.687909748955772e-11,0.0006555406848269182,-1.693274025662713e-11,0.000649912916891656,-1.71768410770639e-11,0.0006555447139015193,-1.758814094197101e-11,0.0006605227408618582,-1.818522405716508e-11,0.000663064291802744,-1.891497447582634e-11,0.0006656575280948699,-1.967932846547099e-11,0.0006682997677694737,-2.040692137450561e-11
0.0006898395065463004,-2.088775178969067e-11,0.0006898893119761812,-2.0652850116327e-11,0.0006882409576880556,-2.035543626807255e-11,0.0006856237591718972,-2.00020026121321e-11,0.0006826547216176253,-1.960431892760862e-11,0.0006798495930818916,-1.917645306079958e-11,0.0006749688506485575,-1.87069288544214e-11,0.0006707292724862855,-1.824771299194786e-11,0.0006633623372001543,-1.779693939664303e-11,0.0006657147262217775,-1.746695058190494e-11,0.0006719774711065457,-1.72116667738302e-11,0.0006734023686275065,-1.700559263324817e-11,0.000670678025056877,-1.689367045201263e-11,0.0006655406848269182,-1.692774926837275e-11,0.000659912916891656,-1.715206080325338e-11,0.0006655447139015193,-1.755047216117687e-11,0.0006705227408618582,-1.813698594124576e-11,0.000673064291802744,-1.886207707105908e-11,0.0006756575280948699,-1.962625380386097e-11,0.0006782997677694737,-2.035690539425784e-11
0.0006998395065463004,-2.09917531404315e-11,0.0006998893119761812,-2.075990195004183e-11,0.0006982409576880556,-2.046440288305905e-11,0.0006956237591718973,-2.011189772307858e-11,0.0006926547216176254,-1.971365804131122e-11,0.0006898495930818916,-1.928332890484773e-11,0.0006849688506485576,-1.88085662873801e-11,0.0006807292724862855,-1.833842878446257e-11,0.0006733623372001543,-1.787230144666763e-11,0.0006757147262217775,-1.752996191462127e-11,0.0006819774711065458,-1.726375750762158e-11,0.0006834023686275065,-1.704345307282734e-11,0.000680678025056877,-1.691396200399836e-11,0.0006755406848269182,-1.692823299431778e-11,0.0006699129168916561,-1.713230340835006e-11,0.0006755447139015193,-1.751755492024123e-11,0.0006805227408618582,-1.809259195434794e-11,0.000683064291802744,-1.881216109729308e-11,0.0006856575280948699,-1.957540947844021e-11,0.0006882997677694737,-2.030855383873302e-11
0.0007098395065463004,-2.109533314297105e-11,0.0007098893119761812,-2.086655835649842e-11,0.0007082409576880557,-2.057322315444422e-11,0.0007056237591718973,-2.022206064295e-11,0.0007026547216176254,-1.982382917276991e-11,0.0006998495930818916,-1.939173490136259e-11,0.0006949688506485576,-1.891259139203031e-11,0.0006907292724862855,-1.843329387204813e-11,0.0006833623372001544,-1.795239729993375e-11,0.0006857147262217775,-1.759821285337247e-11,0.0006919774711065458,-1.732153429818459e-11,0.0006934023686275065,-1.70872487827772e-11,0.0006906780250568771,-1.694020079302517e-11,0.0006855406848269183,-1.693443752627019e-11,0.0006799129168916561,-1.711782514823563e-11,0.0006855447139015193,-1.748964056254756e-11,0.0006905227408618582,-1.805243193848698e-11,0.000693064291802744,-1.876546439789011e-11,0.0006956575280948699,-1.952700246699336e-11,0.0006982997677694737,-2.026204197335576e-11
0.0007198395065463005,-2.119841855031131e-11,0.0007198893119761812,-2.097271417179233e-11,0.0007182409576880557,-2.068180202393093e-11,0.0007156237591718973,-2.033238328121825e-11,0.0007126547216176254,-1.993471492190002e-11,0.0007098495930818917,-1.950155178908676e-11,0.0007049688506485576,-1.901883313951243e-11,0.0007007292724862856,-1.853231013872298e-11,0.0006933623372001544,-1.803729500787136e-11,0.0006957147262217775,-1.76718164641942e-11,0.0007019774711065458,-1.738514495179426e-11,0.0007034023686275066,-1.713716639517715e-11,0.0007006780250568771,-1.697260860466304e-11,0.0006955406848269183,-1.694660870521695e-11,0.0006899129168916561,-1.710895021797659e-11,0.0006955447139015194,-1.746698842973823e-11,0.0007005227408618583,-1.801686363085822e-11,0.0007030642918027441,-1.872223799189575e-11,0.00070565752809487,-1.948125339496876e-11,0.0007082997677694738,-2.021755865681647e-11
0.0007298395065463005,-2.130093082313039e-11,0.0007298893119761813,-2.107828111730555e-11,0.0007282409576880557,-2.079003796120813e-11,0.0007256237591718973,-2.044274933216315e-11,0.0007226547216176254,-2.004618672241437e-11,0.0007198495930818917,-1.961264539631569e-11,0.0007149688506485576,-1.912718453537777e-11,0.0007107292724862856,-1.863519720561801e-11,0.0007033623372001544,-1.812703876241756e-11,0.0007057147262217776,-1.775086320992708e-11,0.0007119774711065458,-1.745471564014078e-11,0.0007134023686275066,-1.719337498611025e-11,0.0007106780250568771,-1.701139628756586e-11,0.0007055406848269183,-1.696498880891274e-11,0.0006999129168916561,-1.710599162053776e-11,0.0007055447139015194,-1.744986335066808e-11,0.0007105227408618583,-1.798618540737322e-11,0.0007130642918027441,-1.868274501239663e-11,0.00071565752809487,-1.943839667801625e-11,0.0007182997677694738,-2.017530570496516e-11
0.0007398395065463005,-2.140278671514867e-11,0.0007398893119761813,-2.118316980384568e-11,0.0007382409576880557,-2.08978239314282e-11,0.0007356237591718974,-2.055303507044527e-11,0.0007326547216176255,-2.015810562111212e-11,0.0007298495930818917,-1.972486722646993e-11,0.0007249688506485577,-1.923751226349439e-11,0.0007207292724862856,-1.874123201678729e-11,0.0007133623372001545,-1.822164582223079e-11,0.0007157147262217776,-1.783541714461071e-11,0.0007219774711065459,-1.753034648889915e-11,0.0007234023686275066,-1.725602137394986e-11,0.0007206780250568771,-1.705675923616724e-11,0.0007155406848269183,-1.698981271637574e-11,0.0007099129168916562,-1.710922269534538e-11,0.0007155447139015194,-1.743853306553374e-11,0.0007205227408618583,-1.796067296156638e-11,0.0007230642918027441,-1.864725935660769e-11,0.00072565752809487,-1.9398679580836e-11,0.0007282997677694738,-2.013549804911081e-11
0.0007498395065463005,-2.150387785048365e-11,0.0007498893119761813,-2.128728604252319e-11,0.0007482409576880558,-2.100504818762698e-11,0.0007456237591718974,-2.066311029397663e-11,0.0007426547216176255,-2.027032325930357e-11,0.0007398495930818918,-1.983805522099021e-11,0.0007349688506485577,-1.934965579931414e-11,0.0007307292724862857,-1.885000495355454e-11,0.0007233623372001545,-1.83211035981316e-11,0.0007257147262217776,-1.792551216133712e-11,0.0007319774711065459,-1.761210721525263e-11,0.0007334023686275066,-1.732522521259854e-11,0.0007306780250568772,-1.710887248747691e-11,0.0007255406848269184,-1.702130356079709e-11,0.0007199129168916562,-1.711889319238037e-11,0.0007255447139015194,-1.743326522168188e-11,0.0007305227408618583,-1.79406035432785e-11,0.0007330642918027441,-1.861606389202475e-11,0.00073565752809487,-1.936236089141427e-11,0.0007382997677694739,-2.009836329460554e-11
0.0007598395065463006,-2.160405111981483e-11,0.0007598893119761814,-2.139053132048131e-11,0.0007582409576880558,-2.111159519418261e-11,0.0007556237591718974,-2.07728393993872e-11,0.0007526547216176255,-2.038268304504147e-11,0.0007498495930818918,-1.995203488247014e-11,0.0007449688506485577,-1.946343497559138e-11,0.0007407292724862857,-1.896133556381627e-11,0.0007333623372001545,-1.842535357655159e-11,0.0007357147262217776,-1.802114840484039e-11,0.0007419774711065459,-1.770003275931417e-11,0.0007434023686275067,-1.740107401919789e-11,0.0007406780250568772,-1.716788551709062e-11,0.0007355406848269184,-1.705968519216697e-11,0.0007299129168916562,-1.713524249233559e-11,0.0007355447139015195,-1.743432380280405e-11,0.0007405227408618584,-1.79262575181323e-11,0.0007430642918027442,-1.858944814416501e-11,0.0007456575280948701,-1.932970927963977e-11,0.0007482997677694739,-2.006414045148536e-11
0.0007698395065463006,-2.170318321677297e-11,0.0007698893119761814,-2.149280469431002e-11,0.0007682409576880558,-2.121734665146998e-11,0.0007656237591718974,-2.088208257106893e-11,0.0007626547216176256,-2.049502149965819e-11,0.0007598495930818918,-2.006662068587023e-11,0.0007549688506485577,-1.957865287397783e-11,0.0007507292724862857,-1.907505192110892e-11,0.0007433623372001545,-1.853375634597458e-11,0.0007457147262217777,-1.812228897234504e-11,0.0007519774711065459,-1.779411913204282e-11,0.0007534023686275067,-1.748361837135769e-11,0.0007506780250568772,-1.723391684983352e-11,0.0007455406848269184,-1.710521945677209e-11,0.0007399129168916563,-1.715849908414159e-11,0.0007455447139015195,-1.744196498242126e-11,0.0007505227408618584,-1.791791328428153e-11,0.0007530642918027442,-1.856770543035697e-11,0.0007556575280948701,-1.930100119350066e-11,0.0007582997677694739,-2.00330783418174e-11
0.0007798395065463006,-2.180117996021182e-11,0.0007798893119761814,-2.159400406561756e-11,0.0007782409576880558,-2.132218258282286e-11,0.0007756237591718975,-2.099069706207066e-11,0.0007726547216176256,-2.060716975348116e-11,0.0007698495930818918,-2.018161773104123e-11,0.0007649688506485578,-1.969509731885513e-11,0.0007607292724862857,-1.919094489364621e-11,0.0007533623372001546,-1.864555765564236e-11,0.0007557147262217777,-1.822885703207667e-11,0.000761977471106546,-1.789431967150712e-11,0.0007634023686275067,-1.757286695839495e-11,0.0007606780250568772,-1.730704863118873e-11,0.0007555406848269184,-1.715810659081788e-11,0.0007499129168916563,-1.718887485031608e-11,0.0007555447139015195,-1.745643242925951e-11,0.0007605227408618584,-1.791584225010842e-11,0.0007630642918027442,-1.855112941855583e-11,0.0007656575280948701,-1.927651822901748e-11,0.0007682997677694739,-2.000543364507537e-11
0.0007898395065463006,-2.189795457051916e-11,0.0007898893119761814,-2.169402707792574e-11,0.0007882409576880559,-2.142598246124156e-11,0.0007856237591718975,-2.109853854062603e-11,0.0007826547216176256,-2.071895515915911e-11,0.0007798495930818919,-2.029682360333254e-11,0.0007749688506485578,-1.981254262951196e-11,0.0007707292724862858,-1.930877838330911e-11,0.0007633623372001546,-1.87603839545313e-11,0.0007657147262217777,-1.834048019639911e-11,0.000771977471106546,-1.800054185075095e-11,0.0007734023686275067,-1.766878228322666e-11,0.0007706780250568773,-1.73873213332805e-11,0.0007655406848269185,-1.721847360585019e-11,0.0007599129168916563,-1.722655902397179e-11,0.0007655447139015196,-1.74779521152578e-11,0.0007705227408618585,-1.792030396825585e-11,0.0007730642918027443,-1.854001010636528e-11,0.0007756575280948702,-1.925654395223989e-11,0.000778299767769474,-1.998146847124985e-11
0.0007998395065463007,-2.199341914994604e-11,0.0007998893119761815,-2.179277206908456e-11,0.0007982409576880559,-2.152862635450296e-11,0.0007956237591718975,-2.120546247431212e-11,0.0007926547216176256,-2.083020298754507e-11,0.0007898495930818919,-2.04120303999701e-11,0.0007849688506485578,-1.993075178121299e-11,0.0007807292724862858,-1.942829691683451e-11,0.0007733623372001546,-1.887800193170474e-11,0.0007757147262217777,-1.845617933272995e-11,0.000781977471106546,-1.811264478760102e-11,0.0007834023686275068,-1.777127703602843e-11,0.0007806780250568773,-1.747472853976898e-11,0.0007755406848269185,-1.728639512870119e-11,0.0007699129168916563,-1.727171232727889e-11,0.0007755447139015196,-1.750672670609972e-11,0.0007805227408618585,-1.793154090803668e-11,0.0007830642918027443,-1.853462923619188e-11,0.0007856575280948702,-1.924136016806384e-11,0.000788299767769474,-1.996144742461887e-11
0.0008098395065463007,-2.208748599694315e-11,0.0008098893119761815,-2.1890139055235e-11,0.0008082409576880559,-2.162999606904776e-11,0.0008056237591718975,-2.1311325525837e-11,0.0008026547216176257,-2.09407381678912e-11,0.0007998495930818919,-2.052702687479931e-11,0.0007949688506485578,-2.004947885935516e-11,0.0007907292724862858,-1.954922883756956e-11,0.0007833623372001546,-1.899815637930802e-11,0.0007857147262217778,-1.857532087546098e-11,0.0007919774711065461,-1.823003617358999e-11,0.0007934023686275068,-1.788021119435519e-11,0.0007906780250568773,-1.756926673544447e-11,0.0007855406848269185,-1.736190092601813e-11,0.0007799129168916564,-1.73244610689715e-11,0.0007855447139015196,-1.75429296462221e-11,0.0007905227408618585,-1.794977279537057e-11,0.0007930642918027443,-1.853525518826067e-11,0.0007956575280948702,-1.923124264909672e-11,0.000798299767769474,-1.994563415464925e-11
0.0008198395065463007,-2.218006938416979e-11,0.0008198893119761815,-2.198603068617342e-11,0.0008182409576880559,-2.17299762708644e-11,0.0008156237591718976,-2.141598693395547e-11,0.0008126547216176257,-2.105038703876521e-11,0.0008098495930818919,-2.064160065344969e-11,0.0008049688506485579,-2.016847171824311e-11,0.0008007292724862858,-1.967128896828787e-11,0.0007933623372001547,-1.912055536912509e-11,0.0007957147262217778,-1.8697572589463e-11,0.0008019774711065461,-1.835163449074987e-11,0.0008034023686275068,-1.799539005155624e-11,0.0008006780250568773,-1.767088778206721e-11,0.0007955406848269186,-1.744497229776921e-11,0.0007899129168916564,-1.738489123402171e-11,0.0007955447139015196,-1.758669908497082e-11,0.0008005227408618585,-1.797519063849575e-11,0.0008030642918027443,-1.854213742524395e-11,0.0008056575280948702,-1.922645636350949e-11,0.000808299767769474,-1.993428741069805e-11
0.0008298395065463007,-2.227108656382669e-11,0.0008298893119761815,-2.208035317187996e-11,0.000828240957688056,-2.18284555702761e-11,0.0008256237591718976,-2.151930985159269e-11,0.0008226547216176257,-2.115897907296615e-11,0.000819849593081892,-2.075554046900654e-11,0.0008149688506485579,-2.028747477555108e-11,0.0008107292724862859,-1.979418171102906e-11,0.0008033623372001547,-1.924488258435918e-11,0.0008057147262217778,-1.882262542250363e-11,0.0008119774711065461,-1.84767825584802e-11,0.0008134023686275068,-1.811628503426161e-11,0.0008106780250568774,-1.777944431630156e-11,0.0008055406848269186,-1.75355366341565e-11,0.0007999129168916564,-1.745304275776021e-11,0.0008055447139015197,-1.763813182674626e-11,0.0008105227408618586,-1.800795060429791e-11,0.0008130642918027444,-1.855551434238554e-11,0.0008156575280948703,-1.922725027055558e-11,0.0008182997677694741,-1.992765663939115e-11
0.0008398395065463008,-2.23604585529678e-11,0.0008398893119761816,-2.217301715584848e-11,0.000838240957688056,-2.192532754071685e-11,0.0008356237591718976,-2.162116261770368e-11,0.0008326547216176257,-2.126634853916426e-11,0.000829849593081892,-2.086863836608792e-11,0.0008249688506485579,-2.040623187282689e-11,0.0008207292724862859,-1.991760448610053e-11,0.0008133623372001547,-1.937080444737353e-11,0.0008157147262217779,-1.895012768363347e-11,0.0008219774711065461,-1.860508992290713e-11,0.0008234023686275069,-1.824169441188154e-11,0.0008206780250568774,-1.789469972597139e-11,0.0008155406848269186,-1.763346330788662e-11,0.0008099129168916564,-1.752890421994437e-11,0.0008155447139015197,-1.769727751938229e-11,0.0008205227408618586,-1.80481679356671e-11,0.0008230642918027444,-1.857569195872601e-11,0.0008256575280948703,-1.92338517837659e-11,0.0008282997677694741,-1.992597718968753e-11
0.0008498395065463008,-2.244811100125717e-11,0.0008498893119761816,-2.226393851934975e-11,0.000848240957688056,-2.202049165263991e-11,0.0008456237591718976,-2.172141993295624e-11,0.0008426547216176258,-2.137233606530986e-11,0.000839849593081892,-2.098069182183889e-11,0.0008349688506485579,-2.052448912935962e-11,0.0008307292724862859,-2.004125133874208e-11,0.0008233623372001547,-1.949797434613423e-11,0.0008257147262217779,-1.907969816451312e-11,0.0008319774711065462,-1.873616956610216e-11,0.0008334023686275069,-1.837080976904324e-11,0.0008306780250568774,-1.801631560181041e-11,0.0008255406848269186,-1.773856101741226e-11,0.0008199129168916565,-1.761240820312217e-11,0.0008255447139015197,-1.776413331692406e-11,0.0008305227408618586,-1.80959111259696e-11,0.0008330642918027444,-1.860288877987283e-11,0.0008356575280948703,-1.924646103448436e-11,0.0008382997677694741,-1.992946521943122e-11
0.0008598395065463008,-2.253397532340437e-11,0.0008598893119761816,-2.235303910470298e-11,0.0008582409576880561,-2.211385411770069e-11,0.0008556237591718977,-2.181996393099339e-11,0.0008526547216176258,-2.147679007215384e-11,0.000849849593081892,-2.109150573571349e-11,0.000844968850648558,-2.06419977166426e-11,0.0008407292724862859,-2.016481659356788e-11,0.0008333623372001548,-1.962603672986581e-11,0.0008357147262217779,-1.921093837683911e-11,0.0008419774711065462,-1.886959281975504e-11,0.0008434023686275069,-1.85032234060953e-11,0.0008406780250568774,-1.814318021011364e-11,0.0008355406848269187,-1.785057645442655e-11,0.0008299129168916565,-1.770342755614679e-11,0.0008355447139015197,-1.783863926399194e-11,0.0008405227408618586,-1.815119658760424e-11,0.0008430642918027444,-1.863722288560811e-11,0.0008456575280948703,-1.926524510020172e-11,0.0008482997677694741,-1.993831242731571e-11
0.0008698395065463009,-2.261798654857774e-11,0.0008698893119761816,-2.244024740544237e-11,0.0008682409576880561,-2.220532862037165e-11,0.0008656237591718977,-2.191668510527026e-11,0.0008626547216176258,-2.157956804970201e-11,0.0008598495930818921,-2.120089424544918e-11,0.000854968850648558,-2.075851648446172e-11,0.000850729272486286,-2.028799845562698e-11,0.0008433623372001548,-1.975463155861345e-11,0.0008457147262217779,-1.934343896477872e-11,0.0008519774711065462,-1.900490682310758e-11,0.0008534023686275069,-1.863853588132695e-11,0.0008506780250568775,-1.827417092572191e-11,0.0008455406848269187,-1.796919435910491e-11,0.0008399129168916565,-1.780177278841921e-11,0.0008455447139015198,-1.792067464641613e-11,0.0008505227408618587,-1.821398406193151e-11,0.0008530642918027445,-1.867874264404057e-11,0.0008556575280948704,-1.929033239055655e-11,0.0008582997677694742,-1.995268076274817e-11
0.0008798395065463009,-2.270008665935761e-11,0.0008798893119761817,-2.252549981580771e-11,0.0008782409576880561,-2.229483693049455e-11,0.0008756237591718977,-2.201148309306697e-11,0.0008726547216176258,-2.1680537655023e-11,0.0008698495930818921,-2.130868233378401e-11,0.000864968850648558,-2.087381437666379e-11,0.000860729272486286,-2.041050246241712e-11,0.0008533623372001548,-1.988339893865092e-11,0.000855714726221778,-1.947678497626031e-11,0.0008619774711065462,-1.914164739467915e-11,0.000863402368627507,-1.877626687632413e-11,0.0008606780250568775,-1.840862607192405e-11,0.0008555406848269187,-1.809384658930769e-11,0.0008499129168916565,-1.7907190789315e-11,0.0008555447139015198,-1.801005553453172e-11,0.0008605227408618587,-1.828417301375005e-11,0.0008630642918027445,-1.872744180898707e-11,0.0008656575280948704,-1.932180740492181e-11,0.0008682997677694742,-1.997269729090098e-11
0.0008898395065463009,-2.278022504224669e-11,0.0008898893119761817,-2.260873826150229e-11,0.0008882409576880561,-2.238230938675813e-11,0.0008856237591718978,-2.210426730689134e-11,0.0008826547216176259,-2.17795776259299e-11,0.0008798495930818921,-2.141470719775295e-11,0.0008749688506485581,-2.098767258426656e-11,0.000870729272486286,-2.05320446948191e-11,0.0008633623372001548,-2.001198360644835e-11,0.000865714726221778,-1.961056129268953e-11,0.0008719774711065463,-1.927934634455055e-11,0.000873402368627507,-1.8915895804817e-11,0.0008706780250568775,-1.854603529659201e-11,0.0008655406848269187,-1.822320584526142e-11,0.0008599129168916566,-1.801936502033974e-11,0.0008655447139015198,-1.810653370992038e-11,0.0008705227408618587,-1.83616002326109e-11,0.0008730642918027445,-1.878325841693189e-11,0.0008756575280948704,-1.935970608683989e-11,0.0008782997677694742,-1.999844940805456e-11
0.0008998395065463009,-2.28583581656248e-11,0.0008998893119761817,-2.268991267634666e-11,0.0008982409576880562,-2.246768577654731e-11,0.0008956237591718978,-2.219495740265211e-11,0.0008926547216176259,-2.187657847479986e-11,0.0008898495930818921,-2.151881936044625e-11,0.0008849688506485581,-2.109988639507853e-11,0.000880729272486286,-2.065235467126949e-11,0.0008733623372001549,-2.014003919741147e-11,0.000875714726221778,-1.974435807571765e-11,0.0008819774711065463,-1.94175411566622e-11,0.000883402368627507,-1.905689390181468e-11,0.0008806780250568776,-1.868586861205797e-11,0.0008755406848269188,-1.835627448726933e-11,0.0008699129168916566,-1.813791597251501e-11,0.0008755447139015198,-1.820979711451325e-11,0.0008805227408618587,-1.844603882544604e-11,0.0008830642918027445,-1.88460709328725e-11,0.0008856575280948704,-1.940401199884697e-11,0.0008882997677694742,-2.002998061080949e-11
0.000909839506546301,-2.293444972089579e-11,0.0009098893119761817,-2.27689820125132e-11,0.0009082409576880562,-2.255091445075612e-11,0.0009056237591718978,-2.228348358452286e-11,0.0009026547216176259,-2.197144298540772e-11,0.0008998495930818922,-2.16208835218614e-11,0.0008949688506485581,-2.121026671173891e-11,0.0008907292724862861,-2.077117786240827e-11,0.0008833623372001549,-2.026723220857662e-11,0.000885714726221778,-1.987777596957284e-11,0.0008919774711065463,-1.955583438694552e-11,0.0008934023686275071,-1.919873612406666e-11,0.0008906780250568776,-1.882757061984335e-11,0.0008855406848269188,-1.849244378549467e-11,0.0008799129168916566,-1.826196008600495e-11,0.0008855447139015199,-1.831947189490705e-11,0.0008905227408618588,-1.853719873081925e-11,0.0008930642918027446,-1.891569639120578e-11,0.0008956575280948705,-1.94546535250233e-11,0.0008982997677694743,-2.006728701956648e-11
0.000919839506546301,-2.300847075730506e-11,0.0009198893119761818,-2.284591349042149e-11,0.0009182409576880562,-2.26319512839027e-11,0.0009156237591718978,-2.2369786865051e-11,0.0009126547216176259,-2.206408650615007e-11,0.0009098495930818922,-2.172077914176081e-11,0.0009049688506485581,-2.131864122211804e-11,0.0009007292724862861,-2.088827775315085e-11,0.0008933623372001549,-2.039324553853243e-11,0.0008957147262217781,-2.001043088071941e-11,0.0009019774711065463,-1.969382714389936e-11,0.0009034023686275071,-1.934090732582077e-11,0.0009006780250568776,-1.897057989957499e-11,0.0008955406848269188,-1.863116954094179e-11,0.0008899129168916566,-1.839017185657478e-11,0.0008955447139015199,-1.843503624709774e-11,0.0009005227408618588,-1.86347288181511e-11,0.0009030642918027446,-1.899189050563746e-11,0.0009056575280948705,-1.951150227694553e-11,0.0009082997677694743,-2.01103148401085e-11
0.000929839506546301,-2.308039934276669e-11,0.0009298893119761818,-2.292068242978891e-11,0.0009282409576880562,-2.271076281100767e-11,0.0009256237591718979,-2.245381968491468e-11,0.000922654721617626,-2.215443704535406e-11,0.0009198495930818922,-2.181840075149974e-11,0.0009149688506485582,-2.142485521712132e-11,0.0009107292724862861,-2.100343749492987e-11,0.000903362337200155,-2.051778152292702e-11,0.0009057147262217781,-2.014195820911951e-11,0.0009119774711065464,-1.983110183935858e-11,0.0009134023686275071,-1.948290834890514e-11,0.0009106780250568776,-1.911434088615661e-11,0.0009055406848269188,-1.877188053299231e-11,0.0008999129168916567,-1.852170133568378e-11,0.0009055447139015199,-1.855522582200373e-11,0.0009105227408618588,-1.873822056058899e-11,0.0009130642918027446,-1.907434938132141e-11,0.0009156575280948705,-1.95743728327642e-11,0.0009182997677694743,-2.015895891731118e-11
0.000939839506546301,-2.315022088059072e-11,0.0009398893119761818,-2.299327300535151e-11,0.0009382409576880563,-2.278732558027622e-11,0.0009356237591718979,-2.253554279526029e-11,0.000932654721617626,-2.224243524548568e-11,0.0009298495930818923,-2.191365802876757e-11,0.0009249688506485582,-2.152877207732195e-11,0.0009207292724862862,-2.111646114454004e-11,0.000913362337200155,-2.064056441396364e-11,0.0009157147262217781,-2.027201643860614e-11,0.0009219774711065464,-1.99672468810332e-11,0.0009234023686275071,-1.962426203520479e-11,0.0009206780250568777,-1.925831174423809e-11,0.0009155406848269189,-1.891399365213072e-11,0.0009099129168916567,-1.865596597170662e-11,0.0009155447139015199,-1.867895908158073e-11,0.0009205227408618588,-1.884685412397197e-11,0.0009230642918027446,-1.916271272931422e-11,0.0009256575280948705,-1.964302388122615e-11,0.0009282997677694744,-2.021306249236137e-11
0.0009498395065463011,-2.321792942825047e-11,0.0009498893119761819,-2.306367709198711e-11,0.0009482409576880563,-2.28616256957388e-11,0.0009456237591718979,-2.261492936186237e-11,0.000942654721617626,-2.232803615501378e-11,0.0009398495930818923,-2.200647677080927e-11,0.0009349688506485582,-2.163027371315951e-11,0.0009307292724862862,-2.122717438346829e-11,0.000923362337200155,-2.076134227733241e-11,0.0009257147262217781,-2.040029002624351e-11,0.0009319774711065464,-2.010187713202105e-11,0.0009334023686275072,-1.976451869312942e-11,0.0009306780250568777,-1.940197120692373e-11,0.0009255406848269189,-1.905693163728578e-11,0.0009199129168916567,-1.879239742594982e-11,0.00092554471390152,-1.880556578875233e-11,0.0009305227408618589,-1.895937849701887e-11,0.0009330642918027447,-1.925655549290661e-11,0.0009356575280948706,-1.971716114337908e-11,0.0009382997677694744,-2.027241895951414e-11
0.0009598395065463011,-2.328352315580887e-11,0.0009598893119761819,-2.313189023500711e-11,0.0009582409576880563,-2.293365518813067e-11,0.0009556237591718979,-2.269196170555289e-11,0.000952654721617626,-2.241120540625409e-11,0.0009498495930818923,-2.209679784999059e-11,0.0009449688506485582,-2.172926188302075e-11,0.0009407292724862862,-2.133542632489801e-11,0.000933362337200155,-2.087988844351211e-11,0.0009357147262217782,-2.052650169643737e-11,0.0009419774711065464,-2.02346424386377e-11,0.0009434023686275072,-1.990326258331658e-11,0.0009406780250568777,-1.95448265445381e-11,0.0009355406848269189,-1.920013337415557e-11,0.0009299129168916568,-1.89304074891857e-11,0.00093554471390152,-1.893448152919548e-11,0.0009405227408618589,-1.907496045950411e-11,0.0009430642918027447,-1.935488553122883e-11,0.0009456575280948706,-1.979644274453836e-11,0.0009482997677694744,-2.033677468171789e-11
0.0009698395065463011,-2.334700354022586e-11,0.0009698893119761819,-2.319791291950051e-11,0.0009682409576880563,-2.300340907734804e-11,0.000965623759171898,-2.276662561279289e-11,0.0009626547216176261,-2.249191285456654e-11,0.0009598495930818923,-2.218457244460262e-11,0.0009549688506485583,-2.182565446459569e-11,0.0009507292724862862,-2.144108804485256e-11,0.0009433623372001551,-2.09960041364776e-11,0.0009457147262217782,-2.065045173651363e-11,0.0009519774711065465,-2.0365226542624e-11,0.0009534023686275072,-2.004011197602352e-11,0.0009506780250568777,-1.968641732054797e-11,0.0009455406848269189,-1.934306284436203e-11,0.0009399129168916568,-1.906941053708746e-11,0.00094554471390152,-1.906513206114589e-11,0.0009505227408618589,-1.919303144887731e-11,0.0009530642918027447,-1.945663432022735e-11,0.0009556575280948706,-1.988038261647172e-11,0.0009582997677694744,-2.040582862176183e-11
0.0009798395065463011,-2.340838222625775e-11,0.0009798893119761819,-2.326175652401572e-11,0.0009782409576880563,-2.307089292118927e-11,0.000975623759171898,-2.283891842875447e-11,0.0009726547216176261,-2.257013995423071e-11,0.0009698495930818924,-2.22697611612786e-11,0.0009649688506485583,-2.191937902172942e-11,0.0009607292724862863,-2.154404695502612e-11,0.0009533623372001551,-2.110951570259709e-11,0.0009557147262217782,-2.077194169769344e-11,0.0009619774711065465,-2.049334105115226e-11,0.0009634023686275072,-2.017471363527927e-11,0.0009606780250568778,-1.982631297293226e-11,0.000955540684826919,-1.948521094215347e-11,0.0009499129168916568,-1.920883721905179e-11,0.0009555447139015201,-1.919693702439037e-11,0.000960522740861859,-1.931304113508544e-11,0.0009630642918027447,-1.956111989634607e-11,0.0009656575280948706,-1.996799234973663e-11,0.0009682997677694745,-2.047922900727898e-11
0.0009898395065463012,-2.346767802109289e-11,0.000989889311976182,-2.332344008167383e-11,0.0009882409576880563,-2.313612251521773e-11,0.000985623759171898,-2.290884889519603e-11,0.000982654721617626,-2.26458831951703e-11,0.0009798495930818923,-2.235233991538586e-11,0.0009749688506485583,-2.201038174513555e-11,0.0009707292724862863,-2.164420677077231e-11,0.0009633623372001551,-2.122026767633543e-11,0.0009657147262217782,-2.089076347671879e-11,0.0009719774711065465,-2.061872968547646e-11,0.0009734023686275073,-2.03067524788463e-11,0.0009706780250568778,-1.996411584593767e-11,0.000965540684826919,-1.962609263363599e-11,0.0009599129168916568,-1.934813627147833e-11,0.0009655447139015201,-1.932931962868046e-11,0.000970522740861859,-1.943442098130028e-11,0.0009730642918027448,-1.966781287913413e-11,0.0009756575280948707,-2.005847374412042e-11,0.0009782997677694745,-2.055621555169962e-11
0.0009949197532731506,-2.349701088265222e-11,0.0009949446559880909,-2.335380826506432e-11,0.000994120478844028,-2.317343031887216e-11,0.0009928118795859489,-2.295766464269337e-11,0.000992654721617626,-2.27191495755498e-11,0.0009898495930818923,-2.243229964952329e-11,0.0009849688506485582,-2.209862888870226e-11,0.0009807292724862862,-2.17414970428876e-11,0.0009733623372001551,-2.132812971500236e-11,0.0009757147262217783,-2.100673229296048e-11,0.0009819774711065465,-2.074117804048883e-11,0.0009834023686275072,-2.043595897685797e-11,0.0009806780250568778,-2.009947634571094e-11,0.000975540684826919,-1.976526402142334e-11,0.0009699129168916569,-1.948677850658411e-11,0.0009755447139015201,-1.946172872698143e-11,0.000980522740861859,-1.955661647335168e-11,0.0009830642918027448,-1.977619329449505e-11,0.0009856575280948706,-2.015130245427776e-11,0.0009882997677694745,-2.06358940628231e-11
0.001,-2.352581608200891e-11,0.001,-2.338363446086598e-11,0.001,-2.320997212811523e-11,0.001,-2.300527589940386e-11,0.001,-2.277139613350157e-11,0.0009949247965409462,-2.247187898935909e-11,0.0009924844253242791,-2.21631262923095e-11,0.0009907292724862862,-2.183586836364318e-11,0.0009833623372001552,-2.143300134889109e-11,0.0009857147262217782,-2.111969795712498e-11,0.0009919774711065466,-2.086050861162837e-11,0.0009917011843137537,-2.054087123076899e-11,0.0009906780250568778,-2.02320903903453e-11,0.0009855406848269189,-1.990232836129324e-11,0.0009799129168916569,-1.962427632858057e-11,0.00098554471390152,-1.959364871961551e-11,0.000990522740861859,-1.967909817851902e-11,0.0009930642918027448,-1.98857412529617e-11,0.0009928287640474354,-2.021906191120507e-11,0.0009941498838847373,-2.068353051127893e-11
  ,  ,  ,  ,  ,  ,  ,  ,  ,  ,0.001,-2.25107854559738e-11,0.001,-2.222605195906057e-11,0.001,-2.19207218233642e-11,0.0009916811686000776,-2.151791736647896e-11,0.0009928573631108892,-2.119848058276039e-11,0.001,-2.095389036875872e-11,0.001,-2.064356266133299e-11,0.001,-2.035300896695628e-11,0.0009927703424134596,-1.999991209044602e-11,0.0009899129168916569,-1.97601855100241e-11,0.00099277235695076,-1.968842445741842e-11,0.001,-1.979498797900487e-11,0.001,-1.996214466716037e-11,0.001,-2.028761010976275e-11,0.001,-2.073180504252039e-11
  ,  ,  ,  ,  ,  ,  ,  ,  ,  ,  ,  ,  ,  ,  ,  ,0.001,-2.160071506232086e-11,0.001,-2.127563343560524e-11,  ,  ,  ,  ,  ,  ,0.001,-2.009608823913192e-11,0.0009949564584458286,-1.982800728730921e-11,0.001,-1.978252216973568e-11,  ,  ,  ,  ,  ,  ,  ,  
  ,  ,  ,  ,  ,  ,  ,  ,  ,  ,  ,  ,  ,  ,  ,  ,  ,  ,  ,  ,  ,  ,  ,  ,  ,  ,  ,  ,0.001,-1.989527059053716e-11,  ,  ,  ,  ,  ,  ,  ,  ,  ,  
