/I_135/OUTA X,/I_135/OUTA Y,/I_270/OUTA X,/I_270/OUTA Y,/I_405/OUTA X,/I_405/OUTA Y,/I_540/OUTA X,/I_540/OUTA Y,/I_675/OUTA X,/I_675/OUTA Y,/I_1350/OUTA X,/I_1350/OUTA Y,/I_1215/OUTA X,/I_1215/OUTA Y,/I_1080/OUTA X,/I_1080/OUTA Y,/I_945/OUTA X,/I_945/OUTA Y,/I_810/OUTA X,/I_810/OUTA Y,/I_135/IN X,/I_135/IN Y
0,-7.643008332141829e-12,0,-2.18426869202492e-11,0,-3.805366357309894e-11,0,-5.336207272224874e-11,0,-6.717261370346641e-11,0,-1.157774881283165e-10,0,-1.080977347564516e-10,0,-9.977005602701452e-11,0,-9.062046866213386e-11,0,-7.952608161571322e-11,0,-2e-10
1e-06,-7.643079941260101e-12,1e-06,-2.184293195650344e-11,1e-06,-3.80540532846597e-11,1e-06,-5.336255655603118e-11,1e-06,-6.717316564813429e-11,1e-06,-1.157780768423802e-10,1e-06,-1.080983375778755e-10,1e-06,-9.977066288774005e-11,1e-06,-9.062106734946791e-11,1e-06,-7.952666758051975e-11,1e-06,-1.996e-10
3e-06,-7.643747164068079e-12,3e-06,-2.184495094984563e-11,3e-06,-3.805740098791025e-11,3e-06,-5.336693489694352e-11,3e-06,-6.71784655432379e-11,3e-06,-1.157852765472842e-10,3e-06,-1.081053863330909e-10,3e-06,-9.977747268842296e-11,3e-06,-9.062745235857497e-11,3e-06,-7.95325987360594e-11,3e-06,-1.988e-10
5.110444483140459e-06,-7.644768327585228e-12,5.110444483140459e-06,-2.18477447953716e-11,5.110444483140459e-06,-3.806194892731077e-11,5.110444483140459e-06,-5.337288993666828e-11,5.110444483140459e-06,-6.718561672889512e-11,5.110444483140459e-06,-1.157952268751713e-10,5.110444483140459e-06,-1.081150486274301e-10,5.110444483140459e-06,-9.978674696972063e-11,5.110444483140459e-06,-9.063616239914675e-11,5.110444483140459e-06,-7.954063389012762e-11,5.110444483140459e-06,-1.979558222067438e-10
8.540337865084127e-06,-7.646741155825428e-12,8.540337865084127e-06,-2.185287573724838e-11,8.540337865084127e-06,-3.807022655155291e-11,8.540337865084127e-06,-5.33837806311376e-11,8.540337865084127e-06,-6.719866008353217e-11,8.540337865084127e-06,-1.158139115034981e-10,8.540337865084127e-06,-1.081330466592875e-10,8.540337865084127e-06,-9.980390628298027e-11,8.540337865084127e-06,-9.065226716499497e-11,8.540337865084127e-06,-7.955537573038322e-11,8.540337865084127e-06,-1.965838648539664e-10
1.540012462897146e-05,-7.650857733229411e-12,1.540012462897146e-05,-2.186340672589209e-11,1.540012462897146e-05,-3.808719992608765e-11,1.540012462897146e-05,-5.340621251631454e-11,1.540012462897146e-05,-6.722554472327297e-11,1.540012462897146e-05,-1.158530192633726e-10,1.540012462897146e-05,-1.081705746372623e-10,1.540012462897146e-05,-9.983957197687635e-11,1.540012462897146e-05,-9.068571104082228e-11,1.540012462897146e-05,-7.958586918693857e-11,1.540012462897146e-05,-1.938399501484114e-10
2.540012462897146e-05,-7.657021950702849e-12,2.540012462897146e-05,-2.187912248855156e-11,2.540012462897146e-05,-3.811257095580948e-11,2.540012462897146e-05,-5.343979336206905e-11,2.540012462897146e-05,-6.726581536777467e-11,2.540012462897146e-05,-1.159116836690742e-10,2.540012462897146e-05,-1.082268518773356e-10,2.540012462897146e-05,-9.989304553161975e-11,2.540012462897146e-05,-9.073584721498706e-11,2.540012462897146e-05,-7.963156722822461e-11,2.540012462897146e-05,-1.898399501484114e-10
3.540012462897146e-05,-7.663420670952964e-12,3.540012462897146e-05,-2.189543352193917e-11,3.540012462897146e-05,-3.813892008525322e-11,3.540012462897146e-05,-5.347466625836156e-11,3.540012462897146e-05,-6.730763433399063e-11,3.540012462897146e-05,-1.159725361107258e-10,3.540012462897146e-05,-1.082852428645242e-10,3.540012462897146e-05,-9.994854044382834e-11,3.540012462897146e-05,-9.078788319856807e-11,3.540012462897146e-05,-7.9679010434831e-11,3.540012462897146e-05,-1.858399501484114e-10
4.540012462897146e-05,-7.670079546637262e-12,4.540012462897146e-05,-2.191241179330931e-11,4.540012462897146e-05,-3.816634456606995e-11,4.540012462897146e-05,-5.351095395633326e-11,4.540012462897146e-05,-6.73511450208004e-11,4.540012462897146e-05,-1.160358216497026e-10,4.540012462897146e-05,-1.083459739027911e-10,4.540012462897146e-05,-1.000062638734882e-10,4.540012462897146e-05,-9.084201158797132e-11,4.540012462897146e-05,-7.972836672586473e-11,4.540012462897146e-05,-1.818399501484114e-10
5.540012462897146e-05,-7.677015132266925e-12,5.540012462897146e-05,-2.193009674266666e-11,5.540012462897146e-05,-3.819490541691178e-11,5.540012462897146e-05,-5.354874067304229e-11,5.540012462897146e-05,-6.739644989731995e-11,5.540012462897146e-05,-1.161017037039456e-10,5.540012462897146e-05,-1.084091986598147e-10,5.540012462897146e-05,-1.000663594291593e-10,5.540012462897146e-05,-9.089836632211464e-11,5.540012462897146e-05,-7.977975540992657e-11,5.540012462897146e-05,-1.778399501484114e-10
6.540012462897147e-05,-7.684244780244934e-12,6.540012462897147e-05,-2.194853032399648e-11,6.540012462897147e-05,-3.822467174075807e-11,6.540012462897147e-05,-5.358811926539529e-11,6.540012462897147e-05,-6.744366067601152e-11,6.540012462897147e-05,-1.161703437413766e-10,6.540012462897147e-05,-1.084750722348119e-10,6.540012462897147e-05,-1.001289748028844e-10,6.540012462897147e-05,-9.095708611370745e-11,6.540012462897147e-05,-7.983330318850102e-11,6.540012462897147e-05,-1.738399501484114e-10
7.540012462897147e-05,-7.691787740930263e-12,7.540012462897147e-05,-2.196776072232967e-11,7.540012462897147e-05,-3.825572200899762e-11,7.540012462897147e-05,-5.362919340502371e-11,7.540012462897147e-05,-6.749290132318433e-11,7.540012462897147e-05,-1.162419194369635e-10,7.540012462897147e-05,-1.085437655642693e-10,7.540012462897147e-05,-1.001942729059132e-10,7.540012462897147e-05,-9.10183240562655e-11,7.540012462897147e-05,-7.988915015697955e-11,7.540012462897147e-05,-1.698399501484114e-10
8.540012462897147e-05,-7.699665096933264e-12,8.540012462897147e-05,-2.198784136386571e-11,8.540012462897147e-05,-3.828814233145645e-11,8.540012462897147e-05,-5.367207650406729e-11,8.540012462897147e-05,-6.754430736479155e-11,8.540012462897147e-05,-1.163166255823171e-10,8.540012462897147e-05,-1.086154659373027e-10,8.540012462897147e-05,-1.002624321134582e-10,8.540012462897147e-05,-9.108224774550777e-11,8.540012462897147e-05,-7.994744956131738e-11,8.540012462897147e-05,-1.658399501484114e-10
9.540012462897146e-05,-7.707899879506598e-12,9.540012462897146e-05,-2.200883070867456e-11,9.540012462897146e-05,-3.832202666842736e-11,9.540012462897146e-05,-5.37168923397484e-11,9.540012462897146e-05,-6.759802673242427e-11,9.540012462897146e-05,-1.163946748912798e-10,9.540012462897146e-05,-1.086903778589596e-10,9.540012462897146e-05,-1.003336471828587e-10,9.540012462897146e-05,-9.114904017323442e-11,9.540012462897146e-05,-8.000836870553655e-11,9.540012462897146e-05,-1.618399501484114e-10
0.0001054001246289715,-7.716517288231171e-12,0.0001054001246289715,-2.203079268147911e-11,0.0001054001246289715,-3.835747774891323e-11,0.0001054001246289715,-5.376377626234688e-11,0.0001054001246289715,-6.765422118262108e-11,0.0001054001246289715,-1.16476299851122e-10,0.0001054001246289715,-1.087687248623001e-10,0.0001054001246289715,-1.004081310109954e-10,0.0001054001246289715,-9.12189013916671e-11,0.0001054001246289715,-8.007209051142465e-11,0.0001054001246289715,-1.578399501484114e-10
0.0001154001246289715,-7.725544955280486e-12,0.0001154001246289715,-2.20537973399112e-11,0.0001154001246289715,-3.839460816651559e-11,0.0001154001246289715,-5.381287660324677e-11,0.0001154001246289715,-6.771306796265763e-11,0.0001154001246289715,-1.165617550804174e-10,0.0001154001246289715,-1.088507517795639e-10,0.0001154001246289715,-1.004861168015631e-10,0.0001154001246289715,-9.129205055387185e-11,0.0001154001246289715,-8.013881539080191e-11,0.0001154001246289715,-1.538399501484114e-10
0.0001254001246289715,-7.735013248238231e-12,0.0001254001246289715,-2.207792165149894e-11,0.0001254001246289715,-3.843354160706988e-11,0.0001254001246289715,-5.386435627717185e-11,0.0001254001246289715,-6.777476171754208e-11,0.0001254001246289715,-1.166513200461793e-10,0.0001254001246289715,-1.089367273583901e-10,0.0001254001246289715,-1.00567860560258e-10,0.0001254001246289715,-9.136872826252196e-11,0.0001254001246289715,-8.020876339713705e-11,0.0001254001246289715,-1.498399501484114e-10
0.0001354001246289715,-7.744955617778834e-12,0.0001354001246289715,-2.210325037547431e-11,0.0001354001246289715,-3.847441425050488e-11,0.0001354001246289715,-5.391839462106116e-11,0.0001354001246289715,-6.783951668095178e-11,0.0001354001246289715,-1.167453021768718e-10,0.0001354001246289715,-1.090269472602878e-10,0.0001354001246289715,-1.006536439565113e-10,0.0001354001246289715,-9.144919926427665e-11,0.0001354001246289715,-8.028217669603797e-11,0.0001354001246289715,-1.458399501484114e-10
0.0001454001246289715,-7.755408998734256e-12,0.0001454001246289715,-2.212987707446801e-11,0.0001454001246289715,-3.851737638746459e-11,0.0001454001246289715,-5.397518951527106e-11,0.0001454001246289715,-6.790756920164806e-11,0.0001454001246289715,-1.168440404472453e-10,0.0001454001246289715,-1.091217375149881e-10,0.0001454001246289715,-1.007437776199696e-10,0.0001454001246289715,-9.153375555498403e-11,0.0001454001246289715,-8.035932241267871e-11,0.0001454001246289715,-1.418399501484114e-10
0.0001554001246289715,-7.76641427528713e-12,0.0001554001246289715,-2.215790528622733e-11,0.0001554001246289715,-3.856259429293856e-11,0.0001554001246289715,-5.403495984097663e-11,0.0001554001246289715,-6.797918066900889e-11,0.0001554001246289715,-1.169479095264224e-10,0.0001554001246289715,-1.092214585170238e-10,0.0001554001246289715,-1.008386049566029e-10,0.0001554001246289715,-9.162271997335073e-11,0.0001554001246289715,-8.044049592842524e-11,0.0001554001246289715,-1.378399501484114e-10
0.0001654001246289715,-7.778016822502751e-12,0.0001654001246289715,-2.218744988671054e-11,0.0001654001246289715,-3.861025240562466e-11,0.0001654001246289715,-5.409794833726679e-11,0.0001654001246289715,-6.805464091387279e-11,0.0001654001246289715,-1.17057324594802e-10,0.0001654001246289715,-1.093265096683302e-10,0.0001654001246289715,-1.00938506580706e-10,0.0001654001246289715,-9.171645037676797e-11,0.0001654001246289715,-8.052602471206479e-11,0.0001654001246289715,-1.338399501484114e-10
0.0001754001246289715,-7.790267139102387e-12,0.0001754001246289715,-2.221863868236322e-11,0.0001754001246289715,-3.866055587265431e-11,0.0001754001246289715,-5.416442493575413e-11,0.0001754001246289715,-6.81342721766367e-11,0.0001754001246289715,-1.171727469600531e-10,0.0001754001246289715,-1.094373347909313e-10,0.0001754001246289715,-1.01043905484161e-10,0.0001754001246289715,-9.181534451172458e-11,0.0001754001246289715,-8.061627278909579e-11,0.0001754001246289715,-1.298399501484114e-10
0.0001854001246289715,-7.80322158955679e-12,0.0001854001246289715,-2.225161427758775e-11,0.0001854001246289715,-3.871373353174404e-11,0.0001854001246289715,-5.423469066780559e-11,0.0001854001246289715,-6.821843375497875e-11,0.0001854001246289715,-1.172946906283835e-10,0.0001854001246289715,-1.095544284619916e-10,0.0001854001246289715,-1.011552730868606e-10,0.0001854001246289715,-9.191984571521222e-11,0.0001854001246289715,-8.071164597521351e-11,0.0001854001246289715,-1.258399501484114e-10
0.0001954001246289715,-7.816943278733737e-12,0.0001954001246289715,-2.228653627276726e-11,0.0001954001246289715,-3.877004142184261e-11,0.0001954001246289715,-5.430908226157552e-11,0.0001954001246289715,-6.830752747164116e-11,0.0001954001246289715,-1.174237300268597e-10,0.0001954001246289715,-1.09678343459183e-10,0.0001954001246289715,-1.012731363489786e-10,0.0001954001246289715,-9.20304496190573e-11,0.0001954001246289715,-8.081259803114264e-11,0.0001954001246289715,-1.218399501484114e-10
0.0002054001246289715,-7.831503086787007e-12,0.0002054001246289715,-2.232358386478918e-11,0.0002054001246289715,-3.882976693275871e-11,0.0002054001246289715,-5.438797757449122e-11,0.0002054001246289715,-6.840200413258008e-11,0.0002054001246289715,-1.175605091145825e-10,0.0002054001246289715,-1.098096995472087e-10,0.0002054001246289715,-1.013980861660325e-10,0.0002054001246289715,-9.214771206397488e-11,0.0002054001246289715,-8.091963793066965e-11,0.0002054001246289715,-1.178399501484114e-10
0.0002154001246289715,-7.846980899352618e-12,0.0002154001246289715,-2.236295893630671e-11,0.0002154001246289715,-3.889323373272212e-11,0.0002154001246289715,-5.447180204171478e-11,0.0002154001246289715,-6.850237119089315e-11,0.0002154001246289715,-1.177057521832577e-10,0.0002154001246289715,-1.099491938950517e-10,0.0002154001246289715,-1.015307873237049e-10,0.0002154001246289715,-9.227225848622889e-11,0.0002154001246289715,-8.103333848300147e-11,0.0002154001246289715,-1.138399501484114e-10
0.0002254001246289715,-7.863467077203934e-12,0.0002254001246289715,-2.240488974393208e-11,0.0002254001246289715,-3.896080764978354e-11,0.0002254001246289715,-5.456103636704337e-11,0.0002254001246289715,-6.860920188560361e-11,0.0002254001246289715,-1.178602767184647e-10,0.0002254001246289715,-1.100976134830878e-10,0.0002254001246289715,-1.016719903574291e-10,0.0002254001246289715,-9.240479510276842e-11,0.0002254001246289715,-8.11543466102133e-11,0.0002254001246289715,-1.098399501484114e-10
0.0002354001246289715,-7.881064221177158e-12,0.0002354001246289715,-2.244963534353364e-11,0.0002354001246289715,-3.903290372323143e-11,0.0002354001246289715,-5.465622574453052e-11,0.0002354001246289715,-6.87231461910699e-11,0.0002354001246289715,-1.180250087916479e-10,0.0002354001246289715,-1.102558499549752e-10,0.0002354001246289715,-1.018225457505411e-10,0.0002354001246289715,-9.254612230615379e-11,0.0002354001246289715,-8.12833956586343e-11,0.0002354001246289715,-1.058399501484114e-10
0.0002454001246289715,-7.899889353956149e-12,0.0002454001246289715,-2.249749106738922e-11,0.0002454001246289715,-3.910999493176366e-11,0.0002454001246289715,-5.475799126119068e-11,0.0002454001246289715,-6.884494435953372e-11,0.0002454001246289715,-1.182010020671127e-10,0.0002454001246289715,-1.104249179630637e-10,0.0002454001246289715,-1.0198342147927e-10,0.0002454001246289715,-9.269715121687736e-11,0.0002454001246289715,-8.142132061830903e-11,0.0002454001246289715,-1.018399501484114e-10
0.0002554001246289715,-7.920076938500801e-12,0.0002554001246289715,-2.254879615544998e-11,0.0002554001246289715,-3.919262436802441e-11,0.0002554001246289715,-5.486704581068368e-11,0.0002554001246289715,-6.897544583203053e-11,0.0002554001246289715,-1.183894643317326e-10,0.0002554001246289715,-1.106059807845251e-10,0.0002554001246289715,-1.021557275144627e-10,0.0002554001246289715,-9.285892679341338e-11,0.0002554001246289715,-8.156907937640409e-11,0.0002554001246289715,-9.783995014841141e-11
0.0002654001246289715,-7.941781490376065e-12,0.0002654001246289715,-2.260394008423826e-11,0.0002654001246289715,-3.928141523946927e-11,0.0002654001246289715,-5.498420714746883e-11,0.0002654001246289715,-6.911562466672411e-11,0.0002654001246289715,-1.18591779191063e-10,0.0002654001246289715,-1.108003712228165e-10,0.0002654001246289715,-1.023407357882686e-10,0.0002654001246289715,-9.303264670808261e-11,0.0002654001246289715,-8.172777005565494e-11,0.0002654001246289715,-9.383995014841138e-11
0.0002754001246289716,-7.965181337095922e-12,0.0002754001246289716,-2.266337208757733e-11,0.0002754001246289716,-3.937708603152544e-11,0.0002754001246289716,-5.511041764165152e-11,0.0002754001246289716,-6.926660297225835e-11,0.0002754001246289716,-1.188095385926533e-10,0.0002754001246289716,-1.110096230734462e-10,0.0002754001246289716,-1.025399103521912e-10,0.0002754001246289716,-9.321968983322026e-11,0.0002754001246289716,-8.189865727926935e-11,0.0002754001246289716,-8.983995014841138e-11
0.0002854001246289716,-7.990483613314904e-12,0.0002854001246289716,-2.272761365220673e-11,0.0002854001246289716,-3.948047036035006e-11,0.0002854001246289716,-5.524677015970424e-11,0.0002854001246289716,-6.942968158043489e-11,0.0002854001246289716,-1.19044585587023e-10,0.0002854001246289716,-1.112355124424789e-10,0.0002854001246289716,-1.027549469361743e-10,0.0002854001246289716,-9.342165360710804e-11,0.0002854001246289716,-8.208320658423502e-11,0.0002854001246289716,-8.583995014841138e-11
0.0002954001246289716,-8.017930332201439e-12,0.0002954001246289716,-2.279727363234402e-11,0.0002954001246289716,-3.959254095466223e-11,0.0002954001246289716,-5.539453931161793e-11,0.0002954001246289716,-6.960637704487701e-11,0.0002954001246289716,-1.192990658771343e-10,0.0002954001246289716,-1.114801075496908e-10,0.0002954001246289716,-1.029878206294096e-10,0.0002954001246289716,-9.364039909702692e-11,0.0002954001246289716,-8.22831259192106e-11,0.0002954001246289716,-8.183995014841136e-11
0.0003054001246289716,-8.047805928160369e-12,0.0003054001246289716,-2.287306702882877e-11,0.0003054001246289716,-3.971443942831585e-11,0.0003054001246289716,-5.555522020700038e-11,0.0003054001246289716,-6.979846750309911e-11,0.0003054001246289716,-1.195754914972168e-10,0.0003054001246289716,-1.117458302859477e-10,0.0003054001246289716,-1.032408448542119e-10,0.0003054001246289716,-9.387810675419502e-11,0.0003054001246289716,-8.250041703920268e-11,0.0003054001246289716,-7.783995014841135e-11
0.0003154001246289717,-8.080446803132493e-12,0.0003154001246289717,-2.295583873182664e-11,0.0003154001246289717,-3.984751388453904e-11,0.0003154001246289717,-5.57305773586293e-11,0.0003154001246289717,-7.000805050122262e-11,0.0003154001246289717,-1.198768208862863e-10,0.0003154001246289717,-1.120355336589627e-10,0.0003154001246289717,-1.03516745592575e-10,0.0003154001246289717,-9.413734663041668e-11,0.0003154001246289717,-8.273744026509917e-11,0.0003154001246289717,-7.383995014841133e-11
0.0003254001246289717,-8.11625351862799e-12,0.0003254001246289717,-2.30465937937869e-11,0.0003254001246289717,-3.999336681289448e-11,0.0003254001246289717,-5.592270690496319e-11,0.0003254001246289717,-7.023761651707102e-11,0.0003254001246289717,-1.202065604230959e-10,0.0003254001246289717,-1.123526000321248e-10,0.0003254001246289717,-1.038187555884112e-10,0.0003254001246289717,-9.442116752284735e-11,0.0003254001246289717,-8.299699675762066e-11,0.0003254001246289717,-6.983995014841132e-11
0.0003354001246289717,-8.155706498764351e-12,0.0003354001246289717,-2.314653634986523e-11,0.0003354001246289717,-4.015391658344789e-11,0.0003354001246289717,-5.613411642595017e-11,0.0003354001246289717,-7.049014316823307e-11,0.0003354001246289717,-1.205688941569082e-10,0.0003354001246289717,-1.12701066701156e-10,0.0003354001246289717,-1.041507348164952e-10,0.0003354001246289717,-9.473321105387326e-11,0.0003354001246289717,-8.328243386730792e-11,0.0003354001246289717,-6.583995014841131e-11
0.0003454001246289717,-8.199386438413511e-12,0.0003454001246289717,-2.325712010278141e-11,0.0003454001246289717,-4.033147710333451e-11,0.0003454001246289717,-5.636782819581478e-11,0.0003454001246289717,-7.076921698797795e-11,0.0003454001246289717,-1.209688509314366e-10,0.0003454001246289717,-1.130857877456969e-10,0.0003454001246289717,-1.045173258453525e-10,0.0003454001246289717,-9.507785886881462e-11,0.0003454001246289717,-8.359778118177742e-11,0.0003454001246289717,-6.18399501484113e-11
0.0003554001246289718,-8.248001085695427e-12,0.0003554001246289718,-2.338011442283536e-11,0.0003554001246289718,-4.052886194876626e-11,0.0003554001246289718,-5.662751399332785e-11,0.0003554001246289718,-7.107919221418079e-11,0.0003554001246289718,-1.214125215061774e-10,0.0003554001246289718,-1.135126444323965e-10,0.0003554001246289718,-1.049241559192042e-10,0.0003554001246289718,-9.54604242393311e-11,0.0003554001246289718,-8.39479277605894e-11,0.0003554001246289718,-5.783995014841131e-11
0.0003654001246289718,-8.302420741023019e-12,0.0003654001246289718,-2.351769173100226e-11,0.0003654001246289718,-4.074952177992781e-11,0.0003654001246289718,-5.691767271963928e-11,0.0003654001246289718,-7.142539975499777e-11,0.0003654001246289718,-1.219073430777409e-10,0.0003654001246289718,-1.139888210840141e-10,0.0003654001246289718,-1.053781021218425e-10,0.0003654001246289718,-9.588740367222947e-11,0.0003654001246289718,-8.43388551052013e-11,0.0003654001246289718,-5.38399501484113e-11
0.0003754001246289718,-8.363725792697048e-12,0.0003754001246289718,-2.367254415294541e-11,0.0003754001246289718,-4.099772740427833e-11,0.0003754001246289718,-5.724386662327329e-11,0.0003754001246289718,-7.181442467220096e-11,0.0003754001246289718,-1.224624752804243e-10,0.0003754001246289718,-1.145231699434137e-10,0.0003754001246289718,-1.058876423372149e-10,0.0003754001246289718,-9.636681023450426e-11,0.0003754001246289718,-8.477794613032901e-11,0.0003754001246289718,-4.983995014841129e-11
0.0003854001246289718,-8.433271025870935e-12,0.0003854001246289718,-2.384804077640032e-11,0.0003854001246289718,-4.127881595524268e-11,0.0003854001246289718,-5.761303833206672e-11,0.0003854001246289718,-7.225447795770312e-11,0.0003854001246289718,-1.230893011331431e-10,0.0003854001246289718,-1.151266976692673e-10,0.0003854001246289718,-1.064633236647854e-10,0.0003854001246289718,-9.690861889954454e-11,0.0003854001246289718,-8.527439851115455e-11,0.0003854001246289718,-4.583995014841128e-11
0.0003954001246289719,-8.512773492795793e-12,0.0003954001246289719,-2.404844161593235e-11,0.0003954001246289719,-4.159952490186636e-11,0.0003954001246289719,-5.803393997276579e-11,0.0003954001246289719,-7.27558987180046e-11,0.0003954001246289719,-1.238020992782357e-10,0.0003954001246289719,-1.158132188289609e-10,0.0003954001246289719,-1.071183923098679e-10,0.0003954001246289719,-9.752536615858086e-11,0.0003954001246289719,-8.583978205112253e-11,0.0003954001246289719,-4.183995014841124e-11
0.0004054001246289719,-8.604433697824197e-12,0.0004054001246289719,-2.427919114479305e-11,0.0004054001246289719,-4.19684487075709e-11,0.0004054001246289719,-5.851771820207133e-11,0.0004054001246289719,-7.333183712478843e-11,0.0004054001246289719,-1.246189509731202e-10,0.0004054001246289719,-1.166002386547335e-10,0.0004054001246289719,-1.078696455592229e-10,0.0004054001246289719,-9.82329622863182e-11,0.0004054001246289719,-8.64887950889264e-11,0.0004054001246289719,-3.783995014841123e-11
0.0004154001246289719,-8.711103949867125e-12,0.0004154001246289719,-2.454732347440103e-11,0.0004154001246289719,-4.239666648919097e-11,0.0004154001246289719,-5.907871556884004e-11,0.0004154001246289719,-7.399918705833464e-11,0.0004154001246289719,-1.25562966658377e-10,0.0004154001246289719,-1.175101485523313e-10,0.0004154001246289719,-1.087385874838216e-10,0.0004154001246289719,-9.905179524001257e-11,0.0004154001246289719,-8.724029478449287e-11,0.0004154001246289719,-3.383995014841124e-11
0.000425337348433983,-8.835665882835829e-12,0.000425337348433983,-2.485987464838305e-11,0.000425337348433983,-4.289518183757333e-11,0.000425337348433983,-5.973109019395504e-11,0.000425337348433983,-7.477453907222089e-11,0.000425337348433983,-1.266564473146265e-10,0.000425337348433983,-1.185646145795573e-10,0.000425337348433983,-1.097460871104403e-10,0.000425337348433983,-1.000017151180772e-10,0.000425337348433983,-8.811271510049088e-11,0.000425337348433983,-2.986506062640678e-11
0.0004347917103694648,-8.975753524991746e-12,0.0004347917103694648,-2.5210667717871e-11,0.0004347917103694648,-4.345387397512768e-11,0.0004347917103694648,-6.046130296543494e-11,0.0004347917103694648,-7.564151376076711e-11,0.0004347917103694648,-1.278749707835984e-10,0.0004347917103694648,-1.197402804135433e-10,0.0004347917103694648,-1.108700295922906e-10,0.0004347917103694648,-1.010620803364719e-10,0.0004347917103694648,-8.908734341155852e-11,0.0004347917103694648,-2.608331585221411e-11
0.0004436772913518721,-9.131563924432246e-12,0.0004436772913518721,-2.559993380532401e-11,0.0004436772913518721,-4.407283011964529e-11,0.0004436772913518721,-6.126916661501244e-11,0.0004436772913518721,-7.659959108537455e-11,0.0004436772913518721,-1.292164844198631e-10,0.0004436772913518721,-1.210353560349143e-10,0.0004436772913518721,-1.121089031869849e-10,0.0004436772913518721,-1.022316774750796e-10,0.0004436772913518721,-9.016330960626114e-11,0.0004436772913518721,-2.252908345925116e-11
0.0004520212966930539,-9.304604511245952e-12,0.0004520212966930539,-2.603112214309586e-11,0.0004520212966930539,-4.475720863657416e-11,0.0004520212966930539,-6.21610708777891e-11,0.0004520212966930539,-7.765600634433813e-11,0.0004520212966930539,-1.306896425671307e-10,0.0004520212966930539,-1.224584047933299e-10,0.0004520212966930539,-1.134711211822858e-10,0.0004520212966930539,-1.035186909328818e-10,0.0004520212966930539,-9.134841726518954e-11,0.0004520212966930539,-1.919148132277842e-11
0.0004598387281902959,-9.495968999320273e-12,0.0004598387281902959,-2.650657685118185e-11,0.0004598387281902959,-4.551034631670609e-11,0.0004598387281902959,-6.31409655216473e-11,0.0004598387281902959,-7.881503752235036e-11,0.0004598387281902959,-1.322987207836422e-10,0.0004598387281902959,-1.240137930637472e-10,0.0004598387281902959,-1.149611158262778e-10,0.0004598387281902959,-1.049275874331591e-10,0.0004598387281902959,-9.264709419544112e-11,0.0004598387281902959,-1.606450872388164e-11
0.0004671723173303382,-9.707192199301581e-12,0.0004671723173303382,-2.702965584573855e-11,0.0004671723173303382,-4.633711428738837e-11,0.0004671723173303382,-6.42147287519473e-11,0.0004671723173303382,-8.008317396375722e-11,0.0004671723173303382,-1.340508158226529e-10,0.0004671723173303382,-1.257086451224267e-10,0.0004671723173303382,-1.165859963111035e-10,0.0004671723173303382,-1.064654083694695e-10,0.0004671723173303382,-9.40661880062231e-11,0.0004671723173303382,-1.313107306786472e-11
0.0004740835461300501,-9.940444510296707e-12,0.0004740835461300501,-2.76051812356291e-11,0.0004740835461300501,-4.724460157514127e-11,0.0004740835461300501,-6.539102753119318e-11,0.0004740835461300501,-8.147010486510293e-11,0.0004740835461300501,-1.359571074737098e-10,0.0004740835461300501,-1.275540756845959e-10,0.0004740835461300501,-1.183567471132243e-10,0.0004740835461300501,-1.081429216169333e-10,0.0004740835461300501,-9.561604844429088e-11,0.0004740835461300501,-1.036658154797996e-11
0.000480635817264785,-1.019832493522036e-11,0.000480635817264785,-2.823888893803278e-11,0.000480635817264785,-4.824121072073345e-11,0.000480635817264785,-6.668010925135289e-11,0.000480635817264785,-8.298725887412332e-11,0.000480635817264785,-1.380307157981815e-10,0.000480635817264785,-1.29563128473833e-10,0.000480635817264785,-1.202862747301477e-10,0.000480635817264785,-1.099727937236262e-10,0.000480635817264785,-9.730886435827032e-11,0.000480635817264785,-7.745673094086007e-12
0.0004868951168202847,-1.048402966611835e-11,0.0004868951168202847,-2.893780022239022e-11,0.0004868951168202847,-4.933720406831731e-11,0.0004868951168202847,-6.809447170741303e-11,0.0004868951168202847,-8.46485568513809e-11,0.0004868951168202847,-1.402876021696538e-10,0.0004868951168202847,-1.317516764990252e-10,0.0004868951168202847,-1.223902801790158e-10,0.0004868951168202847,-1.119704389191679e-10,0.0004868951168202847,-9.915947347294067e-11,0.0004868951168202847,-5.241953271886108e-12
0.0004929317035762369,-1.080161213391061e-11,0.0004929317035762369,-2.97107972677257e-11,0.0004929317035762369,-5.054555093754887e-11,0.0004929317035762369,-6.964990271648464e-11,0.0004929317035762369,-8.647158093597704e-11,0.0004929317035762369,-1.427479689866661e-10,0.0004929317035762369,-1.341397999974089e-10,0.0004929317035762369,-1.246886148632376e-10,0.0004929317035762369,-1.14155337950613e-10,0.0004929317035762369,-1.011866203157077e-10,0.0004929317035762369,-2.827318569505238e-12
0.000498821645402756,-1.115628979526983e-11,0.000498821645402756,-3.056928167173988e-11,0.000498821645402756,-5.188287528087385e-11,0.000498821645402756,-7.136661999685162e-11,0.000498821645402756,-8.847883350708853e-11,0.000498821645402756,-1.454376782387704e-10,0.000498821645402756,-1.367531990818685e-10,0.000498821645402756,-1.272066816692467e-10,0.000498821645402756,-1.165524173926079e-10,0.000498821645402756,-1.034142899764079e-10,0.000498821645402756,-4.713418388976175e-13
0.0005046521226685736,-1.155503152939277e-11,0.0005046521226685736,-3.152846549289333e-11,0.0005046521226685736,-5.337134301938074e-11,0.0005046521226685736,-7.327157268564326e-11,0.0005046521226685736,-9.070031218683322e-11,0.0005046521226685736,-1.483912798915741e-10,0.0005046521226685736,-1.39626191758225e-10,0.0005046521226685736,-1.299783725265656e-10,0.0005046521226685736,-1.191949291916165e-10,0.0005046521226685736,-1.05874466044521e-10,0.0005046521226685736,1.860849067429437e-12
0.0005105320305045158,-1.200379311135472e-11,0.0005105320305045158,-3.259995033762745e-11,0.0005105320305045158,-5.502691980016807e-11,0.0005105320305045158,-7.538343491917962e-11,0.0005105320305045158,-9.315584600134697e-11,0.0005105320305045158,-1.51628994698076e-10,0.0005105320305045158,-1.427791530877509e-10,0.0005105320305045158,-1.330242079515445e-10,0.0005105320305045158,-1.221036477379477e-10,0.0005105320305045158,-1.085876410483053e-10,0.0005105320305045158,4.212812201806296e-12
0.0005165354049214011,-1.249321289755428e-11,0.0005165354049214011,-3.375754892183025e-11,0.0005165354049214011,-5.680700436887835e-11,0.0005165354049214011,-7.764639373087522e-11,0.0005165354049214011,-9.577855578935264e-11,0.0005165354049214011,-1.550581545100251e-10,0.0005165354049214011,-1.461221576165507e-10,0.0005165354049214011,-1.362578640748934e-10,0.0005165354049214011,-1.251972774176477e-10,0.0005165354049214011,-1.114787752217418e-10,0.0005165354049214011,6.614161968560444e-12
0.000522655720599168,-1.300065590619822e-11,0.000522655720599168,-3.494708963089746e-11,0.000522655720599168,-5.862753140781097e-11,0.000522655720599168,-7.995257625635677e-11,0.000522655720599168,-9.844256201380553e-11,0.000522655720599168,-1.585102397915226e-10,0.000522655720599168,-1.494915339489646e-10,0.000522655720599168,-1.395216518683767e-10,0.000522655720599168,-1.283255055608506e-10,0.000522655720599168,-1.144082042038077e-10,0.000522655720599168,9.062288239667202e-12
0.0005288429005825319,-1.350215614398882e-11,0.0005288429005825319,-3.611362635073057e-11,0.0005288429005825319,-6.040485875740368e-11,0.0005288429005825319,-8.219593404741942e-11,0.0005288429005825319,-1.010256826265351e-10,0.0005288429005825319,-1.61826544637625e-10,0.0005288429005825319,-1.527326052010168e-10,0.0005288429005825319,-1.426658605827971e-10,0.0005288429005825319,-1.31344599564847e-10,0.0005288429005825319,-1.172414977256288e-10,0.0005288429005825319,1.153716023301278e-11
0.0005342878047256163,-1.392388534795172e-11,0.0005342878047256163,-3.708856368016062e-11,0.0005342878047256163,-6.188426087718782e-11,0.0005342878047256163,-8.405700568524049e-11,0.0005342878047256163,-1.031624886765175e-10,0.0005342878047256163,-1.645464253478177e-10,0.0005342878047256163,-1.553940732746388e-10,0.0005342878047256163,-1.452513877854403e-10,0.0005342878047256163,-1.338312648517992e-10,0.0005342878047256163,-1.195797841571398e-10,0.0005342878047256163,1.371512189024649e-11
0.0005393756335453851,-1.42973829462848e-11,0.0005393756335453851,-3.794796579681648e-11,0.0005393756335453851,-6.318380785445006e-11,0.0005393756335453851,-8.568701792788977e-11,0.0005393756335453851,-1.050294507035508e-10,0.0005393756335453851,-1.669051702005556e-10,0.0005393756335453851,-1.57704689170383e-10,0.0005393756335453851,-1.474988060802781e-10,0.0005393756335453851,-1.359957175172184e-10,0.0005393756335453851,-1.216186345587403e-10,0.0005393756335453851,1.575025341815405e-11
0.0005444465496884865,-1.464907446437076e-11,0.0005444465496884865,-3.875397201546368e-11,0.0005444465496884865,-6.439870749605488e-11,0.0005444465496884865,-8.720674124603213e-11,0.0005444465496884865,-1.067662782885904e-10,0.0005444465496884865,-1.690846821617692e-10,0.0005444465496884865,-1.598418690793616e-10,0.0005444465496884865,-1.495798320460019e-10,0.0005444465496884865,-1.380023885071651e-10,0.0005444465496884865,-1.235118639135571e-10,0.0005444465496884865,1.777861987539459e-11
0.0005495957196484543,-1.498586386325826e-11,0.0005495957196484543,-3.952297646243521e-11,0.0005495957196484543,-6.555429156733736e-11,0.0005495957196484543,-8.864856910582307e-11,0.0005495957196484543,-1.084106966709991e-10,0.0005495957196484543,-1.711351552152258e-10,0.0005495957196484543,-1.618544085032565e-10,0.0005495957196484543,-1.515415242211294e-10,0.0005495957196484543,-1.398961643472515e-10,0.0005495957196484543,-1.253012485684665e-10,0.0005495957196484543,1.983828785938173e-11
0.0005549241158589915,-1.531413774464096e-11,0.0005549241158589915,-4.026988151533353e-11,0.0005549241158589915,-6.667336285216698e-11,0.0005549241158589915,-9.004141963139945e-11,0.0005549241158589915,-1.0999614285738e-10,0.0005549241158589915,-1.731001728980084e-10,0.0005549241158589915,-1.637847980135774e-10,0.0005549241158589915,-1.534249956966093e-10,0.0005549241158589915,-1.417164135955169e-10,0.0005549241158589915,-1.270236049615976e-10,0.0005549241158589915,2.196964634359658e-11
0.000560526549555987,-1.563875937372161e-11,0.000560526549555987,-4.100591873909149e-11,0.000560526549555987,-6.777298678477256e-11,0.000560526549555987,-9.14068087146745e-11,0.000560526549555987,-1.115473777455439e-10,0.000560526549555987,-1.750115853309986e-10,0.000560526549555987,-1.656641456995237e-10,0.000560526549555987,-1.55260409124294e-10,0.000560526549555987,-1.434920893916677e-10,0.000560526549555987,-1.287060885797686e-10,0.000560526549555987,2.421061982239479e-11
0.0005664591919446059,-1.596145462934952e-11,0.0005664591919446059,-4.173509355736997e-11,0.0005664591919446059,-6.885928466395056e-11,0.0005664591919446059,-9.275250315055723e-11,0.0005664591919446059,-1.130733926170017e-10,0.0005664591919446059,-1.768812264145127e-10,0.0005664591919446059,-1.67503966023374e-10,0.0005664591919446059,-1.570588845392048e-10,0.0005664591919446059,-1.452338210227899e-10,0.0005664591919446059,-1.30358616240613e-10,0.0005664591919446059,2.658367677784237e-11
0.0005727656479999729,-1.628282300062392e-11,0.0005727656479999729,-4.245882967376311e-11,0.0005727656479999729,-6.993447690859039e-11,0.0005727656479999729,-9.408137901937614e-11,0.0005727656479999729,-1.145775785292374e-10,0.0005727656479999729,-1.78713850075486e-10,0.0005727656479999729,-1.693088396951807e-10,0.0005727656479999729,-1.5882479921571e-10,0.0005727656479999729,-1.469457446707976e-10,0.0005727656479999729,-1.319849913934951e-10,0.0005727656479999729,2.910625919998917e-11
0.0005794891546282104,-1.660316155095911e-11,0.0005794891546282104,-4.317785387764369e-11,0.0005794891546282104,-7.099972597489788e-11,0.0005794891546282104,-9.539498115342486e-11,0.0005794891546282104,-1.160617969868018e-10,0.0005794891546282104,-1.805122513416641e-10,0.0005794891546282104,-1.710814331574006e-10,0.0005794891546282104,-1.605606731186949e-10,0.0005794891546282104,-1.486302123956827e-10,0.0005794891546282104,-1.335873420850555e-10,0.0005794891546282104,3.179566185128414e-11
0.0005866714956973589,-1.69224665892906e-11,0.0005866714956973589,-4.389220873189618e-11,0.0005866714956973589,-7.205517086356441e-11,0.0005866714956973589,-9.669358160221998e-11,0.0005866714956973589,-1.175264602932258e-10,0.0005866714956973589,-1.822774192028416e-10,0.0005866714956973589,-1.728226409732738e-10,0.0005866714956973589,-1.622672994417026e-10,0.0005866714956973589,-1.502879094296865e-10,0.0005866714956973589,-1.351662208400094e-10,0.0005866714956973589,3.466859827894355e-11
0.0005943548498801351,-1.724056766157021e-11,0.0005943548498801351,-4.460156211900506e-11,0.0005943548498801351,-7.310039726638059e-11,0.0005943548498801351,-9.797677072864623e-11,0.0005943548498801351,-1.189712095816691e-10,0.0005943548498801351,-1.84009396336277e-10,0.0005943548498801351,-1.745324275944772e-10,0.0005943548498801351,-1.639445629667886e-10,0.0005943548498801351,-1.51918641859167e-10,0.0005943548498801351,-1.367213460025973e-10,0.0005943548498801351,3.774193995205403e-11
0.000602583612850048,-1.755722444816504e-11,0.000602583612850048,-4.530542926161106e-11,0.000602583612850048,-7.413477100412187e-11,0.000602583612850048,-9.924387256393028e-11,0.000602583612850048,-1.203953880159898e-10,0.000602583612850048,-1.857078663422388e-10,0.000602583612850048,-1.762104041713284e-10,0.000602583612850048,-1.655920027778784e-10,0.000602583612850048,-1.53521880226982e-10,0.000602583612850048,-1.382521160118593e-10,0.000602583612850048,4.103344514001922e-11
0.000611404614650138,-1.787213892209637e-11,0.000611404614650138,-4.600320279950784e-11,0.000611404614650138,-7.515748475854049e-11,0.000611404614650138,-1.004940044588684e-10,0.000611404614650138,-1.217981100512466e-10,0.000611404614650138,-1.873722441615271e-10,0.000611404614650138,-1.778559167962662e-10,0.000611404614650138,-1.67208897656917e-10,0.000611404614650138,-1.550968412506034e-10,0.000611404614650138,-1.397576857629353e-10,0.000611404614650138,4.456184586005522e-11
0.00062086746093751,-1.818497162618117e-11,0.00062086746093751,-4.669419081691116e-11,0.00062086746093751,-7.616761556031057e-11,0.00062086746093751,-1.017261490119795e-10,0.00062086746093751,-1.231783437084237e-10,0.00062086746093751,-1.890017789676511e-10,0.00062086746093751,-1.794681474510492e-10,0.00062086746093751,-1.68794364475149e-10,0.00062086746093751,-1.566425827071801e-10,0.00062086746093751,-1.4123705624884e-10,0.00062086746093751,4.834698437500402e-11
0.0006308674609375101,-1.849072617197505e-11,0.0006308674609375101,-4.736747147334938e-11,0.0006308674609375101,-7.714935162923384e-11,0.0006308674609375101,-1.029211904421583e-10,0.0006308674609375101,-1.245148380772426e-10,0.0006308674609375101,-1.905720301463414e-10,0.0006308674609375101,-1.810228151428508e-10,0.0006308674609375101,-1.703244189702522e-10,0.0006308674609375101,-1.58135608949297e-10,0.0006308674609375101,-1.42667604578044e-10,0.0006308674609375101,5.234698437500401e-11
0.0006408674609375101,-1.877392796098066e-11,0.0006408674609375101,-4.798928043724649e-11,0.0006408674609375101,-7.805384840276414e-11,0.0006408674609375101,-1.040200690857463e-10,0.0006408674609375101,-1.257419035668872e-10,0.0006408674609375101,-1.920071449189172e-10,0.0006408674609375101,-1.824446243705764e-10,0.0006408674609375101,-1.717247459197837e-10,0.0006408674609375101,-1.595031740897837e-10,0.0006408674609375101,-1.439793473459814e-10,0.0006408674609375101,5.634698437500399e-11
0.0006508674609375101,-1.903715733846432e-11,0.0006508674609375101,-4.856568560487947e-11,0.0006508674609375101,-7.889043419630434e-11,0.0006508674609375101,-1.050346238625316e-10,0.0006508674609375101,-1.268732116630914e-10,0.0006508674609375101,-1.933247427243404e-10,0.0006508674609375101,-1.837507930312898e-10,0.0006508674609375101,-1.730120440179864e-10,0.0006508674609375101,-1.607613054734628e-10,0.0006508674609375101,-1.451873093573252e-10,0.0006508674609375101,6.034698437500403e-11
0.0006608674609375102,-1.928260314259383e-11,0.0006608674609375102,-4.910181005301244e-11,0.0006608674609375102,-7.966695428110439e-11,0.0006608674609375102,-1.059747793300786e-10,0.0006608674609375102,-1.279201922851966e-10,0.0006608674609375102,-1.94539444476352e-10,0.0006608674609375102,-1.849556247708952e-10,0.0006608674609375102,-1.742002027504049e-10,0.0006608674609375102,-1.619233522788084e-10,0.0006608674609375102,-1.463040273781683e-10,0.0006608674609375102,6.434698437500407e-11
0.0006708674609375102,-1.951213172576518e-11,0.0006708674609375102,-4.960200513134995e-11,0.0006708674609375102,-8.039004836039651e-11,0.0006708674609375102,-1.068489098549561e-10,0.0006708674609375102,-1.28892470002614e-10,0.0006708674609375102,-1.956634732491689e-10,0.0006708674609375102,-1.860710897643471e-10,0.0006708674609375102,-1.753008588566271e-10,0.0006708674609375102,-1.63000512295571e-10,0.0006708674609375102,-1.473400351500532e-10,0.0006708674609375102,6.834698437500406e-11
0.0006808674609375102,-1.972734900717743e-11,0.0006808674609375102,-5.00699993669057e-11,0.0006808674609375102,-8.106538592258176e-11,0.0006808674609375102,-1.076641459527907e-10,0.0006808674609375102,-1.297982225118737e-10,0.0006808674609375102,-1.967071466503249e-10,0.0006808674609375102,-1.87107301626117e-10,0.0006808674609375102,-1.76323854491676e-10,0.0006808674609375102,-1.640022673956389e-10,0.0006808674609375102,-1.483042659368748e-10,0.0006808674609375102,7.234698437500409e-11
0.0006908674609375102,-1.992964574123815e-11,0.0006908674609375102,-5.050900870279954e-11,0.0006908674609375102,-8.169784122383727e-11,0.0006908674609375102,-1.084266020624139e-10,0.0006908674609375102,-1.30644447984998e-10,0.0006908674609375102,-1.976792413869329e-10,0.0006908674609375102,-1.880728709509453e-10,0.0006908674609375102,-1.772775771718836e-10,0.0006908674609375102,-1.649367067574227e-10,0.0006908674609375102,-1.492043516418603e-10,0.0006908674609375102,7.634698437500408e-11
0.0007008674609375103,-2.012023263046706e-11,0.0007008674609375103,-5.092182233382349e-11,0.0007008674609375103,-8.229162913356639e-11,0.0007008674609375103,-1.091415527619617e-10,0.0007008674609375103,-1.314371719896982e-10,0.0007008674609375103,-1.985872726446795e-10,0.0007008674609375103,-1.889751765527436e-10,0.0007008674609375103,-1.781692209241476e-10,0.0007008674609375103,-1.658107754352969e-10,0.0007008674609375103,-1.500468532782456e-10,0.0007008674609375103,8.034698437500412e-11
0.0007108674609375103,-2.030016879723812e-11,0.0007108674609375103,-5.131087188595187e-11,0.0007108674609375103,-8.285041397093253e-11,0.0007108674609375103,-1.098135734042953e-10,0.0007108674609375103,-1.321816121562852e-10,0.0007108674609375103,-1.99437714508986e-10,0.0007108674609375103,-1.898205797425431e-10,0.0007108674609375103,-1.790049928662569e-10,0.0007108674609375103,-1.666304712784548e-10,0.0007108674609375103,-1.508374439156873e-10,0.0007108674609375103,8.43469843750041e-11
0.0007208674609375103,-2.047038510354943e-11,0.0007208674609375103,-5.167828766546998e-11,0.0007208674609375103,-8.337739762476728e-11,0.0007208674609375103,-1.104466535647831e-10,0.0007208674609375103,-1.32882310666116e-10,0.0007208674609375103,-2.002361759369497e-10,0.0007208674609375103,-1.906145955683804e-10,0.0007208674609375103,-1.79790278509711e-10,0.0007208674609375103,-1.674010027248881e-10,0.0007208674609375103,-1.515810555381989e-10,0.0007208674609375103,8.834698437500414e-11
0.0007308674609375103,-2.063170330275582e-11,0.0007308674609375103,-5.20259446126291e-11,0.0007308674609375103,-8.387539125607395e-11,0.0007308674609375103,-1.110442890928175e-10,0.0007308674609375103,-1.335432414729421e-10,0.0007308674609375103,-2.00987542183153e-10,0.0007308674609375103,-1.913620305878538e-10,0.0007308674609375103,-1.805297748888426e-10,0.0007308674609375103,-1.681269160506171e-10,0.0007308674609375103,-1.522819976799035e-10,0.0007308674609375103,9.234698437500413e-11
0.0007408674609375104,-2.078485184266251e-11,0.0007408674609375104,-5.235550005189323e-11,0.0007408674609375104,-8.434687401826908e-11,0.0007408674609375104,-1.116095572676721e-10,0.0007408674609375104,-1.341678976727694e-10,0.0007408674609375104,-2.016960892809306e-10,0.0007408674609375104,-1.920670944941483e-10,0.0007408674609375104,-1.812275985530701e-10,0.0007408674609375104,-1.688121987028398e-10,0.0007408674609375104,-1.529440539101334e-10,0.0007408674609375104,9.634698437500417e-11
0.0007508674609375104,-2.093047897727758e-11,0.0007508674609375104,-5.266842490107977e-11,0.0007508674609375104,-8.47940414243518e-11,0.0007508674609375104,-1.121451785533445e-10,0.0007508674609375104,-1.347593631279058e-10,0.0007508674609375104,-2.023655773359022e-10,0.0007508674609375104,-1.927334911608012e-10,0.0007508674609375104,-1.818873737192059e-10,0.0007508674609375104,-1.694603637484285e-10,0.0007508674609375104,-1.535705607966469e-10,0.0007508674609375104,1.003469843750042e-10
0.0007608674609375104,-2.106916371217161e-11,0.0007608674609375104,-5.296602960909659e-11,0.0007608674609375104,-8.521884543877329e-11,0.0007608674609375104,-1.126535676517201e-10,0.0007608674609375104,-1.353203715780549e-10,0.0007608674609375104,-2.029993270882742e-10,0.0007608674609375104,-1.933644934144889e-10,0.0007608674609375104,-1.82512304748147e-10,0.0007608674609375104,-1.700745193703362e-10,0.0007608674609375104,-1.541644729705703e-10,0.0007608674609375104,1.043469843750041e-10
0.0007708674609375104,-2.120142498906776e-11,0.0007708674609375104,-5.324948586031424e-11,0.0007708674609375104,-8.562302791527998e-11,0.0007708674609375104,-1.131368759846098e-10,0.0007708674609375104,-1.358533557359344e-10,0.0007708674609375104,-2.0360028316042e-10,0.0007708674609375104,-1.939630048604906e-10,0.0007708674609375104,-1.831052361081911e-10,0.0007708674609375104,-1.706574264209974e-10,0.0007708674609375104,-1.547284170861024e-10,0.0007708674609375104,1.083469843750042e-10
0.0007808674609375105,-2.132772943455209e-11,0.0007808674609375105,-5.351984480499139e-11,0.0007808674609375105,-8.600814861882797e-11,0.0007808674609375105,-1.135970272238702e-10,0.0007808674609375105,-1.363604882752529e-10,0.0007808674609375105,-2.041710666056917e-10,0.0007808674609375105,-1.945316112773654e-10,0.0007808674609375105,-1.836687022717352e-10,0.0007808674609375105,-1.712115463561866e-10,0.0007808674609375105,-1.552647368065399e-10,0.0007808674609375105,1.123469843750042e-10
0.0007908674609375105,-2.144849792373186e-11,0.0007908674609375105,-5.377805246929229e-11,0.0007908674609375105,-8.637560883906176e-11,0.0007908674609375105,-1.140357471625501e-10,0.0007908674609375105,-1.368437162397296e-10,0.0007908674609375105,-2.047140188165437e-10,0.0007908674609375105,-1.950726235951395e-10,0.0007908674609375105,-1.842049694649477e-10,0.0007908674609375105,-1.717390813783989e-10,0.0007908674609375105,-1.557755305212255e-10,0.0007908674609375105,1.163469843750042e-10
0.0008008674609375105,-2.156411117033534e-11,0.0008008674609375105,-5.402496282749333e-11,0.0008008674609375105,-8.672667138495044e-11,0.0008008674609375105,-1.144545889632486e-10,0.0008008674609375105,-1.37304790083354e-10,0.0008008674609375105,-2.052312384152528e-10,0.0008008674609375105,-1.955881140242525e-10,0.0008008674609375105,-1.847160707942509e-10,0.0008008674609375105,-1.722420082319812e-10,0.0008008674609375105,-1.562626831360178e-10,0.0008008674609375105,1.203469843750042e-10
0.0008108674609375105,-2.167491450614819e-11,0.0008108674609375105,-5.426134895317175e-11,0.0008108674609375105,-8.706247759495633e-11,0.0008108674609375105,-1.148549545992187e-10,0.0008108674609375105,-1.377452882936867e-10,0.0008108674609375105,-2.057246124060694e-10,0.0008108674609375105,-1.960799465847951e-10,0.0008108674609375105,-1.852038359435346e-10,0.0008108674609375105,-1.727221068029888e-10,0.0008108674609375105,-1.567278929978217e-10,0.0008108674609375105,1.243469843750042e-10
0.0008208674609375106,-2.178122228108488e-11,0.0008208674609375106,-5.448791321388248e-11,0.0008208674609375106,-8.738406278940407e-11,0.0008208674609375106,-1.152381142304048e-10,0.0008208674609375106,-1.381666395647734e-10,0.0008208674609375106,-2.061958439350811e-10,0.0008208674609375106,-1.965498043498682e-10,0.0008208674609375106,-1.856699177222594e-10,0.0008208674609375106,-1.731809857293317e-10,0.0008208674609375106,-1.571726960658118e-10,0.0008208674609375106,1.283469843750042e-10
0.0008308674609375106,-2.188332292902806e-11,0.0008308674609375106,-5.47052987779948e-11,0.0008308674609375106,-8.769237341956258e-11,0.0008308674609375106,-1.156052274231537e-10,0.0008308674609375106,-1.385701468464745e-10,0.0008308674609375106,-2.066464815774096e-10,0.0008308674609375106,-1.969992183020366e-10,0.0008308674609375106,-1.861158203060916e-10,0.0008308674609375106,-1.736201097688862e-10,0.0008308674609375106,-1.575984919183614e-10,0.0008308674609375106,1.323469843750042e-10
0.0008408674609375106,-2.198147855865873e-11,0.0008408674609375106,-5.491408904093344e-11,0.0008408674609375106,-8.798826690175895e-11,0.0008408674609375106,-1.159573436702658e-10,0.0008408674609375106,-1.389569884861334e-10,0.0008408674609375106,-2.070779228562878e-10,0.0008408674609375106,-1.974295704870181e-10,0.0008408674609375106,-1.865429019914537e-10,0.0008408674609375106,-1.740408021585606e-10,0.0008408674609375106,-1.580065455325528e-10,0.0008408674609375106,1.363469843750042e-10
0.0008508674609375107,-2.207592848142786e-11,0.0008508674609375107,-5.511481594931546e-11,0.0008508674609375107,-8.827252409128859e-11,0.0008508674609375107,-1.162954177976778e-10,0.0008508674609375107,-1.393282357226393e-10,0.0008508674609375107,-2.0749143534326e-10,0.0008508674609375107,-1.978421148574963e-10,0.0008508674609375107,-1.869523956404121e-10,0.0008508674609375107,-1.744442644232991e-10,0.0008508674609375107,-1.583980061588771e-10,0.0008508674609375107,1.403469843750043e-10
0.0008608674609375107,-2.216689231593213e-11,0.0008608674609375107,-5.530796691377137e-11,0.0008608674609375107,-8.854585953310207e-11,0.0008608674609375107,-1.166203226430897e-10,0.0008608674609375107,-1.396848670292887e-10,0.0008608674609375107,-2.07888174165148e-10,0.0008608674609375107,-1.982379945067742e-10,0.0008608674609375107,-1.873454255344089e-10,0.0008608674609375107,-1.748315927212238e-10,0.0008608674609375107,-1.58773922838481e-10,0.0008608674609375107,1.443469843750043e-10
0.0008708674609375107,-2.225457206775041e-11,0.0008708674609375107,-5.549398954886215e-11,0.0008708674609375107,-8.880892860231929e-11,0.0008708674609375107,-1.169328579764132e-10,0.0008708674609375107,-1.40027778277731e-10,0.0008708674609375107,-2.082691946021316e-10,0.0008708674609375107,-1.986182540470881e-10,0.0008708674609375107,-1.877230194542757e-10,0.0008708674609375107,-1.752037895247876e-10,0.0008708674609375107,-1.591352554529495e-10,0.0008708674609375107,1.483469843750043e-10
0.0008808674609375107,-2.233915387996969e-11,0.0008808674609375107,-5.567329570400315e-11,0.0008808674609375107,-8.906233358534376e-11,0.0008808674609375107,-1.172337580881546e-10,0.0008808674609375107,-1.403577913861748e-10,0.0008808674609375107,-2.086354627731876e-10,0.0008808674609375107,-1.989838501176603e-10,0.0008808674609375107,-1.880861189428445e-10,0.0008808674609375107,-1.755617735428792e-10,0.0008808674609375107,-1.594828841182722e-10,0.0008808674609375107,1.523469843750043e-10
0.0008908674609375108,-2.24208095913551e-11,0.0008908674609375108,-5.584626503654021e-11,0.0008908674609375108,-8.930662905013083e-11,0.0008908674609375108,-1.175236984762763e-10,0.0008908674609375108,-1.406756619288276e-10,0.0008908674609375108,-2.089878650042481e-10,0.0008908674609375108,-1.993356606010532e-10,0.0008908674609375108,-1.884355883091332e-10,0.0008908674609375108,-1.759063884337473e-10,0.0008908674609375108,-1.598176174416143e-10,0.0008908674609375108,1.563469843750043e-10
0.0009008674609375108,-2.249969811451229e-11,0.0009008674609375108,-5.601324816440632e-11,0.0009008674609375108,-8.9542326574511e-11,0.0009008674609375108,-1.178033017275307e-10,0.0009008674609375108,-1.40982085820031e-10,0.0009008674609375108,-2.093272160378955e-10,0.0009008674609375108,-1.996744927023275e-10,0.0009008674609375108,-1.88772222524784e-10,0.0009008674609375108,-1.762384104501485e-10,0.0009008674609375108,-1.601401997689013e-10,0.0009008674609375108,1.603469843750043e-10
0.0009108674609375108,-2.257596665716327e-11,0.0009108674609375108,-5.617456944704986e-11,0.0009108674609375108,-8.976989891458455e-11,0.0009108674609375108,-1.180731426966168e-10,0.0009108674609375108,-1.412777051979639e-10,0.0009108674609375108,-2.096542662378404e-10,0.0009108674609375108,-2.000010900424017e-10,0.0009108674609375108,-1.890967541609452e-10,0.0009108674609375108,-1.7655855515747e-10,0.0009108674609375108,-1.604513175593638e-10,0.0009108674609375108,1.643469843750043e-10
0.0009208674609375108,-2.264975180401929e-11,0.0009208674609375108,-5.633052945069757e-11,0.0009208674609375108,-8.998978369189569e-11,0.0009208674609375108,-1.183337530817062e-10,0.0009208674609375108,-1.415631136152994e-10,0.0009208674609375108,-2.099697079322592e-10,0.0009208674609375108,-2.003161389042571e-10,0.0009208674609375108,-1.894098594986879e-10,0.0009208674609375108,-1.768674833549791e-10,0.0009208674609375108,-1.607516050059454e-10,0.0009208674609375108,1.683469843750043e-10
0.0009308674609375109,-2.272118047856029e-11,0.0009308674609375109,-5.648140713539358e-11,0.0009308674609375109,-9.020238666221208e-11,0.0009308674609375109,-1.185856254767417e-10,0.0009308674609375109,-1.418388606346238e-10,0.0009308674609375109,-2.102741810121389e-10,0.0009308674609375109,-2.006202737495055e-10,0.0009308674609375109,-1.897121639271599e-10,0.0009308674609375109,-1.771658063091109e-10,0.0009308674609375109,-1.610416490064195e-10,0.0009308674609375109,1.723469843750043e-10
0.0009408674609375109,-2.279037080186009e-11,0.0009408674609375109,-5.662746180287082e-11,0.0009408674609375109,-9.040808462133758e-11,0.0009408674609375109,-1.188292169693685e-10,0.0009408674609375109,-1.421054559037501e-10,0.0009408674609375109,-2.105682778873267e-10,0.0009408674609375109,-2.009140821023148e-10,0.0009408674609375109,-1.900042467254835e-10,0.0009408674609375109,-1.774540903907087e-10,0.0009408674609375109,-1.613219935706083e-10,0.0009408674609375109,1.763469843750044e-10
0.0009508674609375109,-2.285743285921743e-11,0.0009508674609375109,-5.67689348340538e-11,0.0009508674609375109,-9.060722799463753e-11,0.0009508674609375109,-1.190649523447434e-10,0.0009508674609375109,-1.423633727824218e-10,0.0009508674609375109,-2.108525478850196e-10,0.0009508674609375109,-2.011981088855158e-10,0.0009508674609375109,-1.902866453089059e-10,0.0009508674609375109,-1.77732861195588e-10,0.0009508674609375109,-1.615931437381214e-10,0.0009508674609375109,1.803469843750043e-10
0.0009608674609375109,-2.29224693870335e-11,0.0009608674609375109,-5.690605124280821e-11,0.0009608674609375109,-9.080014314946515e-11,0.0009608674609375109,-1.192932269432258e-10,0.0009608674609375109,-1.426130515742072e-10,0.0009608674609375109,-2.111275011621106e-10,0.0009608674609375109,-2.01472860278851e-10,0.0009608674609375109,-1.905598590091861e-10,0.0009608674609375109,-1.780026072133935e-10,0.0009608674609375109,-1.61855569069217e-10,0.0009608674609375109,1.843469843750044e-10
0.000970867460937511,-2.298557638959748e-11,0.000970867460937511,-5.70390210687807e-11,0.000970867460937511,-9.098713446562772e-11,0.000970867460937511,-1.19514409216723e-10,0.000970867460937511,-1.42854902416304e-10,0.000970867460937511,-2.113936121943292e-10,0.000970867460937511,-2.017388071611772e-10,0.000970867460937511,-1.908243524476126e-10,0.000970867460937511,-1.782637831027775e-10,0.000970867460937511,-1.621097067625581e-10,0.000970867460937511,1.883469843750044e-10
0.0009808674609375109,-2.304684369312553e-11,0.0009808674609375109,-5.716804062845334e-11,0.0009808674609375109,-9.116848619286367e-11,0.0009808674609375109,-1.197288430195569e-10,0.0009808674609375109,-1.430893078664642e-10,0.0009808674609375109,-2.116513228949633e-10,0.0009808674609375109,-2.019963881876372e-10,0.0009808674609375109,-1.910805585520286e-10,0.0009808674609375109,-1.785168126221473e-10,0.0009808674609375109,-1.623559644458484e-10,0.0009808674609375109,1.923469843750044e-10
0.0009908674609375109,-2.310635544638375e-11,0.0009908674609375109,-5.729329364054602e-11,0.0009908674609375109,-9.134446412022544e-11,0.0009908674609375109,-1.199368496662381e-10,0.0009908674609375109,-1.433166252255255e-10,0.0009908674609375109,-2.119010454082487e-10,0.0009908674609375109,-2.022460125465866e-10,0.0009908674609375109,-1.913288812604495e-10,0.0009908674609375109,-1.787620912571022e-10,0.0009908674609375109,-1.625947226791791e-10,0.0009908674609375109,1.963469843750044e-10
0.001,-2.315923799793116e-11,0.001,-5.740453693560063e-11,0.001,-9.150069310055239e-11,0.001,-1.201214527011154e-10,0.001,-1.435183148854224e-10,0.001,-2.121224533322309e-10,0.001,-2.024673561062287e-10,0.001,-1.915490960166458e-10,0.001,-1.789796351365769e-10,0.001,-1.628065197153612e-10,0.001,2e-10
