/net7 X,/net7 Y,/I_60/OUT X,/I_60/OUT Y,/I_120/OUT X,/I_120/OUT Y,/I_180/OUT X,/I_180/OUT Y,/I_240/OUT X,/I_240/OUT Y,/I_300/OUT X,/I_300/OUT Y,/I_600/OUT X,/I_600/OUT Y,/I_540/OUT X,/I_540/OUT Y,/I_480/OUT X,/I_480/OUT Y,/I_420/OUT X,/I_420/OUT Y,/I_360/OUT X,/I_360/OUT Y
0,0.1,0,-9.977891654644938e-11,0,-8.014123791577228e-11,0,-7.089333131673887e-11,0,-6.525476651162111e-11,0,-6.00646602733773e-11,0,-3.273148954439163e-11,0,-3.841341514299194e-11,0,-4.388202769066132e-11,0,-4.99697923333459e-11,0,-5.504416754028337e-11
1e-06,0.0998,1e-06,-9.965101433530355e-11,1e-06,-7.999752721765899e-11,1e-06,-7.075086196235044e-11,1e-06,-6.511637008487813e-11,1e-06,-5.993200105722529e-11,1e-06,-3.263758142266734e-11,1e-06,-3.83105741697719e-11,1e-06,-4.377035138908391e-11,1e-06,-4.984904378088424e-11,1e-06,-5.491845832327248e-11
1.94680587377537e-06,0.09961063882524493,1.94680587377537e-06,-9.949808488455705e-11,1.94680587377537e-06,-7.982679412328342e-11,1.94680587377537e-06,-7.058176207873997e-11,1.94680587377537e-06,-6.495235195696577e-11,1.94680587377537e-06,-5.977447284679932e-11,1.94680587377537e-06,-3.252286753698904e-11,1.94680587377537e-06,-3.818620586128764e-11,1.94680587377537e-06,-4.363672044446121e-11,1.94680587377537e-06,-4.970576469371304e-11,1.94680587377537e-06,-5.476826098590304e-11
2.973250537184072e-06,0.09940534989256319,2.973250537184072e-06,-9.932700007382477e-11,2.973250537184072e-06,-7.96367119806339e-11,2.973250537184072e-06,-7.039436175657168e-11,2.973250537184072e-06,-6.477117603943613e-11,2.973250537184072e-06,-5.960063293031048e-11,2.973250537184072e-06,-3.239581276445337e-11,2.973250537184072e-06,-3.804871575960058e-11,2.973250537184072e-06,-4.348931824332456e-11,2.973250537184072e-06,-4.95479554553171e-11,2.973250537184072e-06,-5.460243091342357e-11
4.83919163901999e-06,0.099032161672196,4.83919163901999e-06,-9.901055642082662e-11,4.83919163901999e-06,-7.92886186611329e-11,4.83919163901999e-06,-7.005532063447741e-11,4.83919163901999e-06,-6.444554715715653e-11,4.83919163901999e-06,-5.928915634248019e-11,4.83919163901999e-06,-3.217001233614685e-11,4.83919163901999e-06,-3.780407544214491e-11,4.83919163901999e-06,-4.322687173302755e-11,4.83919163901999e-06,-4.926662123608193e-11,4.83919163901999e-06,-5.430579286868791e-11
7.426387154490658e-06,0.09851472256910188,7.426387154490658e-06,-9.856327947465894e-11,7.426387154490658e-06,-7.880252445425214e-11,7.426387154490658e-06,-6.958852147890421e-11,7.426387154490658e-06,-6.399978657066715e-11,7.426387154490658e-06,-5.886404730117771e-11,7.426387154490658e-06,-3.186646191279552e-11,7.426387154490658e-06,-3.74739761220376e-11,7.426387154490658e-06,-4.287171539714693e-11,7.426387154490658e-06,-4.888473565397663e-11,7.426387154490658e-06,-5.390184895130314e-11
1.089291415188482e-05,0.09782141716962305,1.089291415188482e-05,-9.795370122904837e-11,1.089291415188482e-05,-7.814615449758173e-11,1.089291415188482e-05,-6.89635729605197e-11,1.089291415188482e-05,-6.340440773840955e-11,1.089291415188482e-05,-5.829703894461059e-11,1.089291415188482e-05,-3.146624121748093e-11,1.089291415188482e-05,-3.703722787943221e-11,1.089291415188482e-05,-4.240057708020371e-11,1.089291415188482e-05,-4.837692802550986e-11,1.089291415188482e-05,-5.336378150707207e-11
1.545983708119401e-05,0.09690803258376121,1.545983708119401e-05,-9.714024511058349e-11,1.545983708119401e-05,-7.727622226013814e-11,1.545983708119401e-05,-6.813828296392521e-11,1.545983708119401e-05,-6.261872262630377e-11,1.545983708119401e-05,-5.754917186020998e-11,1.545983708119401e-05,-3.094109965685004e-11,1.545983708119401e-05,-3.646308935293357e-11,1.545983708119401e-05,-4.17804475594279e-11,1.545983708119401e-05,-4.770785424146937e-11,1.545983708119401e-05,-5.265444160788474e-11
2.202286386606333e-05,0.09559542722678734,2.202286386606333e-05,-9.595615098365295e-11,2.202286386606333e-05,-7.60189144163309e-11,2.202286386606333e-05,-6.694843567883173e-11,2.202286386606333e-05,-6.148685893685103e-11,2.202286386606333e-05,-5.647228044296766e-11,2.202286386606333e-05,-3.018614835187488e-11,2.202286386606333e-05,-3.563723525724229e-11,2.202286386606333e-05,-4.088813734446128e-11,2.202286386606333e-05,-4.674483855191659e-11,2.202286386606333e-05,-5.163330234997395e-11
3.202286386606333e-05,0.09359542722678733,3.202286386606333e-05,-9.411937693122037e-11,3.202286386606333e-05,-7.408859888962079e-11,3.202286386606333e-05,-6.512884219382636e-11,3.202286386606333e-05,-5.975848669310459e-11,3.202286386606333e-05,-5.482913335201334e-11,3.202286386606333e-05,-2.903573125366773e-11,3.202286386606333e-05,-3.43785311900054e-11,3.202286386606333e-05,-3.952789631082678e-11,3.202286386606333e-05,-4.527640165062119e-11,3.202286386606333e-05,-5.007586642508685e-11
4.202286386606333e-05,0.09159542722678735,4.202286386606333e-05,-9.224374838892758e-11,4.202286386606333e-05,-7.214228606576195e-11,4.202286386606333e-05,-6.330357341802406e-11,4.202286386606333e-05,-5.80278729690709e-11,4.202286386606333e-05,-5.318550157116473e-11,4.202286386606333e-05,-2.788722924552895e-11,4.202286386606333e-05,-3.312157187359509e-11,4.202286386606333e-05,-3.816917785881929e-11,4.202286386606333e-05,-4.380899304603403e-11,4.202286386606333e-05,-4.851889739879864e-11
5.202286386606333e-05,0.08959542722678734,5.202286386606333e-05,-9.033043338156577e-11,5.202286386606333e-05,-7.018218553491177e-11,5.202286386606333e-05,-6.147495968992725e-11,5.202286386606333e-05,-5.6297263600386e-11,5.202286386606333e-05,-5.154355086046269e-11,5.202286386606333e-05,-2.67424567603728e-11,5.202286386606333e-05,-3.186830927605747e-11,5.202286386606333e-05,-3.681398068020285e-11,5.202286386606333e-05,-4.234464068001657e-11,5.202286386606333e-05,-4.696448354820379e-11
6.202286386606333e-05,0.08759542722678734,6.202286386606333e-05,-8.838095994168252e-11,6.202286386606333e-05,-6.821079921534424e-11,6.202286386606333e-05,-5.964528163019541e-11,6.202286386606333e-05,-5.4568837203192e-11,6.202286386606333e-05,-4.990536208299986e-11,6.202286386606333e-05,-2.56030309530766e-11,6.202286386606333e-05,-3.062042432157334e-11,6.202286386606333e-05,-3.546408153507527e-11,6.202286386606333e-05,-4.088524355479273e-11,6.202286386606333e-05,-4.541461358450968e-11
7.202286386606333e-05,0.08559542722678734,7.202286386606333e-05,-8.63970298277138e-11,7.202286386606333e-05,-6.623054628906088e-11,7.202286386606333e-05,-5.781682533071207e-11,7.202286386606333e-05,-5.284477939959223e-11,7.202286386606333e-05,-4.827301367564242e-11,7.202286386606333e-05,-2.447041620276623e-11,7.202286386606333e-05,-2.93795194213681e-11,7.202286386606333e-05,-3.412119851882899e-11,7.202286386606333e-05,-3.943265138217006e-11,7.202286386606333e-05,-4.387125413706252e-11
8.202286386606333e-05,0.08359542722678734,8.202286386606333e-05,-8.438047604099353e-11,8.202286386606333e-05,-6.424379206504725e-11,8.202286386606333e-05,-5.599186556866815e-11,8.202286386606333e-05,-5.112724494177076e-11,8.202286386606333e-05,-4.664855055246733e-11,8.202286386606333e-05,-2.334601723014701e-11,8.202286386606333e-05,-2.814714304782161e-11,8.202286386606333e-05,-3.27870210845205e-11,8.202286386606333e-05,-3.798869704912148e-11,8.202286386606333e-05,-4.23363457833698e-11
9.202286386606333e-05,0.08159542722678734,9.202286386606333e-05,-8.233325862039391e-11,9.202286386606333e-05,-6.225291999057303e-11,9.202286386606333e-05,-5.417263600062406e-11,9.202286386606333e-05,-4.941833656271786e-11,9.202286386606333e-05,-4.503396162900686e-11,9.202286386606333e-05,-2.223119608928156e-11,9.202286386606333e-05,-2.692481028032692e-11,9.202286386606333e-05,-3.146319348603019e-11,9.202286386606333e-05,-3.655515891113757e-11,9.202286386606333e-05,-4.08117722449933e-11
0.0001020228638660633,0.07959542722678734,0.0001020228638660633,-8.025746034908585e-11,0.0001020228638660633,-6.026031905927963e-11,0.0001020228638660633,-5.23613160966492e-11,0.0001020228638660633,-4.772009329282221e-11,0.0001020228638660633,-4.343116867299629e-11,0.0001020228638660633,-2.112725975595975e-11,0.0001020228638660633,-2.571397166254148e-11,0.0001020228638660633,-3.015129274266565e-11,0.0001020228638660633,-3.51337475129833e-11,0.0001020228638660633,-3.929934917683538e-11
0.0001120228638660633,0.07759542722678733,0.0001120228638660633,-7.815527834829292e-11,0.0001120228638660633,-5.826835258409299e-11,0.0001120228638660633,-5.056001925280358e-11,0.0001120228638660633,-4.603447964562796e-11,0.0001120228638660633,-4.184201636598501e-11,0.0001120228638660633,-2.003544197195945e-11,0.0001120228638660633,-2.451600298432522e-11,0.0001120228638660633,-2.885282005811743e-11,0.0001120228638660633,-3.372609689385775e-11,0.0001120228638660633,-3.780081494574034e-11
0.0001220228638660633,0.07559542722678733,0.0001220228638660633,-7.60290135369854e-11,0.0001220228638660633,-5.627934417512253e-11,0.0001220228638660633,-4.87707815012209e-11,0.0001220228638660633,-4.436337587685915e-11,0.0001220228638660633,-4.026826315789484e-11,0.0001220228638660633,-1.895689664878571e-11,0.0001220228638660633,-2.333219844909459e-11,0.0001220228638660633,-2.756919335692499e-11,0.0001220228638660633,-3.233375645398182e-11,0.0001220228638660633,-3.631782203664362e-11
0.0001320228638660633,0.07359542722678734,0.0001320228638660633,-7.388105876279139e-11,0.0001320228638660633,-5.429556474919331e-11,0.0001320228638660633,-4.699555108018161e-11,0.0001320228638660633,-4.270856887073144e-11,0.0001320228638660633,-3.871157307369932e-11,0.0001320228638660633,-1.789269228563925e-11,0.0001320228638660633,-2.216376431957502e-11,0.0001320228638660633,-2.630174045532316e-11,0.0001320228638660633,-3.095818365203779e-11,0.0001320228638660633,-3.485192937126434e-11
0.0001420228638660633,0.07159542722678734,0.0001420228638660633,-7.171399806675402e-11,0.0001420228638660633,-5.231922013235414e-11,0.0001420228638660633,-4.523617924254811e-11,0.0001420228638660633,-4.10717441949219e-11,0.0001420228638660633,-3.717350856445241e-11,0.0001420228638660633,-1.684380703718334e-11,0.0001420228638660633,-2.101181339803954e-11,0.0001420228638660633,-2.505169315484999e-11,0.0001420228638660633,-2.960073768000694e-11,0.0001420228638660633,-3.340459563991202e-11
0.0001520228638660633,0.06959542722678734,0.0001520228638660633,-6.953044587216769e-11,0.0001520228638660633,-5.035243966521984e-11,0.0001520228638660633,-4.349441227877906e-11,0.0001520228638660633,-3.945447929332953e-11,0.0001520228638660633,-3.565552444936753e-11,0.0001520228638660633,-1.581112472997431e-11,0.0001520228638660633,-1.987736048384978e-11,0.0001520228638660633,-2.382018233095361e-11,0.0001520228638660633,-2.826267416047205e-11,0.0001520228638660633,-3.197717368820834e-11
0.0001620228638660633,0.06759542722678734,0.0001620228638660633,-6.73329405043442e-11,0.0001620228638660633,-4.839726595027266e-11,0.0001620228638660633,-4.177188449340492e-11,0.0001620228638660633,-3.785823783407423e-11,0.0001620228638660633,-3.415896296960348e-11,0.0001620228638660633,-1.479543190130384e-11,0.0001620228638660633,-1.876131883915473e-11,0.0001620228638660633,-2.26082340371932e-11,0.0001620228638660633,-2.69451408854229e-11,0.0001620228638660633,-3.057090597710801e-11
0.0001720228638660633,0.06559542722678734,0.0001720228638660633,-6.512409876331268e-11,0.0001720228638660633,-4.645564569675961e-11,0.0001720228638660633,-4.007011253729231e-11,0.0001720228638660633,-3.628436521836062e-11,0.0001720228638660633,-3.268504995014716e-11,0.0001720228638660633,-1.379741587489229e-11,0.0001720228638660633,-1.766449767228144e-11,0.0001720228638660633,-2.141676662697471e-11,0.0001720228638660633,-2.564917459447714e-11,0.0001720228638660633,-2.918692111167831e-11
0.0001820228638660633,0.06359542722678735,0.0001820228638660633,-6.290655869054455e-11,0.0001820228638660633,-4.452942226913189e-11,0.0001820228638660633,-3.839049096496943e-11,0.0001820228638660633,-3.473408523145492e-11,0.0001820228638660633,-3.123489204622943e-11,0.0001820228638660633,-1.281766386941306e-11,0.0001820228638660633,-1.658760063081042e-11,0.0001820228638660633,-2.024658888044342e-11,0.0001820228638660633,-2.437569877359718e-11,0.0001820228638660633,-2.782623141618442e-11
0.0001920228638660633,0.06159542722678734,0.0001920228638660633,-6.068296132243442e-11,0.0001920228638660633,-4.262032943901218e-11,0.0001920228638660633,-3.673428899642573e-11,0.0001920228638660633,-3.320849779620636e-11,0.0001920228638660633,-2.980947503135406e-11,0.0001920228638660633,-1.185666312094169e-11,0.0001920228638660633,-1.553122528460434e-11,0.0001920228638660633,-1.909839910712527e-11,0.0001920228638660633,-2.312552243854241e-11,0.0001920228638660633,-2.648973151511236e-11
0.0002020228638660633,0.05959542722678735,0.0002020228638660633,-5.84559364242536e-11,0.0002020228638660633,-4.07299864013058e-11,0.0002020228638660633,-3.510264843313288e-11,0.0002020228638660633,-3.170857777023717e-11,0.0002020228638660633,-2.840966306912237e-11,0.0002020228638660633,-1.091480198624616e-11,0.0002020228638660633,-1.449586356422035e-11,0.0002020228638660633,-1.79727851846985e-11,0.0002020228638660633,-2.189933985421674e-11,0.0002020228638660633,-2.517819786458274e-11
0.0002120228638660633,0.05759542722678734,0.0002120228638660633,-5.62280881978455e-11,0.0002120228638660633,-3.885989426044326e-11,0.0002120228638660633,-3.349658265892315e-11,0.0002120228638660633,-3.02351747177765e-11,0.0002120228638660633,-2.703619889948202e-11,0.0002120228638660633,-9.992371976545974e-12,0.0002120228638660633,-1.348190310644178e-11,0.0002120228638660633,-1.687022548268638e-11,0.0002120228638660633,-2.069773113155553e-11,0.0002120228638660633,-2.389228917005877e-11
0.0002220228638660633,0.05559542722678734,0.0002220228638660633,-5.400198185625934e-11,0.0002220228638660633,-3.701143382841229e-11,0.0002220228638660633,-3.19169766442113e-11,0.0002220228638660633,-2.87890135736845e-11,0.0002220228638660633,-2.568970486422256e-11,0.0002220228638660633,-9.089570655956438e-12,0.0002220228638660633,-1.248962945575647e-11,0.0002220228638660633,-1.579109061248353e-11,0.0002220228638660633,-1.952116363632007e-11,0.0002220228638660633,-2.263254761940456e-11
0.0002320228638660633,0.05359542722678734,0.0002320228638660633,-5.178013141334666e-11,0.0002320228638660633,-3.518586464839354e-11,0.0002320228638660633,-3.036458785978433e-11,0.0002320228638660633,-2.737069611612672e-11,0.0002320228638660633,-2.437068468960587e-11,0.0002320228638660633,-8.206505327491424e-12,0.0002320228638660633,-1.15192290539331e-11,0.0002320228638660633,-1.473564594097252e-11,0.0002320228638660633,-1.836999414164645e-11,0.0002320228638660633,-2.139940085547098e-11
0.0002420228638660633,0.05159542722678734,0.0002420228638660633,-4.956498889356743e-11,0.0002420228638660633,-3.338432513383278e-11,0.0002420228638660633,-2.884004799136157e-11,0.0002420228638660633,-2.598070314654569e-11,0.0002420228638660633,-2.307952593603837e-11,0.0002420228638660633,-7.343197411389942e-12,0.0002420228638660633,-1.0570792946816e-11,0.0002420228638660633,-1.370405479746338e-11,0.0002420228638660633,-1.724447164947933e-11,0.0002420228638660633,-2.019316460549109e-11
0.0002520228638660633,0.04959542722678734,0.0002520228638660633,-4.735893508374027e-11,0.0002520228638660633,-3.160783366100755e-11,0.0002520228638660633,-2.734386532565347e-11,0.0002520228638660633,-2.461939726452105e-11,0.0002520228638660633,-2.181650300922522e-11,0.0002520228638660633,-6.499587418476696e-12,0.0002520228638660633,-9.644321111952199e-12,0.0002520228638660633,-1.269638228638081e-11,0.0002520228638660633,-1.61447407898871e-11,0.0002520228638660633,-1.901404587060254e-11
0.0002620228638660634,0.04759542722678733,0.0002620228638660634,-4.516427191053994e-11,0.0002620228638660634,-2.98572904311232e-11,0.0002620228638660634,-2.587642769750678e-11,0.0002620228638660634,-2.328702615097261e-11,0.0002620228638660634,-2.058178065623589e-11,0.0002620228638660634,-5.67554040464399e-12,0.0002620228638660634,-8.739727312500426e-12,0.0002620228638660634,-1.171259962120092e-11,0.0002620228638660634,-1.507084572182076e-11,0.0002620228638660634,-1.786214660066031e-11
0.0002720228638660634,0.04559542722678733,0.0002720228638660634,-4.298321720660142e-11,0.0002720228638660634,-2.81334799142147e-11,0.0002720228638660634,-2.44380059301951e-11,0.0002720228638660634,-2.198372630957937e-11,0.0002720228638660634,-1.937541790337359e-11,0.0002720228638660634,-4.870851813486471e-12,0.0002720228638660634,-7.856844416955406e-12,0.0002720228638660634,-1.075258892641003e-11,0.0002720228638660634,-1.402273449107849e-11,0.0002720228638660634,-1.673746781374508e-11
0.0002820228638660634,0.04359542722678732,0.0002820228638660634,-4.08179006020395e-11,0.0002820228638660634,-2.643707373445852e-11,0.0002820228638660634,-2.302875768581226e-11,0.0002820228638660634,-2.070952719831419e-11,0.0002820228638660634,-1.819737237572237e-11,0.0002820228638660634,-4.085253600753002e-12,0.0002820228638660634,-6.995430127856661e-12,0.0002820228638660634,-9.816148456610649e-12,0.0002820228638660634,-1.30002637917757e-11,0.0002820228638660634,-1.563991410299718e-11
0.0002920228638660634,0.04159542722678732,0.0002920228638660634,-3.867036124942417e-11,0.0002920228638660634,-2.47686337885244e-11,0.0002920228638660634,-2.164873161357647e-11,0.0002920228638660634,-1.946435566150238e-11,0.0002920228638660634,-1.704750491590032e-11,0.0002920228638660634,-3.318420502767663e-12,0.0002920228638660634,-6.155173023634818e-12,0.0002920228638660634,-8.902998168254613e-12,0.0002920228638660634,-1.200320405266533e-11,0.0002920228638660634,-1.456929845486432e-11
0.0003020228638660635,0.03959542722678731,0.0003020228638660635,-3.654254707714756e-11,0.0003020228638660635,-2.312861535460977e-11,0.0003020228638660635,-2.02978717022959e-11,0.0003020228638660635,-1.824804059102578e-11,0.0003020228638660635,-1.592558443520581e-11,0.0003020228638660635,-2.569976323147997e-12,0.0003020228638660635,-5.335698789802869e-12,0.0003020228638660635,-8.012785570225355e-12,0.0003020228638660635,-1.103124479710944e-11,0.0003020228638660635,-1.352534730686099e-11
0.0003120228638660635,0.03759542722678731,0.0003120228638660635,-3.443631536696804e-11,0.0003120228638660635,-2.151736996525791e-11,0.0003120228638660635,-1.897602175503857e-11,0.0003120228638660635,-1.706031775342123e-11,0.0003120228638660635,-1.483129294337529e-11,0.0003120228638660635,-1.83950013325823e-12,0.0003120228638660635,-4.536576537418293e-12,0.0003120228638660635,-7.145091765594889e-12,0.0003120228638660635,-1.00840002327224e-11,0.0003120228638660635,-1.250770581116359e-11
0.0003220228638660635,0.0355954272267873,0.0003220228638660635,-3.235343433637367e-11,0.0003220228638660635,-1.993514782944865e-11,0.0003220228638660635,-1.768292991931604e-11,0.0003220228638660635,-1.590083473659604e-11,0.0003220228638660635,-1.376423072487936e-11,0.0003220228638660635,-1.12653230135671e-12,0.0003220228638660635,-3.75732511656886e-12,0.0003220228638660635,-6.299437604950901e-12,0.0003220228638660635,-9.161015022358558e-12,0.0003220228638660635,-1.151594327742572e-11
0.0003320228638660635,0.03359542722678729,0.0003320228638660635,-3.029558525100293e-11,0.0003320228638660635,-1.838209958045082e-11,0.0003320228638660635,-1.641825320984232e-11,0.0003320228638660635,-1.476915598796671e-11,0.0003320228638660635,-1.27239216504116e-11,0.0003320228638660635,-4.305801605499545e-13,0.0003320228638660635,-2.997419335586314e-12,0.0003320228638660635,-5.475289875984131e-12,0.0003320228638660635,-8.261770163771609e-12,0.0003320228638660635,-1.05495587564459e-11
0.0003420228638660636,0.03159542722678729,0.0003420228638660636,-2.826436452835696e-11,0.0003420228638660636,-1.685827716181876e-11,0.0003420228638660636,-1.51815619974478e-11,0.0003420228638660636,-1.366476793399553e-11,0.0003420228638660636,-1.170981858812548e-11,0.0003420228638660636,2.488766346834861e-13,0.0003420228638660636,-2.256295988651943e-12,0.0003420228638660636,-4.672067460689983e-12,0.0003420228638660636,-7.385688926111167e-12,0.0003420228638660636,-9.607986708819714e-12
0.0003520228638660636,0.02959542722678728,0.0003520228638660636,-2.626128520814284e-11,0.0003520228638660636,-1.536363368074972e-11,0.0003520228638660636,-1.397234446289761e-11,0.0003520228638660636,-1.258708416397434e-11,0.0003520228638660636,-1.072130887645982e-11,0.0003520228638660636,9.139684486771491e-13,0.0003520228638660636,-1.533359674198237e-12,0.0003520228638660636,-3.889147389450485e-12,0.0003520228638660636,-6.532142789020009e-12,0.0003520228638660636,-8.690602716320875e-12
0.0003620228638660636,0.02759542722678729,0.0003620228638660636,-2.428777706948181e-11,0.0003620228638660636,-1.389802216156901e-11,0.0003620228638660636,-1.279001100698688e-11,0.0003620228638660636,-1.153545063984458e-11,0.0003620228638660636,-9.757719819149214e-12,0.0003620228638660636,1.569401221256038e-12,0.0003620228638660636,-8.279882208960756e-13,0.0003620228638660636,-3.125870723281067e-12,0.0003620228638660636,-5.700457335422439e-12,0.0003620228638660636,-7.796729195419682e-12
0.0003720228638660637,0.02559542722678727,0.0003720228638660637,-2.234518459061861e-11,0.0003720228638660637,-1.246119324836485e-11,0.0003720228638660637,-1.163389858968867e-11,0.0003720228638660637,-1.050915090688757e-11,0.0003720228638660637,-8.818324179466873e-12,0.0003720228638660637,2.216686048530735e-12,0.0003720228638660637,-1.395377368412806e-13,0.0003720228638660637,-2.381548189153986e-12,0.0003720228638660637,-4.889918048690565e-12,0.0003720228638660637,-6.925641081972597e-12
0.0003820228638660637,0.02359542722678727,0.0003820228638660637,-2.043476189277012e-11,0.0003820228638660637,-1.105279192014173e-11,0.0003820228638660637,-1.050327499726278e-11,0.0003820228638660637,-9.507411295760806e-12,0.0003820228638660637,-7.902345651868835e-12,0.0003820228638660637,2.856340800661542e-12,0.0003820228638660637,5.327236007212294e-13,0.0003820228638660637,-1.655465550620662e-12,0.0003820228638660637,-4.099775957609356e-12,0.0003820228638660637,-6.076571446805839e-12
0.0003920228638660637,0.02159542722678726,0.0003920228638660637,-1.855766380043371e-11,0.0003920228638660637,-9.672353387633933e-12,0.0003920228638660637,-9.397343063735622e-12,0.0003920228638660637,-8.529406109825327e-12,0.0003920228638660637,-7.008964288848051e-12,0.0003920228638660637,3.488543821322243e-12,0.0003920228638660637,1.193238208416911e-12,0.0003920228638660637,-9.468886082772937e-13,0.0003920228638660637,-3.329253083102892e-12,0.0003920228638660637,-5.248717006961724e-12
0.0004020228638660637,0.01959542722678725,0.0004020228638660637,-1.671493221887402e-11,0.0004020228638660637,-8.319298522729006e-12,0.0004020228638660637,-8.315244888780163e-12,0.0004020228638660637,-7.57426279432477e-12,0.0004020228638660637,-6.137321856005714e-12,0.0004020228638660637,4.113444762030792e-12,0.0004020228638660637,1.845202659733816e-12,0.0004020228638660637,-2.550677795562025e-13,0.0004020228638660637,-2.5775476277273e-12,0.0004020228638660637,-4.441243487271639e-12
0.0004120228638660638,0.01759542722678724,0.0004120228638660638,-1.490747716032021e-11,0.0004120228638660638,-6.992929346508554e-12,0.0004120228638660638,-7.256066106417891e-12,0.0004120228638660638,-6.641067079086336e-12,0.0004120228638660638,-5.286527087080056e-12,0.0004120228638660638,4.731228427677923e-12,0.0004120228638660638,2.489797397866096e-12,0.0004120228638660638,4.207397272949511e-13,0.0004120228638660638,-1.843838880831931e-12,0.0004120228638660638,-3.653290797722508e-12
0.0004220228638660638,0.01559542722678725,0.0004220228638660638,-1.313605211693301e-11,0.0004220228638660638,-5.69242528182888e-12,0.0004220228638660638,-6.218840256926429e-12,0.0004220228638660638,-5.728868085485919e-12,0.0004220228638660638,-4.455660811576108e-12,0.0004220228638660638,5.342119292569336e-12,0.0004220228638660638,3.127435882008592e-12,0.0004220228638660638,1.084343159994499e-12,0.0004220228638660638,-1.127291821931971e-12,0.0004220228638660638,-2.88397798410629e-12
0.0004320228638660638,0.01359542722678725,0.0004320228638660638,-1.140122415442719e-11,0.0004320228638660638,-4.416840983699037e-12,0.0004320228638660638,-5.202553327836104e-12,0.0004320228638660638,-4.836683389102824e-12,0.0004320228638660638,-3.643780923017588e-12,0.0004320228638660638,5.946375730606004e-12,0.0004320228638660638,3.758395928774657e-12,0.0004320228638660638,1.739777777203354e-12,0.0004320228638660638,-4.270612807850261e-13,0.0004320228638660638,-2.132407901914691e-12
0.0004420228638660638,0.01159542722678723,0.0004420228638660638,-9.703339818810137e-12,0.0004420228638660638,-3.165106653212412e-12,0.0004420228638660638,-4.20614852113725e-12,0.0004420228638660638,-3.963504020062961e-12,0.0004420228638660638,-2.849927158280686e-12,0.0004420228638660638,6.5442869682188e-12,0.0004420228638660638,4.382962963978184e-12,0.0004420228638660638,2.388563777777543e-12,0.0004420228638660638,2.577042242327541e-13,0.0004420228638660638,-1.397671663172807e-12
0.0004520228638660639,0.009595427226787231,0.0004520228638660639,-8.042488695532201e-12,0.0004520228638660639,-1.936031708058124e-12,0.0004520228638660639,-3.228531306255263e-12,0.0004520228638660639,-3.108299390414789e-12,0.0004520228638660639,-2.073125643355186e-12,0.0004520228638660639,7.136172818621844e-12,0.0004520228638660639,5.001460144088877e-12,0.0004520228638660639,3.031276982179087e-12,0.0004520228638660639,9.296125187305578e-13,0.0004520228638660639,-6.788526720184101e-13
0.0004620228638660639,0.007595427226787216,0.0004620228638660639,-6.418467485370212e-12,0.0004620228638660639,-7.283126426691381e-13,0.0004620228638660639,-2.268574790027718e-12,0.0004620228638660639,-2.270022110141938e-12,0.0004620228638660639,-1.31239326602633e-12,0.0004620228638660639,7.722384376826186e-12,0.0004620228638660639,5.614245410360846e-12,0.0004620228638660639,3.668314032193793e-12,0.0004620228638660639,1.593976553660204e-12,0.0004620228638660639,2.496963703559972e-14
0.0004720228638660639,0.005595427226787228,0.0004720228638660639,-4.830748607976681e-12,0.0004720228638660639,4.594543141408877e-13,0.0004720228638660639,-1.325125471393281e-12,0.0004720228638660639,-1.447612731819907e-12,0.0004720228638660639,-5.667416802710516e-13,0.0004720228638660639,8.303304676629674e-12,0.0004720228638660639,6.221706332311095e-12,0.0004720228638660639,4.300065628051846e-12,0.0004720228638660639,2.252693822689858e-12,0.0004720228638660639,7.152701931561485e-13
0.0004820228638660639,0.003595427226787212,0.0004820228638660639,-3.278458139437618e-12,0.0004820228638660639,1.635548900114002e-12,0.0004820228638660639,-3.970094108620566e-13,0.0004820228638660639,-6.400043385733413e-13,0.0004820228638660639,1.648189273918298e-13,0.0004820228638660639,8.879349021363456e-12,0.0004820228638660639,6.824258288560753e-12,0.0004820228638660639,4.926957918292422e-12,0.0004820228638660639,2.906635933363095e-12,0.0004820228638660639,1.397975923679674e-12
0.0004920228638660639,0.001595427226787224,0.0004920228638660639,-1.760368069067915e-12,0.0004920228638660639,2.819072023307038e-12,0.0004920228638660639,5.169334857729274e-13,0.0004920228638660639,1.538730846681688e-13,0.0004920228638660639,8.846195565871654e-13,0.0004920228638660639,9.450964956829943e-12,0.0004920228638660639,7.422344616184184e-12,0.0004920228638660639,5.549450912910319e-12,0.0004920228638660639,3.556334667236371e-12,0.0004920228638660639,2.076000820362196e-12
0.0005020228638660639,-0.0004045727732127913,0.0005020228638660639,-2.749073140159981e-13,0.0005020228638660639,4.016722858829513e-12,0.0005020228638660639,1.423692037384532e-12,0.0005020228638660639,9.365551053300819e-13,0.0005020228638660639,1.599341326329011e-12,0.0005020228638660639,1.001863203668131e-11,0.0005020228638660639,8.0164372235208e-12,0.0005020228638660639,6.168032556497704e-12,0.0005020228638660639,4.202292862116725e-12,0.0005020228638660639,2.750628815083425e-12
0.000512022863866064,-0.002404572773212793,0.000512022863866064,1.180437832890802e-12,0.000512022863866064,5.231368248983709e-12,0.000512022863866064,2.332536453762442e-12,0.000512022863866064,1.716122301420988e-12,0.000512022863866064,2.311664069900294e-12,0.000512022863866064,1.058286129284191e-11,0.000512022863866064,8.607037038013934e-12,0.000512022863866064,6.783216236508069e-12,0.000512022863866064,4.845043810536699e-12,0.000512022863866064,3.422549363377748e-12
0.000522022863866064,-0.004404572773212795,0.000522022863866064,2.633317616180024e-12,0.000522022863866064,6.464768037701722e-12,0.000522022863866064,3.246872748408224e-12,0.000522022863866064,2.49593573480099e-12,0.000522022863866064,3.022852290918357e-12,0.000522022863866064,1.114419447562709e-11,0.000522022863866064,9.194674153399365e-12,0.000522022863866064,7.395540645186574e-12,0.000522022863866064,5.485153977280888e-12,0.000522022863866064,4.092369650197367e-12
0.000532022863866064,-0.006404572773212797,0.000532022863866064,4.104835555953615e-12,0.000532022863866064,7.718482856507328e-12,0.000532022863866064,4.168224504471577e-12,0.000532022863866064,3.277549610475484e-12,0.000532022863866064,3.733679901597516e-12,0.000532022863866064,1.170320320719329e-11,0.000532022863866064,9.779907705234489e-12,0.000532022863866064,8.005570331478179e-12,0.000532022863866064,6.123216614848627e-12,0.000532022863866064,4.760714392628929e-12
0.000542022863866064,-0.008404572773212798,0.000542022863866064,5.602377312372962e-12,0.000542022863866064,8.994005911195882e-12,0.000542022863866064,5.097722186523468e-12,0.000542022863866064,4.061902605932858e-12,0.000542022863866064,4.444864643739559e-12,0.000542022863866064,1.226048800063424e-11,0.000542022863866064,1.036332562965605e-11,0.000542022863866064,8.61389618414414e-12,0.000542022863866064,6.759848336954264e-12,0.000542022863866064,5.428240536042542e-12
0.0005520228638660641,-0.01040457277321281,0.0005520228638660641,7.129078181703975e-12,0.0005520228638660641,1.029273839437367e-11,0.0005520228638660641,6.036451895863657e-12,0.0005520228638660641,4.849855707276734e-12,0.0005520228638660641,5.157148638994503e-12,0.0005520228638660641,1.281667719099221e-11,0.0005520228638660641,1.094554406729727e-11,0.0005520228638660641,9.221135658164644e-12,0.0005520228638660641,7.395688539904384e-12,0.0005520228638660641,6.095631899199114e-12
0.0005620228638660641,-0.01240457277321282,0.0005620228638660641,8.687156598080894e-12,0.0005620228638660641,1.161595905262293e-11,0.0005620228638660641,6.985521726552397e-12,0.0005620228638660641,5.642291815120767e-12,0.0005620228638660641,5.871305136301886e-12,0.0005620228638660641,1.337242581678418e-11,0.0005620228638660641,1.152720673550405e-11,0.0005620228638660641,9.827932755756673e-12,0.0005620228638660641,8.031399875652484e-12,0.0005620228638660641,6.763594608081026e-12
0.0005720228638660641,-0.01440457277321283,0.0005720228638660641,1.027846874728087e-11,0.0005720228638660641,1.296481411909173e-11,0.0005720228638660641,7.946052225145995e-12,0.0005720228638660641,6.440123422992764e-12,0.0005720228638660641,6.58813145585817e-12,0.0005720228638660641,1.392841447523675e-11,0.0005720228638660641,1.210898418115928e-11,0.0005720228638660641,1.043495792943837e-11,0.0005720228638660641,8.667668806916573e-12,0.0005720228638660641,7.432855770464239e-12
0.0005820228638660642,-0.01640457277321282,0.0005820228638660642,1.190451314154892e-11,0.0005820228638660642,1.434031967946876e-11,0.0005820228638660642,8.919162457507756e-12,0.0005820228638660642,7.244283475432169e-12,0.0005820228638660642,7.30844459688694e-12,0.0005820228638660642,1.448534817715717e-11,0.0005820228638660642,1.269157294128646e-11,0.0005820228638660642,1.104290762861161e-11,0.0005820228638660642,9.305205952497295e-12,0.0005820228638660642,8.104163746111877e-12
0.0005920228638660642,-0.01840457277321284,0.0005920228638660642,1.35663793409115e-11,0.0005920228638660642,1.574336996365502e-11,0.0005920228638660642,9.905963929837811e-12,0.0005920228638660642,8.055719672641436e-12,0.0005920228638660642,8.033080245518487e-12,0.0005920228638660642,1.504395521940678e-11,0.0005920228638660642,1.327569464503588e-11,0.0005920228638660642,1.165250383895481e-11,0.0005920228638660642,9.944746220817965e-12,0.0005920228638660642,8.778288758970596e-12
0.0006020228638660642,-0.02040457277321284,0.0006020228638660642,1.526474019252828e-11,0.0006020228638660642,1.717474666601147e-11,0.0006020228638660642,1.090755965661924e-11,0.0006020228638660642,8.875393027467795e-12,0.0006020228638660642,8.762893203127082e-12,0.0006020228638660642,1.56049860862132e-11,0.0006020228638660642,1.386209508119075e-11,0.0006020228638660642,1.226449350742643e-11,0.0006020228638660642,1.058704886263252e-11,0.0006020228638660642,9.456023359124493e-12
0.0006120228638660642,-0.02240457277321284,0.0006120228638660642,1.699988261057249e-11,0.0006120228638660642,1.863512781375424e-11,0.0006120228638660642,1.192504485822911e-11,0.0006120228638660642,9.70427814872585e-12,0.0006120228638660642,9.498758006600636e-12,0.0006120228638660642,1.616921239326439e-11,0.0006120228638660642,1.445154324643633e-11,0.0006120228638660642,1.287964786949261e-11,0.0006120228638660642,1.123289715322274e-11,0.0006120228638660642,1.013818270918488e-11
0.0006220228638660643,-0.02440457277321285,0.0006220228638660643,1.877175514424292e-11,0.0006220228638660643,2.012509551211808e-11,0.0006220228638660643,1.295950724228575e-11,0.0006220228638660643,1.054336389010423e-11,0.0006220228638660643,1.024156939739181e-11,0.0006220228638660643,1.673742587783362e-11,0.0006220228638660643,1.504483039261991e-11,0.0006220228638660643,1.349876171007432e-11,0.0006220228638660643,1.188309808639433e-11,0.0006220228638660643,1.082560472609551e-11
0.0006320228638660643,-0.02640457277321284,0.0006320228638660643,2.058001962654092e-11,0.0006320228638660643,2.16451421587194e-11,0.0006320228638660643,1.401202720958366e-11,0.0006320228638660643,1.139365377135602e-11,0.0006320228638660643,1.099224262378965e-11,0.0006320228638660643,1.731043743835659e-11,0.0006320228638660643,1.564276908010876e-11,0.0006320228638660643,1.412265256989074e-11,0.0006320228638660643,1.253848192359073e-11,0.0006320228638660643,1.151914983402397e-11
0.0006420228638660643,-0.02840457277321287,0.0006420228638660643,2.242410070477843e-11,0.0006420228638660643,2.319567488873226e-11,0.0006420228638660643,1.508367741871857e-11,0.0006420228638660643,1.225616576769527e-11,0.0006420228638660643,1.175171322759968e-11,0.0006420228638660643,1.788907622260047e-11,0.0006420228638660643,1.62461922412695e-11,0.0006420228638660643,1.47521599136001e-11,0.0006420228638660643,1.319990162551415e-11,0.0006420228638660643,1.221970071397407e-11
0.0006520228638660643,-0.03040457277321287,0.0006520228638660643,2.43032302216633e-11,0.0006520228638660643,2.477701817475014e-11,0.0006520228638660643,1.617552171946117e-11,0.0006520228638660643,1.313193197267129e-11,0.0006520228638660643,1.252093679291915e-11,0.0006520228638660643,1.847418876119549e-11,0.0006520228638660643,1.68559522621057e-11,0.0006520228638660643,1.538814426282178e-11,0.0006520228638660643,1.386823217997179e-11,0.0006520228638660643,1.292816185833918e-11
0.0006620228638660644,-0.03240457277321285,0.0006620228638660644,2.621648503195874e-11,0.0006620228638660644,2.638941465338417e-11,0.0006620228638660644,1.728861341914542e-11,0.0006620228638660644,1.402199782944649e-11,0.0006620228638660644,1.330088841237069e-11,0.0006620228638660644,1.906663813876692e-11,0.0006620228638660644,1.747292007381175e-11,0.0006620228638660644,1.603148630036917e-11,0.0006620228638660644,1.454436983792498e-11,0.0006620228638660644,1.364545895145316e-11
0.0006720228638660644,-0.03440457277321288,0.0006720228638660644,2.816281782394764e-11,0.0006720228638660644,2.803302437267442e-11,0.0006720228638660644,1.842399285703085e-11,0.0006720228638660644,1.492742095413864e-11,0.0006720228638660644,1.409256189852452e-11,0.0006720228638660644,1.966730319568593e-11,0.0006720228638660644,1.809798425511976e-11,0.0006720228638660644,1.668308594499854e-11,0.0006720228638660644,1.522923125681459e-11,0.0006720228638660644,1.437253809433679e-11
0.0006820228638660644,-0.03640457277321288,0.0006820228638660644,3.014108109308549e-11,0.0006820228638660644,2.970792277392796e-11,0.0006820228638660644,1.95826842608574e-11,0.0006820228638660644,1.584926954466944e-11,0.0006820228638660644,1.48969687327405e-11,0.0006820228638660644,2.0277077748647e-11,0.0006820228638660644,1.873205013480858e-11,0.0006820228638660644,1.734386139362981e-11,0.0006820228638660644,1.592375255648986e-11,0.0006820228638660644,1.511036486841539e-11
0.0006920228638660644,-0.03840457277321291,0.0006920228638660644,3.215004488167605e-11,0.0006920228638660644,3.141409765987036e-11,0.0006920228638660644,2.076569189750424e-11,0.0006920228638660644,1.678862036296661e-11,0.0006920228638660644,1.571513675722022e-11,0.0006920228638660644,2.08968698160531e-11,0.0006920228638660644,1.937603888569951e-11,0.0006920228638660644,1.801474812299253e-11,0.0006920228638660644,1.662888828065999e-11,0.0006920228638660644,1.585992323810489e-11
0.0007020228638660645,-0.04040457277321288,0.0007020228638660645,3.41884091104535e-11,0.0007020228638660645,3.31514453652097e-11,0.0007020228638660645,2.197399553596361e-11,0.0007020228638660645,1.774655628125834e-11,0.0007020228638660645,1.654810859525418e-11,0.0007020228638660645,2.152760083567809e-11,0.0007020228638660645,2.003088659607328e-11,0.0007020228638660645,1.869669784307695e-11,0.0007020228638660645,1.734561025887889e-11,0.0007020228638660645,1.662221428540748e-11
0.0007120228638660645,-0.04240457277321288,0.0007120228638660645,3.625481184234173e-11,0.0007120228638660645,3.491976630706662e-11,0.0007120228638660645,2.320854528377511e-11,0.0007120228638660645,1.872416338123359e-11,0.0007120228638660645,1.739693979318882e-11,0.0007120228638660645,2.217020485614073e-11,0.0007120228638660645,2.069754330489618e-11,0.0007120228638660645,1.939067738739845e-11,0.0007120228638660645,1.807490635971271e-11,0.0007120228638660645,1.739825476603806e-11
0.0007220228638660645,-0.04440457277321291,0.0007220228638660645,3.834783445364343e-11,0.0007220228638660645,3.67187608888289e-11,0.0007220228638660645,2.447025587426484e-11,0.0007220228638660645,1.972252760425344e-11,0.0007220228638660645,1.82626966693367e-11,0.0007220228638660645,2.282562768487557e-11,0.0007220228638660645,2.137697198273357e-11,0.0007220228638660645,2.0097667525904e-11,0.0007220228638660645,1.881777912032654e-11,0.0007220228638660645,1.818907548129461e-11
0.0007320228638660645,-0.04640457277321289,0.0007320228638660645,4.046600335722273e-11,0.0007320228638660645,3.854802451906828e-11,0.0007320228638660645,2.576000045535872e-11,0.0007320228638660645,2.074273095857909e-11,0.0007320228638660645,1.914645386081362e-11,0.0007320228638660645,2.349482597268884e-11,0.0007320228638660645,2.207014743886232e-11,0.0007320228638660645,2.081866168125074e-11,0.0007320228638660645,1.957524423910988e-11,0.0007320228638660645,1.899571944121425e-11
0.0007420228638660646,-0.04840457277321292,0.0007420228638660646,4.260779115846698e-11,0.0007420228638660646,4.040704343513868e-11,0.0007420228638660646,2.707860392094506e-11,0.0007420228638660646,2.178584730411571e-11,0.0007420228638660646,2.004929155721006e-11,0.0007420228638660646,2.417876621268625e-11,0.0007420228638660646,2.277805513382656e-11,0.0007420228638660646,2.155466452920973e-11,0.0007420228638660646,2.034832890851725e-11,0.0007420228638660646,1.981923981036286e-11
0.0007520228638660646,-0.05040457277321292,0.0007520228638660646,4.477161648249196e-11,0.0007520228638660646,4.229519096394927e-11,0.0007520228638660646,2.842683587864817e-11,0.0007520228638660646,2.28529377130773e-11,0.0007520228638660646,2.097229242062054e-11,0.0007520228638660646,2.487842363107018e-11,0.0007520228638660646,2.350168987350641e-11,0.0007520228638660646,2.230669045941525e-11,0.0007520228638660646,2.113806997238776e-11,0.0007520228638660646,2.066069762051526e-11
0.0007620228638660646,-0.05240457277321295,0.0007620228638660646,4.695584283358562e-11,0.0007620228638660646,4.421172435824338e-11,0.0007620228638660646,2.980540334671029e-11,0.0007620228638660646,2.394504540211914e-11,0.0007620228638660646,2.191653818212135e-11,0.0007620228638660646,2.559478094993882e-11,0.0007620228638660646,2.42420543678981e-11,0.0007620228638660646,2.307576188360996e-11,0.0007620228638660646,2.194551189746662e-11,0.0007620228638660646,2.152115924239086e-11
0.0007720228638660646,-0.05440457277321292,0.0007720228638660646,4.91587777724214e-11,0.0007720228638660646,4.615578199689e-11,0.0007720228638660646,3.121494328120226e-11,0.0007720228638660646,2.506319024937435e-11,0.0007720228638660646,2.288310588720434e-11,0.0007720228638660646,2.632882700676306e-11,0.0007720228638660646,2.500015763689366e-11,0.0007720228638660646,2.386290737063393e-11,0.0007720228638660646,2.277170453432645e-11,0.0007720228638660646,2.240169359189257e-11
0.0007820228638660647,-0.05640457277321292,0.0007820228638660647,5.1378672564619e-11,0.0007820228638660647,4.812638165714833e-11,0.0007820228638660647,3.265601502803353e-11,0.0007820228638660647,2.620836292804601e-11,0.0007820228638660647,2.387306378247907e-11,0.0007820228638660647,2.708155520282076e-11,0.0007820228638660647,2.577701323426299e-11,0.0007820228638660647,2.466915957999176e-11,0.0007820228638660647,2.361770064163561e-11,0.0007820228638660647,2.330336904352198e-11
0.0007920228638660647,-0.05840457277321295,0.0007920228638660647,5.361372218974408e-11,0.0007920228638660647,5.012241986658161e-11,0.0007920228638660647,3.41290927147301e-11,0.0007920228638660647,2.738151868736221e-11,0.0007920228638660647,2.488746684040067e-11,0.0007920228638660647,2.785396174932062e-11,0.0007920228638660647,2.65736372586782e-11,0.0007920228638660647,2.549555296162218e-11,0.0007920228638660647,2.448455314428277e-11,0.0007920228638660647,2.422725003244221e-11
0.0008020228638660647,-0.06040457277321296,0.0008020228638660647,5.586206606790373e-11,0.0008020228638660647,5.214267212032117e-11,0.0008020228638660647,3.563455809728106e-11,0.0008020228638660647,2.858357081697817e-11,0.0008020228638660647,2.592735192663838e-11,0.0008020228638660647,2.864704368621615e-11,0.0008020228638660647,2.739104612749103e-11,0.0008020228638660647,2.634312120231366e-11,0.0008020228638660647,2.537331210949238e-11,0.0008020228638660647,2.517439333723741e-11
0.0008120228638660648,-0.06240457277321296,0.0008120228638660648,5.812178903139912e-11,0.0008120228638660648,5.418579368977107e-11,0.0008120228638660648,3.717269285646656e-11,0.0008120228638660648,2.981538349210306e-11,0.0008120228638660648,2.699373229819533e-11,0.0008120228638660648,2.946179645039809e-11,0.0008120228638660648,2.823025386781058e-11,0.0008120228638660648,2.72128941488176e-11,0.0008120228638660648,2.628502114893153e-11,0.0008120228638660648,2.614584373767117e-11
0.0008220228638660648,-0.06440457277321296,0.0008220228638660648,6.039091723559456e-11,0.0008220228638660648,5.625031713000191e-11,0.0008220228638660648,3.874366757118618e-11,0.0008220228638660648,3.10777609887444e-11,0.0008220228638660648,2.808758862343284e-11,0.0008220228638660648,3.029920916875959e-11,0.0008220228638660648,2.909226688980798e-11,0.0008220228638660648,2.810589196669916e-11,0.0008220228638660648,2.722071077788893e-11,0.0008220228638660648,2.714262643463744e-11
0.0008320228638660648,-0.06640457277321296,0.0008320228638660648,6.266743185019921e-11,0.0008320228638660648,5.833466370093136e-11,0.0008320228638660648,4.034754219231353e-11,0.0008320228638660648,3.237144660346262e-11,0.0008320228638660648,2.920986869630252e-11,0.0008320228638660648,3.116026522461225e-11,0.0008320228638660648,2.997808472879831e-11,0.0008320228638660648,2.902312597849455e-11,0.0008320228638660648,2.81813992361176e-11,0.0008320228638660648,2.816574740503966e-11
0.0008420228638660648,-0.06840457277321296,0.0008420228638660648,6.494927499639897e-11,0.0008420228638660648,6.04371486633447e-11,0.0008420228638660648,4.198426085692724e-11,0.0008420228638660648,3.369711598068952e-11,0.0008420228638660648,3.036148199491505e-11,0.0008420228638660648,3.204593991565662e-11,0.0008420228638660648,3.088869743632285e-11,0.0008420228638660648,2.996559565689879e-11,0.0008420228638660648,2.916808891185372e-11,0.0008420228638660648,2.921618909438812e-11
0.0008520228638660649,-0.07040457277321296,0.0008520228638660649,6.723435199654948e-11,0.0008520228638660649,6.255598441437256e-11,0.0008520228638660649,4.365364458816992e-11,0.0008520228638660649,3.505536796186579e-11,0.0008520228638660649,3.154329149238348e-11,0.0008520228638660649,3.2957195974624e-11,0.0008520228638660649,3.182508068514464e-11,0.0008520228638660649,3.093428319247166e-11,0.0008520228638660649,3.018176019162538e-11,0.0008520228638660649,3.029490340537006e-11
0.0008620228638660649,-0.07240457277321299,0.0008620228638660649,6.952053590475691e-11,0.0008620228638660649,6.468928607984064e-11,0.0008620228638660649,4.535538571533261e-11,0.0008620228638660649,3.644671653066597e-11,0.0008620228638660649,3.275610625152551e-11,0.0008620228638660649,3.389497925325557e-11,0.0008620228638660649,3.278819111790063e-11,0.0008620228638660649,3.193014842465935e-11,0.0008620228638660649,3.122336580752424e-11,0.0008620228638660649,3.140280526390777e-11
0.0008720228638660649,-0.074404572773213,0.0008720228638660649,7.180550721722167e-11,0.0008720228638660649,6.683491671831045e-11,0.0008720228638660649,4.708891207640771e-11,0.0008720228638660649,3.787147537275118e-11,0.0008720228638660649,3.400058050964187e-11,0.0008720228638660649,3.486014148213855e-11,0.0008720228638660649,3.377888709975282e-11,0.0008720228638660649,3.295404681647226e-11,0.0008720228638660649,3.229374486363719e-11,0.0008720228638660649,3.254068095400445e-11
0.0008820228638660649,-0.07640457277321297,0.0008820228638660649,7.408680192567488e-11,0.0008820228638660649,6.899053107530731e-11,0.0008820228638660649,4.885340460673474e-11,0.0008820228638660649,3.932976472672306e-11,0.0008820228638660649,3.527721745165104e-11,0.0008820228638660649,3.585344193345334e-11,0.0008820228638660649,3.479793071757375e-11,0.0008820228638660649,3.400673160186589e-11,0.0008820228638660649,3.339362524067597e-11,0.0008820228638660649,3.370919064861036e-11
0.000892022863866065,-0.078404572773213,0.000892022863866065,7.636223096387189e-11,0.000892022863866065,7.115398638281192e-11,0.000892022863866065,5.064812272049984e-11,0.000892022863866065,4.082177297921236e-11,0.000892022863866065,3.658659523905529e-11,0.000892022863866065,3.687572445067689e-11,0.000892022863866065,3.584616841855594e-11,0.000892022863866065,3.508904020486293e-11,0.000892022863866065,3.45238179194585e-11,0.000892022863866065,3.490907453267027e-11
0.000902022863866065,-0.080404572773213,0.000902022863866065,7.862961316936484e-11,0.000902022863866065,7.332308830692142e-11,0.000902022863866065,5.247219399506229e-11,0.000902022863866065,4.234758043894061e-11,0.000902022863866065,3.792921303194883e-11,0.000902022863866065,3.792780076789998e-11,0.000902022863866065,3.692441102203431e-11,0.000902022863866065,3.620176922425163e-11,0.000902022863866065,3.568508555970223e-11,0.000902022863866065,3.614101290391099e-11
0.000912022863866065,-0.082404572773213,0.000912022863866065,8.088677539284929e-11,0.000912022863866065,7.549559200380838e-11,0.000912022863866065,5.432460691335117e-11,0.000912022863866065,4.390714788310421e-11,0.000912022863866065,3.930547889388525e-11,0.000912022863866065,3.901043944632539e-11,0.000912022863866065,3.803342262588319e-11,0.000912022863866065,3.73456633689822e-11,0.000912022863866065,3.687813114747148e-11,0.000912022863866065,3.740561430847993e-11
0.000922022863866065,-0.084404572773213,0.000922022863866065,8.313156461212508e-11,0.000922022863866065,7.766921665395908e-11,0.000922022863866065,5.620421545838385e-11,0.000922022863866065,4.550031446736773e-11,0.000922022863866065,4.071570593405443e-11,0.000922022863866065,4.012436224481942e-11,0.000922022863866065,3.917391687290514e-11,0.000922022863866065,3.852141160710999e-11,0.000922022863866065,3.810359403786602e-11,0.000922022863866065,3.870341139062336e-11
0.0009320228638660651,-0.08640457277321301,0.0009320228638660651,8.536185611638006e-11,0.0009320228638660651,7.984165639120145e-11,0.0009320228638660651,5.810974113416752e-11,0.0009320228638660651,4.712679323543796e-11,0.0009320228638660651,4.216010592172777e-11,0.0009320228638660651,4.127023837008926e-11,0.0009320228638660651,4.034655098828398e-11,0.0009320228638660651,3.972964095028923e-11,0.0009320228638660651,3.936204344625443e-11,0.0009320228638660651,4.003485419483795e-11
0.0009420228638660651,-0.08840457277321304,0.0009420228638660651,8.757556205211732e-11,0.0009420228638660651,8.201059175128177e-11,0.0009420228638660651,6.003977623161997e-11,0.0009420228638660651,4.878616744403435e-11,0.0009420228638660651,4.363878320678844e-11,0.0009420228638660651,4.244867847846638e-11,0.0009420228638660651,4.155191957111449e-11,0.0009420228638660651,4.097091003770608e-11,0.0009420228638660651,4.065397183430999e-11,0.0009420228638660651,4.140030353066796e-11
0.0009520228638660651,-0.09040457277321301,0.0009520228638660651,8.977063998229073e-11,0.0009520228638660651,8.417370138844791e-11,0.0009520228638660651,6.199278838292015e-11,0.0009520228638660651,5.047788782358451e-11,0.0009520228638660651,4.515172909789091e-11,0.0009520228638660651,4.366022854332589e-11,0.0009520228638660651,4.279054842802901e-11,0.0009520228638660651,4.224570284183305e-11,0.0009520228638660651,4.19797885064449e-11,0.0009520228638660651,4.280002474553238e-11
0.0009620228638660651,-0.09240457277321304,0.0009620228638660651,9.194510112235042e-11,0.0009620228638660651,8.632867370124123e-11,0.0009620228638660651,6.396712617320735e-11,0.0009620228638660651,5.220127073621704e-11,0.0009620228638660651,4.669881692504805e-11,0.0009620228638660651,4.490536369779232e-11,0.0009620228638660651,4.406288828841159e-11,0.0009620228638660651,4.355442236984403e-11,0.0009620228638660651,4.333981336052364e-11,0.0009620228638660651,4.423418164812881e-11
0.0009720228638660652,-0.09440457277321304,0.0009720228638660652,9.409701814448668e-11,0.0009720228638660652,8.84732182360747e-11,0.0009720228638660652,6.596102574267366e-11,0.0009720228638660652,5.395549723869659e-11,0.0009720228638660652,4.827979774156923e-11,0.0009720228638660652,4.618448213543568e-11,0.0009720228638660652,4.536930860891437e-11,0.0009720228638660652,4.489738441606304e-11,0.0009720228638660652,4.473427071229462e-11,0.0009720228638660652,4.570283081739775e-11
0.0009820228638660652,-0.09640457277321304,0.0009820228638660652,9.622453248808021e-11,0.0009820228638660652,9.060507675538592e-11,0.0009820228638660652,6.79726183416875e-11,0.0009820228638660652,5.573961309828261e-11,0.0009820228638660652,4.989429663030019e-11,0.0009820228638660652,4.749789904998236e-11,0.0009820228638660652,4.671009154296351e-11,0.0009820228638660652,4.627481158035488e-11,0.0009820228638660652,4.616328349433615e-11,0.0009820228638660652,4.720591644796643e-11
0.0009920228638660652,-0.09840457277321304,0.0009920228638660652,9.832586110530042e-11,0.0009920228638660652,9.272203386326843e-11,0.0009920228638660652,6.999993878436778e-11,0.0009920228638660652,5.755252979894817e-11,0.0009920228638660652,5.154180975151802e-11,0.0009920228638660652,4.884584070064658e-11,0.0009920228638660652,4.80854260575976e-11,0.0009920228638660652,4.768682754404853e-11,0.0009920228638660652,4.762686785705522e-11,0.0009920228638660652,4.87432656735327e-11
0.001,-0.1,0.001,9.998220100424819e-11,0.001,9.439862543536711e-11,0.001,7.162706471009157e-11,0.001,5.901855360879684e-11,0.001,5.287930163113594e-11,0.001,4.994595567012476e-11,0.001,4.92073841143726e-11,0.001,4.883802615913073e-11,0.001,4.881911407243655e-11,0.001,4.999400184600891e-11
